{"0": {"x": 0.6308174729347229, "y": 0.15631309151649475, "z": -0.3206467032432556, "vis": 0.9995057582855225}, "1": {"x": 0.6319005489349365, "y": 0.14308243989944458, "z": -0.3117680847644806, "vis": 0.9991171956062317}, "2": {"x": 0.632715106010437, "y": 0.142080157995224, "z": -0.31178244948387146, "vis": 0.9990424513816833}, "3": {"x": 0.6335439085960388, "y": 0.1409158706665039, "z": -0.31187042593955994, "vis": 0.9989776611328125}, "4": {"x": 0.6278409957885742, "y": 0.14208583533763885, "z": -0.32214343547821045, "vis": 0.9993355870246887}, "5": {"x": 0.6256139278411865, "y": 0.14052370190620422, "z": -0.3222089409828186, "vis": 0.99920254945755}, "6": {"x": 0.6229844093322754, "y": 0.13858288526535034, "z": -0.32225313782691956, "vis": 0.9992833733558655}, "7": {"x": 0.6306902170181274, "y": 0.13588814437389374, "z": -0.22529689967632294, "vis": 0.9984452128410339}, "8": {"x": 0.6128431558609009, "y": 0.13106262683868408, "z": -0.2714715600013733, "vis": 0.9993454813957214}, "9": {"x": 0.6297210454940796, "y": 0.16345375776290894, "z": -0.2839473485946655, "vis": 0.9990696310997009}, "10": {"x": 0.6240246891975403, "y": 0.1635495275259018, "z": -0.29736611247062683, "vis": 0.9995365142822266}, "11": {"x": 0.6421257257461548, "y": 0.17825283110141754, "z": -0.1296619325876236, "vis": 0.9997120499610901}, "12": {"x": 0.5804116725921631, "y": 0.16718019545078278, "z": -0.21488632261753082, "vis": 0.9999171495437622}, "13": {"x": 0.6354094743728638, "y": 0.28153979778289795, "z": -0.09709466993808746, "vis": 0.7646978497505188}, "14": {"x": 0.5478732585906982, "y": 0.25762438774108887, "z": -0.22646082937717438, "vis": 0.9927017688751221}, "15": {"x": 0.6146711111068726, "y": 0.338248074054718, "z": -0.18626080453395844, "vis": 0.5576382875442505}, "16": {"x": 0.5777196884155273, "y": 0.3255762755870819, "z": -0.2719012200832367, "vis": 0.9336437582969666}, "17": {"x": 0.6135382652282715, "y": 0.3675527572631836, "z": -0.2129572629928589, "vis": 0.46398842334747314}, "18": {"x": 0.5864818692207336, "y": 0.3563801348209381, "z": -0.2956969738006592, "vis": 0.8728390336036682}, "19": {"x": 0.6103759407997131, "y": 0.3614668548107147, "z": -0.231502965092659, "vis": 0.47270992398262024}, "20": {"x": 0.5929174423217773, "y": 0.35021236538887024, "z": -0.3037044107913971, "vis": 0.8661869168281555}, "21": {"x": 0.6095705032348633, "y": 0.34108686447143555, "z": -0.19654978811740875, "vis": 0.4551721513271332}, "22": {"x": 0.5902007222175598, "y": 0.33704379200935364, "z": -0.2744007408618927, "vis": 0.797484278678894}, "23": {"x": 0.6029587388038635, "y": 0.3306161165237427, "z": 0.02664932794868946, "vis": 0.9983134269714355}, "24": {"x": 0.5678665041923523, "y": 0.32532283663749695, "z": -0.026566827669739723, "vis": 0.9989742040634155}, "25": {"x": 0.667332649230957, "y": 0.3990327715873718, "z": -0.09840342402458191, "vis": 0.9787240028381348}, "26": {"x": 0.5124165415763855, "y": 0.43559861183166504, "z": -0.062453486025333405, "vis": 0.9862952828407288}, "27": {"x": 0.6485898494720459, "y": 0.5416132807731628, "z": -0.00261667394079268, "vis": 0.9710091352462769}, "28": {"x": 0.465229332447052, "y": 0.532451868057251, "z": 0.006247594952583313, "vis": 0.9882586002349854}, "29": {"x": 0.6396230459213257, "y": 0.564590573310852, "z": 0.003900290699675679, "vis": 0.9431135058403015}, "30": {"x": 0.4601351022720337, "y": 0.5464077591896057, "z": 0.009359548799693584, "vis": 0.7960737347602844}, "31": {"x": 0.6761002540588379, "y": 0.5680481791496277, "z": -0.058156076818704605, "vis": 0.9463985562324524}, "32": {"x": 0.4519551396369934, "y": 0.5748525857925415, "z": -0.08178498595952988, "vis": 0.9399741888046265}}