{"0": {"x": 0.6236722469329834, "y": 0.08799879997968674, "z": -0.2413928359746933, "vis": 0.9990884065628052}, "1": {"x": 0.6264050006866455, "y": 0.07952932268381119, "z": -0.24123601615428925, "vis": 0.9986188411712646}, "2": {"x": 0.6285083889961243, "y": 0.07867765426635742, "z": -0.24122223258018494, "vis": 0.9985252022743225}, "3": {"x": 0.6306053996086121, "y": 0.07940533757209778, "z": -0.24127216637134552, "vis": 0.9974945783615112}, "4": {"x": 0.6220818161964417, "y": 0.07886752486228943, "z": -0.24107502400875092, "vis": 0.9985538125038147}, "5": {"x": 0.6232017874717712, "y": 0.07519035041332245, "z": -0.24112218618392944, "vis": 0.9984108209609985}, "6": {"x": 0.6215671300888062, "y": 0.07432875782251358, "z": -0.2411215603351593, "vis": 0.9981060028076172}, "7": {"x": 0.6349742412567139, "y": 0.07374203950166702, "z": -0.20055435597896576, "vis": 0.9973057508468628}, "8": {"x": 0.6163017749786377, "y": 0.06567500531673431, "z": -0.20134565234184265, "vis": 0.9985673427581787}, "9": {"x": 0.625943124294281, "y": 0.09111268073320389, "z": -0.22248469293117523, "vis": 0.9984489679336548}, "10": {"x": 0.62068772315979, "y": 0.08863816410303116, "z": -0.2228555828332901, "vis": 0.9991496801376343}, "11": {"x": 0.6426489949226379, "y": 0.09001657366752625, "z": -0.15635798871517181, "vis": 0.9998642206192017}, "12": {"x": 0.6082461476325989, "y": 0.08874340355396271, "z": -0.1358104646205902, "vis": 0.9999164342880249}, "13": {"x": 0.6442273855209351, "y": 0.13525116443634033, "z": -0.1456046849489212, "vis": 0.7547946572303772}, "14": {"x": 0.6022995114326477, "y": 0.1313873529434204, "z": -0.11599888652563095, "vis": 0.653965950012207}, "15": {"x": 0.6274248361587524, "y": 0.1486469805240631, "z": -0.15069566667079926, "vis": 0.44957324862480164}, "16": {"x": 0.6074932813644409, "y": 0.1343104988336563, "z": -0.13165505230426788, "vis": 0.29151076078414917}, "17": {"x": 0.6237958669662476, "y": 0.1574888825416565, "z": -0.16102702915668488, "vis": 0.36653801798820496}, "18": {"x": 0.6086179614067078, "y": 0.137026846408844, "z": -0.14014427363872528, "vis": 0.20445960760116577}, "19": {"x": 0.619126558303833, "y": 0.14447559416294098, "z": -0.16296793520450592, "vis": 0.367378830909729}, "20": {"x": 0.609094500541687, "y": 0.13058096170425415, "z": -0.14397335052490234, "vis": 0.19550909101963043}, "21": {"x": 0.620894730091095, "y": 0.1410340815782547, "z": -0.15091876685619354, "vis": 0.27408817410469055}, "22": {"x": 0.6096628308296204, "y": 0.12960103154182434, "z": -0.13308033347129822, "vis": 0.1712222844362259}, "23": {"x": 0.64034503698349, "y": 0.16212138533592224, "z": -0.004190666135400534, "vis": 0.9992541670799255}, "24": {"x": 0.6211572289466858, "y": 0.16703267395496368, "z": 0.004294532351195812, "vis": 0.9994388222694397}, "25": {"x": 0.6445976495742798, "y": 0.19393377006053925, "z": -0.021935831755399704, "vis": 0.4262610971927643}, "26": {"x": 0.6132250428199768, "y": 0.19952629506587982, "z": -0.06407086551189423, "vis": 0.37519198656082153}, "27": {"x": 0.6546344757080078, "y": 0.24779409170150757, "z": 0.057390015572309494, "vis": 0.2987876236438751}, "28": {"x": 0.6250355839729309, "y": 0.25926119089126587, "z": 0.022483939304947853, "vis": 0.426586389541626}, "29": {"x": 0.6542765498161316, "y": 0.25828492641448975, "z": 0.06410807371139526, "vis": 0.5662739872932434}, "30": {"x": 0.6289238929748535, "y": 0.26935380697250366, "z": 0.029981067404150963, "vis": 0.3533954918384552}, "31": {"x": 0.661298394203186, "y": 0.26974621415138245, "z": 0.028230052441358566, "vis": 0.5766050219535828}, "32": {"x": 0.6233749985694885, "y": 0.2793307304382324, "z": -0.012756740674376488, "vis": 0.547629177570343}}