{"0": {"x": 0.5634926557540894, "y": 0.39519262313842773, "z": -0.1499297320842743, "vis": 0.9996463060379028}, "1": {"x": 0.5696934461593628, "y": 0.37299948930740356, "z": -0.13523143529891968, "vis": 0.999488115310669}, "2": {"x": 0.5728127956390381, "y": 0.37320026755332947, "z": -0.13528843224048615, "vis": 0.999345600605011}, "3": {"x": 0.5759276151657104, "y": 0.3738262355327606, "z": -0.13539466261863708, "vis": 0.9992724061012268}, "4": {"x": 0.5592952966690063, "y": 0.37478429079055786, "z": -0.13905145227909088, "vis": 0.9996620416641235}, "5": {"x": 0.5556878447532654, "y": 0.37570542097091675, "z": -0.13906416296958923, "vis": 0.9996846914291382}, "6": {"x": 0.5527012944221497, "y": 0.37682902812957764, "z": -0.13917651772499084, "vis": 0.9997724890708923}, "7": {"x": 0.5825657248497009, "y": 0.3842146694660187, "z": -0.04094201698899269, "vis": 0.9992237091064453}, "8": {"x": 0.5491102337837219, "y": 0.3881734609603882, "z": -0.05953795090317726, "vis": 0.9998922348022461}, "9": {"x": 0.5710897445678711, "y": 0.4144872725009918, "z": -0.11244978755712509, "vis": 0.9997871518135071}, "10": {"x": 0.5582470297813416, "y": 0.41649627685546875, "z": -0.11821117997169495, "vis": 0.9998949766159058}, "11": {"x": 0.6093682646751404, "y": 0.49953317642211914, "z": 0.03667778521776199, "vis": 0.9983646273612976}, "12": {"x": 0.524275004863739, "y": 0.49315446615219116, "z": -0.027046047151088715, "vis": 0.9997664093971252}, "13": {"x": 0.6229038238525391, "y": 0.6229654550552368, "z": 0.12481208890676498, "vis": 0.5716859698295593}, "14": {"x": 0.5028809309005737, "y": 0.6259355545043945, "z": -0.05140335112810135, "vis": 0.9941127896308899}, "15": {"x": 0.6301095485687256, "y": 0.6943801045417786, "z": 0.12369802594184875, "vis": 0.5241674780845642}, "16": {"x": 0.5508818030357361, "y": 0.6362594366073608, "z": -0.09979920089244843, "vis": 0.9757254123687744}, "17": {"x": 0.6314597725868225, "y": 0.7239851355552673, "z": 0.11684852093458176, "vis": 0.4380813539028168}, "18": {"x": 0.5703225135803223, "y": 0.6528475284576416, "z": -0.11682195216417313, "vis": 0.931792140007019}, "19": {"x": 0.6374595165252686, "y": 0.7223707437515259, "z": 0.10032157599925995, "vis": 0.4419059157371521}, "20": {"x": 0.5778313875198364, "y": 0.6414991021156311, "z": -0.11205726116895676, "vis": 0.926055908203125}, "21": {"x": 0.6333431601524353, "y": 0.7114914059638977, "z": 0.11762562394142151, "vis": 0.516997754573822}, "22": {"x": 0.5713613629341125, "y": 0.6267576813697815, "z": -0.09632579237222672, "vis": 0.9156901240348816}, "23": {"x": 0.6075410842895508, "y": 0.768916130065918, "z": 0.012978539802134037, "vis": 0.9993267059326172}, "24": {"x": 0.5535363554954529, "y": 0.778960645198822, "z": -0.012577254325151443, "vis": 0.9992399215698242}, "25": {"x": 0.6206427812576294, "y": 0.9927432537078857, "z": -0.046505920588970184, "vis": 0.3249519467353821}, "26": {"x": 0.55903559923172, "y": 1.0173165798187256, "z": -0.03942595794796944, "vis": 0.3911067545413971}, "27": {"x": 0.6198279857635498, "y": 1.151044249534607, "z": 0.18373852968215942, "vis": 0.016399279236793518}, "28": {"x": 0.5588316321372986, "y": 1.151142954826355, "z": 0.22707746922969818, "vis": 0.017413849011063576}, "29": {"x": 0.6181579828262329, "y": 1.1735754013061523, "z": 0.20291903614997864, "vis": 0.026370758190751076}, "30": {"x": 0.5596866607666016, "y": 1.1700290441513062, "z": 0.2522214651107788, "vis": 0.01667567901313305}, "31": {"x": 0.6228690147399902, "y": 1.2221581935882568, "z": 0.11663828045129776, "vis": 0.014908099547028542}, "32": {"x": 0.5629205107688904, "y": 1.213346004486084, "z": 0.16502214968204498, "vis": 0.01841524802148342}}