{"0": {"x": 0.6979021430015564, "y": 0.10255078226327896, "z": -0.22358796000480652, "vis": 0.999931812286377}, "1": {"x": 0.7038416266441345, "y": 0.08635187149047852, "z": -0.20993642508983612, "vis": 0.9998207688331604}, "2": {"x": 0.7072016596794128, "y": 0.08590614795684814, "z": -0.20992329716682434, "vis": 0.9997608065605164}, "3": {"x": 0.7105408906936646, "y": 0.08547252416610718, "z": -0.2099928855895996, "vis": 0.999769389629364}, "4": {"x": 0.694860577583313, "y": 0.08690547943115234, "z": -0.20835089683532715, "vis": 0.9998551607131958}, "5": {"x": 0.6919580698013306, "y": 0.08687648177146912, "z": -0.2083839774131775, "vis": 0.9998084902763367}, "6": {"x": 0.6892871856689453, "y": 0.08705630898475647, "z": -0.2083667367696762, "vis": 0.9998254179954529}, "7": {"x": 0.7155671715736389, "y": 0.08973410725593567, "z": -0.11981607228517532, "vis": 0.9996451139450073}, "8": {"x": 0.6883245706558228, "y": 0.09153291583061218, "z": -0.11290178447961807, "vis": 0.9997401833534241}, "9": {"x": 0.7040275931358337, "y": 0.11744848638772964, "z": -0.18917866051197052, "vis": 0.999717652797699}, "10": {"x": 0.6934359073638916, "y": 0.11830424517393112, "z": -0.1872805953025818, "vis": 0.999683141708374}, "11": {"x": 0.7400286793708801, "y": 0.14757230877876282, "z": -0.07092925906181335, "vis": 0.999586284160614}, "12": {"x": 0.6715515851974487, "y": 0.15768876671791077, "z": -0.06650234013795853, "vis": 0.9985430240631104}, "13": {"x": 0.7765178680419922, "y": 0.06335505843162537, "z": -0.08447904884815216, "vis": 0.9910968542098999}, "14": {"x": 0.6295713782310486, "y": 0.10278395563364029, "z": -0.13353413343429565, "vis": 0.9709410071372986}, "15": {"x": 0.7963398694992065, "y": 0.00024142861366271973, "z": -0.12611719965934753, "vis": 0.9624851942062378}, "16": {"x": 0.5984402894973755, "y": 0.04825717210769653, "z": -0.26024892926216125, "vis": 0.7847477197647095}, "17": {"x": 0.8000966906547546, "y": -0.026749014854431152, "z": -0.14499515295028687, "vis": 0.8833880424499512}, "18": {"x": 0.5887928605079651, "y": 0.030097009614109993, "z": -0.29322654008865356, "vis": 0.5492036938667297}, "19": {"x": 0.7945178747177124, "y": -0.02382102608680725, "z": -0.15786802768707275, "vis": 0.8868210315704346}, "20": {"x": 0.5885458588600159, "y": 0.0310534555464983, "z": -0.29931971430778503, "vis": 0.5493922829627991}, "21": {"x": 0.7926348447799683, "y": -0.0101412832736969, "z": -0.1362229734659195, "vis": 0.897847592830658}, "22": {"x": 0.5911149978637695, "y": 0.04180702567100525, "z": -0.2705526053905487, "vis": 0.5961426496505737}, "23": {"x": 0.7315397262573242, "y": 0.40425947308540344, "z": -0.00016627668810542673, "vis": 0.9998509883880615}, "24": {"x": 0.6865109205245972, "y": 0.4042658507823944, "z": 0.00013580852828454226, "vis": 0.9997442364692688}, "25": {"x": 0.7493959069252014, "y": 0.5674633979797363, "z": -0.021309038624167442, "vis": 0.9924742579460144}, "26": {"x": 0.6584010124206543, "y": 0.5542103052139282, "z": -0.028707822784781456, "vis": 0.9930546879768372}, "27": {"x": 0.7495867609977722, "y": 0.728418231010437, "z": 0.12334385514259338, "vis": 0.9864640235900879}, "28": {"x": 0.6527425050735474, "y": 0.6540959477424622, "z": 0.18944121897220612, "vis": 0.977780282497406}, "29": {"x": 0.7421107292175293, "y": 0.7547368407249451, "z": 0.13262970745563507, "vis": 0.8995603322982788}, "30": {"x": 0.6589008569717407, "y": 0.6609293222427368, "z": 0.2071332037448883, "vis": 0.8916251063346863}, "31": {"x": 0.7684769034385681, "y": 0.777492880821228, "z": 0.033213600516319275, "vis": 0.97580486536026}, "32": {"x": 0.6449085474014282, "y": 0.728564441204071, "z": 0.13268232345581055, "vis": 0.9635816216468811}}