{"0": {"x": 0.5058788061141968, "y": 0.8571516871452332, "z": -0.38100185990333557, "vis": 0.9997367262840271}, "1": {"x": 0.5094517469406128, "y": 0.8462280631065369, "z": -0.3861796259880066, "vis": 0.9997366070747375}, "2": {"x": 0.5123727917671204, "y": 0.8460788130760193, "z": -0.3861057758331299, "vis": 0.9997326731681824}, "3": {"x": 0.5152950882911682, "y": 0.8458395004272461, "z": -0.3861015737056732, "vis": 0.9997029900550842}, "4": {"x": 0.5017771124839783, "y": 0.8450647592544556, "z": -0.3863844871520996, "vis": 0.9997460246086121}, "5": {"x": 0.49918147921562195, "y": 0.8442003726959229, "z": -0.38638898730278015, "vis": 0.9997296929359436}, "6": {"x": 0.49658870697021484, "y": 0.8433343768119812, "z": -0.3863283097743988, "vis": 0.9997175335884094}, "7": {"x": 0.5193946361541748, "y": 0.8375411629676819, "z": -0.3462863266468048, "vis": 0.9993118047714233}, "8": {"x": 0.5016239881515503, "y": 0.8400038480758667, "z": -0.3463732600212097, "vis": 0.9995891451835632}, "9": {"x": 0.5119881629943848, "y": 0.8554803729057312, "z": -0.3600909411907196, "vis": 0.999744713306427}, "10": {"x": 0.5029467940330505, "y": 0.8548381328582764, "z": -0.36041122674942017, "vis": 0.9997403025627136}, "11": {"x": 0.5327432155609131, "y": 0.8200324177742004, "z": -0.23498624563217163, "vis": 0.9983976483345032}, "12": {"x": 0.48761069774627686, "y": 0.8096948862075806, "z": -0.239593043923378, "vis": 0.9902111291885376}, "13": {"x": 0.5270487070083618, "y": 0.9294722676277161, "z": -0.17016848921775818, "vis": 0.9053906202316284}, "14": {"x": 0.49136191606521606, "y": 0.8858230710029602, "z": -0.17495843768119812, "vis": 0.5412854552268982}, "15": {"x": 0.5256949067115784, "y": 0.9801214337348938, "z": -0.17468120157718658, "vis": 0.8824295401573181}, "16": {"x": 0.49450743198394775, "y": 0.9836121201515198, "z": -0.17402222752571106, "vis": 0.7806165814399719}, "17": {"x": 0.5289499163627625, "y": 0.981739342212677, "z": -0.1985858976840973, "vis": 0.8407127261161804}, "18": {"x": 0.4863937199115753, "y": 0.9867788553237915, "z": -0.19498053193092346, "vis": 0.7737845778465271}, "19": {"x": 0.5275755524635315, "y": 0.998900830745697, "z": -0.21482960879802704, "vis": 0.8419992923736572}, "20": {"x": 0.49579349160194397, "y": 0.9855340719223022, "z": -0.21413089334964752, "vis": 0.7689474821090698}, "21": {"x": 0.5242447853088379, "y": 0.995663583278656, "z": -0.18255966901779175, "vis": 0.8353669047355652}, "22": {"x": 0.49812382459640503, "y": 0.9846988320350647, "z": -0.18214881420135498, "vis": 0.7658690810203552}, "23": {"x": 0.5248727798461914, "y": 0.7394598126411438, "z": 0.00191370805259794, "vis": 0.9994103908538818}, "24": {"x": 0.49641960859298706, "y": 0.7398124933242798, "z": -0.0018551272805780172, "vis": 0.9991187453269958}, "25": {"x": 0.5281527638435364, "y": 0.8714461922645569, "z": -0.011711500585079193, "vis": 0.3126085102558136}, "26": {"x": 0.4878067970275879, "y": 0.8638554811477661, "z": -0.00445660762488842, "vis": 0.22208459675312042}, "27": {"x": 0.5157756209373474, "y": 0.9817602634429932, "z": 0.10997013747692108, "vis": 0.7109912633895874}, "28": {"x": 0.49949517846107483, "y": 0.9531047344207764, "z": 0.11909396201372147, "vis": 0.525193989276886}, "29": {"x": 0.5123787522315979, "y": 0.9928568601608276, "z": 0.11812654137611389, "vis": 0.48133260011672974}, "30": {"x": 0.5025030970573425, "y": 0.9640045762062073, "z": 0.12787383794784546, "vis": 0.3638899624347687}, "31": {"x": 0.5126690864562988, "y": 1.0315743684768677, "z": 0.036961764097213745, "vis": 0.7998090982437134}, "32": {"x": 0.5035497546195984, "y": 0.9845284223556519, "z": 0.04944109544157982, "vis": 0.7363846302032471}}