{"0": {"x": 0.39349979162216187, "y": 0.6839510202407837, "z": -0.07251185923814774, "vis": 0.9998082518577576}, "1": {"x": 0.39388635754585266, "y": 0.6928246021270752, "z": -0.0652402862906456, "vis": 0.9997413754463196}, "2": {"x": 0.3943169116973877, "y": 0.6933500170707703, "z": -0.0652552917599678, "vis": 0.9997017979621887}, "3": {"x": 0.39478543400764465, "y": 0.6939716339111328, "z": -0.0652640163898468, "vis": 0.9997360110282898}, "4": {"x": 0.39408060908317566, "y": 0.6933435201644897, "z": -0.08023198693990707, "vis": 0.9998238682746887}, "5": {"x": 0.3945804536342621, "y": 0.6944303512573242, "z": -0.08024561405181885, "vis": 0.9998140931129456}, "6": {"x": 0.3952524662017822, "y": 0.695356547832489, "z": -0.08026397228240967, "vis": 0.9998157620429993}, "7": {"x": 0.39967378973960876, "y": 0.6943534016609192, "z": -0.024712318554520607, "vis": 0.9997745156288147}, "8": {"x": 0.40069982409477234, "y": 0.696096658706665, "z": -0.09305141866207123, "vis": 0.9998754262924194}, "9": {"x": 0.39629870653152466, "y": 0.6780906915664673, "z": -0.0557972677052021, "vis": 0.9995352029800415}, "10": {"x": 0.3967055082321167, "y": 0.6786635518074036, "z": -0.07566642016172409, "vis": 0.9997535347938538}, "11": {"x": 0.4088824987411499, "y": 0.6582584381103516, "z": 0.024208536371588707, "vis": 0.9998620748519897}, "12": {"x": 0.419889897108078, "y": 0.6686422824859619, "z": -0.1098129004240036, "vis": 0.9999347925186157}, "13": {"x": 0.4178715944290161, "y": 0.6137177348136902, "z": 0.06154743209481239, "vis": 0.12359077483415604}, "14": {"x": 0.4389921724796295, "y": 0.6374410390853882, "z": -0.1496734470129013, "vis": 0.9853773713111877}, "15": {"x": 0.42519840598106384, "y": 0.5711296796798706, "z": 0.05852320045232773, "vis": 0.22028416395187378}, "16": {"x": 0.449811726808548, "y": 0.6169204115867615, "z": -0.176339253783226, "vis": 0.9750685095787048}, "17": {"x": 0.4268619418144226, "y": 0.5560011267662048, "z": 0.061261847615242004, "vis": 0.239792138338089}, "18": {"x": 0.45458534359931946, "y": 0.6120325326919556, "z": -0.19279028475284576, "vis": 0.9632025361061096}, "19": {"x": 0.4279496371746063, "y": 0.5579436421394348, "z": 0.05081529542803764, "vis": 0.23891320824623108}, "20": {"x": 0.4522741138935089, "y": 0.6114575266838074, "z": -0.19163624942302704, "vis": 0.9641384482383728}, "21": {"x": 0.4276696741580963, "y": 0.5634356737136841, "z": 0.054037291556596756, "vis": 0.24527502059936523}, "22": {"x": 0.45084500312805176, "y": 0.6119110584259033, "z": -0.17645518481731415, "vis": 0.9443022608757019}, "23": {"x": 0.4203535318374634, "y": 0.558702826499939, "z": 0.044812917709350586, "vis": 0.9999614953994751}, "24": {"x": 0.43038472533226013, "y": 0.550902247428894, "z": -0.04486409202218056, "vis": 0.9999016523361206}, "25": {"x": 0.3912404477596283, "y": 0.5046547055244446, "z": 0.0636388435959816, "vis": 0.6495879292488098}, "26": {"x": 0.3972559869289398, "y": 0.47705933451652527, "z": -0.04934900999069214, "vis": 0.9753977656364441}, "27": {"x": 0.40408700704574585, "y": 0.4838624596595764, "z": 0.13852719962596893, "vis": 0.3845517933368683}, "28": {"x": 0.4175958037376404, "y": 0.48427754640579224, "z": 0.07349169254302979, "vis": 0.6695607304573059}, "29": {"x": 0.40803369879722595, "y": 0.4839117228984833, "z": 0.14656732976436615, "vis": 0.3971668481826782}, "30": {"x": 0.4221852719783783, "y": 0.49222034215927124, "z": 0.08790404349565506, "vis": 0.6292616724967957}, "31": {"x": 0.3997069299221039, "y": 0.465660959482193, "z": 0.15252777934074402, "vis": 0.5390875935554504}, "32": {"x": 0.4157961308956146, "y": 0.46366703510284424, "z": 0.10384539514780045, "vis": 0.7300072908401489}}