{"0": {"x": 0.5112560391426086, "y": 0.8077967166900635, "z": -0.4316905736923218, "vis": 0.9985414743423462}, "1": {"x": 0.5136663317680359, "y": 0.7976720333099365, "z": -0.4338606297969818, "vis": 0.9977586269378662}, "2": {"x": 0.5157669186592102, "y": 0.7972881197929382, "z": -0.4338061809539795, "vis": 0.9972796440124512}, "3": {"x": 0.5178827047348022, "y": 0.7968308925628662, "z": -0.4338358938694, "vis": 0.9959386587142944}, "4": {"x": 0.5072221159934998, "y": 0.7990079522132874, "z": -0.4360463619232178, "vis": 0.9982245564460754}, "5": {"x": 0.5050672292709351, "y": 0.7994976043701172, "z": -0.4361146092414856, "vis": 0.9981667995452881}, "6": {"x": 0.5029024481773376, "y": 0.8000200390815735, "z": -0.4361448585987091, "vis": 0.9978960752487183}, "7": {"x": 0.522361695766449, "y": 0.8013291358947754, "z": -0.375053346157074, "vis": 0.9933688044548035}, "8": {"x": 0.4992442727088928, "y": 0.7976597547531128, "z": -0.38474562764167786, "vis": 0.9972960352897644}, "9": {"x": 0.5158087611198425, "y": 0.8089389204978943, "z": -0.40246516466140747, "vis": 0.9968175888061523}, "10": {"x": 0.5081883072853088, "y": 0.8105411529541016, "z": -0.4057061970233917, "vis": 0.9977462887763977}, "11": {"x": 0.5443944931030273, "y": 0.7882764935493469, "z": -0.24126042425632477, "vis": 0.9985963702201843}, "12": {"x": 0.4855080842971802, "y": 0.805496096611023, "z": -0.2680559456348419, "vis": 0.9974865913391113}, "13": {"x": 0.5326223969459534, "y": 0.7588356137275696, "z": -0.15858584642410278, "vis": 0.19442926347255707}, "14": {"x": 0.4851079285144806, "y": 0.8103254437446594, "z": -0.21267835795879364, "vis": 0.6520391702651978}, "15": {"x": 0.5208755135536194, "y": 0.7291699051856995, "z": -0.12111138552427292, "vis": 0.17338331043720245}, "16": {"x": 0.48734262585639954, "y": 0.8277279138565063, "z": -0.19390453398227692, "vis": 0.6201299428939819}, "17": {"x": 0.5208821892738342, "y": 0.7203781008720398, "z": -0.12679563462734222, "vis": 0.20893456041812897}, "18": {"x": 0.4838973879814148, "y": 0.832696795463562, "z": -0.20546986162662506, "vis": 0.6802424192428589}, "19": {"x": 0.5151050686836243, "y": 0.7161621451377869, "z": -0.14207467436790466, "vis": 0.20099718868732452}, "20": {"x": 0.4881097674369812, "y": 0.8297133445739746, "z": -0.21944677829742432, "vis": 0.6580549478530884}, "21": {"x": 0.5138015747070312, "y": 0.7213414907455444, "z": -0.12619216740131378, "vis": 0.19476154446601868}, "22": {"x": 0.49131274223327637, "y": 0.8277104496955872, "z": -0.1990826576948166, "vis": 0.6541775465011597}, "23": {"x": 0.5256955623626709, "y": 0.7182542681694031, "z": 0.010036477819085121, "vis": 0.9991310238838196}, "24": {"x": 0.4985820949077606, "y": 0.7236968278884888, "z": -0.01004012580960989, "vis": 0.999133288860321}, "25": {"x": 0.5286073088645935, "y": 0.8532914519309998, "z": 0.0028866848442703485, "vis": 0.5764075517654419}, "26": {"x": 0.47975000739097595, "y": 0.8327777981758118, "z": -0.02750510908663273, "vis": 0.6492531299591064}, "27": {"x": 0.5135114789009094, "y": 0.9435541033744812, "z": 0.11712203919887543, "vis": 0.8112586140632629}, "28": {"x": 0.49969416856765747, "y": 0.9183783531188965, "z": 0.10115639120340347, "vis": 0.8285905122756958}, "29": {"x": 0.508120596408844, "y": 0.9523643851280212, "z": 0.12580807507038116, "vis": 0.6708174347877502}, "30": {"x": 0.5047981142997742, "y": 0.9321984052658081, "z": 0.11219330877065659, "vis": 0.6413771510124207}, "31": {"x": 0.5124040246009827, "y": 0.9854491353034973, "z": 0.06335023790597916, "vis": 0.8607109189033508}, "32": {"x": 0.5067965984344482, "y": 0.9460281729698181, "z": 0.04440092667937279, "vis": 0.8828302621841431}}