{"0": {"x": 0.42790818214416504, "y": 0.21852584183216095, "z": -0.18318232893943787, "vis": 0.9990072846412659}, "1": {"x": 0.4317303001880646, "y": 0.21155880391597748, "z": -0.17849640548229218, "vis": 0.9981725215911865}, "2": {"x": 0.43271777033805847, "y": 0.21224749088287354, "z": -0.17852020263671875, "vis": 0.9982060194015503}, "3": {"x": 0.43358007073402405, "y": 0.21290652453899384, "z": -0.1785373091697693, "vis": 0.9979299306869507}, "4": {"x": 0.4280383586883545, "y": 0.2063579559326172, "z": -0.1841694563627243, "vis": 0.9980339407920837}, "5": {"x": 0.42640531063079834, "y": 0.2034541815519333, "z": -0.18420158326625824, "vis": 0.9977961778640747}, "6": {"x": 0.4247415065765381, "y": 0.20055106282234192, "z": -0.18422695994377136, "vis": 0.9974697828292847}, "7": {"x": 0.43313753604888916, "y": 0.20936259627342224, "z": -0.12390007823705673, "vis": 0.9981050491333008}, "8": {"x": 0.4203265905380249, "y": 0.1929449737071991, "z": -0.15067553520202637, "vis": 0.9982814788818359}, "9": {"x": 0.4271630346775055, "y": 0.22316816449165344, "z": -0.15912500023841858, "vis": 0.9993672966957092}, "10": {"x": 0.42282044887542725, "y": 0.21771234273910522, "z": -0.16725262999534607, "vis": 0.9996716976165771}, "11": {"x": 0.4333842992782593, "y": 0.23868714272975922, "z": -0.08647368103265762, "vis": 0.9999549388885498}, "12": {"x": 0.3970687687397003, "y": 0.19713370501995087, "z": -0.11104946583509445, "vis": 0.9999529123306274}, "13": {"x": 0.42052608728408813, "y": 0.2780240774154663, "z": -0.11713358759880066, "vis": 0.9810778498649597}, "14": {"x": 0.38526347279548645, "y": 0.24195845425128937, "z": -0.12249236553907394, "vis": 0.9762502312660217}, "15": {"x": 0.39415737986564636, "y": 0.25206515192985535, "z": -0.171073779463768, "vis": 0.9693737030029297}, "16": {"x": 0.4118732810020447, "y": 0.2659808397293091, "z": -0.1361064910888672, "vis": 0.8743972778320312}, "17": {"x": 0.38584211468696594, "y": 0.2493496984243393, "z": -0.18838272988796234, "vis": 0.9353143572807312}, "18": {"x": 0.41773733496665955, "y": 0.2729690670967102, "z": -0.14764456450939178, "vis": 0.7505548596382141}, "19": {"x": 0.3864181339740753, "y": 0.2392832189798355, "z": -0.18374581634998322, "vis": 0.9303768277168274}, "20": {"x": 0.4203234314918518, "y": 0.27017977833747864, "z": -0.14609290659427643, "vis": 0.7356835007667542}, "21": {"x": 0.3889596462249756, "y": 0.23986469209194183, "z": -0.1697453409433365, "vis": 0.8900720477104187}, "22": {"x": 0.41810107231140137, "y": 0.2680817246437073, "z": -0.13495157659053802, "vis": 0.6517660617828369}, "23": {"x": 0.40829697251319885, "y": 0.33815476298332214, "z": 0.018074283376336098, "vis": 0.9995731711387634}, "24": {"x": 0.38317668437957764, "y": 0.3256622850894928, "z": -0.018051203340291977, "vis": 0.9998348951339722}, "25": {"x": 0.4124109447002411, "y": 0.41874611377716064, "z": 0.013769934885203838, "vis": 0.8120632767677307}, "26": {"x": 0.3929433822631836, "y": 0.42097121477127075, "z": -0.08724662661552429, "vis": 0.9171872138977051}, "27": {"x": 0.4011624753475189, "y": 0.49253469705581665, "z": 0.12230227887630463, "vis": 0.4943649470806122}, "28": {"x": 0.400403767824173, "y": 0.5172263979911804, "z": -0.02481384575366974, "vis": 0.9164807796478271}, "29": {"x": 0.395683228969574, "y": 0.5012643337249756, "z": 0.13199520111083984, "vis": 0.44790562987327576}, "30": {"x": 0.39900103211402893, "y": 0.5306719541549683, "z": -0.020688088610768318, "vis": 0.7196357846260071}, "31": {"x": 0.4051462709903717, "y": 0.5206973552703857, "z": 0.09112706780433655, "vis": 0.6765012741088867}, "32": {"x": 0.40751057863235474, "y": 0.5410364866256714, "z": -0.08442026376724243, "vis": 0.9181861281394958}}