{"0": {"x": 0.399962455034256, "y": 0.23020754754543304, "z": -0.29078248143196106, "vis": 0.9997721314430237}, "1": {"x": 0.4056870937347412, "y": 0.20976462960243225, "z": -0.28056785464286804, "vis": 0.9995415210723877}, "2": {"x": 0.40923768281936646, "y": 0.20918525755405426, "z": -0.2805470824241638, "vis": 0.9994142055511475}, "3": {"x": 0.4127931296825409, "y": 0.20877274870872498, "z": -0.2805803418159485, "vis": 0.9992899894714355}, "4": {"x": 0.3965877592563629, "y": 0.2111973762512207, "z": -0.27829933166503906, "vis": 0.9996366500854492}, "5": {"x": 0.3936406970024109, "y": 0.21150247752666473, "z": -0.2783672511577606, "vis": 0.9995494484901428}, "6": {"x": 0.39082884788513184, "y": 0.21214045584201813, "z": -0.27839481830596924, "vis": 0.9996181726455688}, "7": {"x": 0.4195999205112457, "y": 0.21565961837768555, "z": -0.19491024315357208, "vis": 0.9987378716468811}, "8": {"x": 0.390984445810318, "y": 0.21668830513954163, "z": -0.18722060322761536, "vis": 0.99959796667099}, "9": {"x": 0.4072639048099518, "y": 0.2475692331790924, "z": -0.25604403018951416, "vis": 0.9990617632865906}, "10": {"x": 0.3953770697116852, "y": 0.250056654214859, "z": -0.25367748737335205, "vis": 0.999510645866394}, "11": {"x": 0.46208998560905457, "y": 0.28568437695503235, "z": -0.15788936614990234, "vis": 0.998137354850769}, "12": {"x": 0.3647773861885071, "y": 0.28628379106521606, "z": -0.11727119237184525, "vis": 0.9994507431983948}, "13": {"x": 0.46539798378944397, "y": 0.20275141298770905, "z": -0.1705237179994583, "vis": 0.9629518985748291}, "14": {"x": 0.3031975328922272, "y": 0.2620057165622711, "z": -0.12296287715435028, "vis": 0.9942142367362976}, "15": {"x": 0.4601714313030243, "y": 0.07052940130233765, "z": -0.206450954079628, "vis": 0.9213853478431702}, "16": {"x": 0.2535695433616638, "y": 0.19791832566261292, "z": -0.21126149594783783, "vis": 0.984064519405365}, "17": {"x": 0.4617285132408142, "y": 0.04213380813598633, "z": -0.22762498259544373, "vis": 0.8406542539596558}, "18": {"x": 0.2379230111837387, "y": 0.17299389839172363, "z": -0.2336178421974182, "vis": 0.9522790312767029}, "19": {"x": 0.4625658392906189, "y": 0.03129279613494873, "z": -0.23390209674835205, "vis": 0.8402801156044006}, "20": {"x": 0.23900412023067474, "y": 0.16446763277053833, "z": -0.24997125566005707, "vis": 0.9563568830490112}, "21": {"x": 0.4616134464740753, "y": 0.048369407653808594, "z": -0.21407170593738556, "vis": 0.8652469515800476}, "22": {"x": 0.24402134120464325, "y": 0.17355313897132874, "z": -0.22348390519618988, "vis": 0.9608945846557617}, "23": {"x": 0.4537721276283264, "y": 0.5729379057884216, "z": -0.014364873990416527, "vis": 0.9980529546737671}, "24": {"x": 0.40670156478881836, "y": 0.5574902296066284, "z": 0.014348440803587437, "vis": 0.9982175230979919}, "25": {"x": 0.4555020332336426, "y": 0.7269665598869324, "z": 0.02264483831822872, "vis": 0.8342344760894775}, "26": {"x": 0.42657968401908875, "y": 0.7252777814865112, "z": 0.06133970245718956, "vis": 0.8330205678939819}, "27": {"x": 0.49491560459136963, "y": 0.9025832414627075, "z": 0.12532268464565277, "vis": 0.8659263849258423}, "28": {"x": 0.4372020661830902, "y": 0.8877577781677246, "z": 0.20997865498065948, "vis": 0.8501534461975098}, "29": {"x": 0.4959188997745514, "y": 0.9261736273765564, "z": 0.13092398643493652, "vis": 0.7588222026824951}, "30": {"x": 0.44045543670654297, "y": 0.9060059189796448, "z": 0.22094488143920898, "vis": 0.7760981917381287}, "31": {"x": 0.5182886719703674, "y": 0.9646238088607788, "z": 0.038243912160396576, "vis": 0.8475745320320129}, "32": {"x": 0.4381064474582672, "y": 0.954663872718811, "z": 0.13645410537719727, "vis": 0.8181396126747131}}