{"0": {"x": 0.5888703465461731, "y": 0.19829341769218445, "z": -0.10265834629535675, "vis": 0.9984789490699768}, "1": {"x": 0.5912204384803772, "y": 0.1840352714061737, "z": -0.09106617420911789, "vis": 0.9958831071853638}, "2": {"x": 0.5941516160964966, "y": 0.18315815925598145, "z": -0.09109604358673096, "vis": 0.99406498670578}, "3": {"x": 0.5970436334609985, "y": 0.18239030241966248, "z": -0.09117813408374786, "vis": 0.9946122169494629}, "4": {"x": 0.5828620195388794, "y": 0.18652766942977905, "z": -0.09254252165555954, "vis": 0.9957987666130066}, "5": {"x": 0.5797907114028931, "y": 0.18725690245628357, "z": -0.09255503863096237, "vis": 0.9930061101913452}, "6": {"x": 0.5767419934272766, "y": 0.18800270557403564, "z": -0.09260284155607224, "vis": 0.9943884015083313}, "7": {"x": 0.600647509098053, "y": 0.18742114305496216, "z": -0.01103636808693409, "vis": 0.9938675761222839}, "8": {"x": 0.5722311735153198, "y": 0.19464784860610962, "z": -0.016241971403360367, "vis": 0.9939365983009338}, "9": {"x": 0.5951880812644958, "y": 0.20958365499973297, "z": -0.06932249665260315, "vis": 0.9945781230926514}, "10": {"x": 0.5848352313041687, "y": 0.2125331312417984, "z": -0.07107698172330856, "vis": 0.993990957736969}, "11": {"x": 0.621385395526886, "y": 0.23022030293941498, "z": 0.03767295926809311, "vis": 0.9989966750144958}, "12": {"x": 0.5749353766441345, "y": 0.186090886592865, "z": 0.005996632855385542, "vis": 0.9969080090522766}, "13": {"x": 0.683158814907074, "y": 0.07214465737342834, "z": 0.03425249457359314, "vis": 0.9746711850166321}, "14": {"x": 0.5198928117752075, "y": 0.17533448338508606, "z": -0.020984886214137077, "vis": 0.9612851738929749}, "15": {"x": 0.7141964435577393, "y": 0.0009707212448120117, "z": -0.023579897359013557, "vis": 0.9811867475509644}, "16": {"x": 0.5048754811286926, "y": 0.050785839557647705, "z": -0.08381123095750809, "vis": 0.9527521133422852}, "17": {"x": 0.7188311219215393, "y": -0.011777877807617188, "z": -0.04417635127902031, "vis": 0.9513734579086304}, "18": {"x": 0.4975060224533081, "y": 0.06777447462081909, "z": -0.10793051868677139, "vis": 0.8880507349967957}, "19": {"x": 0.7087881565093994, "y": 0.006914437282830477, "z": -0.05654454231262207, "vis": 0.9499333500862122}, "20": {"x": 0.501156747341156, "y": 0.0632331371307373, "z": -0.12161657214164734, "vis": 0.8839120268821716}, "21": {"x": 0.7045495510101318, "y": 0.015141695737838745, "z": -0.03454243764281273, "vis": 0.9536088109016418}, "22": {"x": 0.5030665397644043, "y": 0.07019117474555969, "z": -0.09388285130262375, "vis": 0.8850647211074829}, "23": {"x": 0.5913896560668945, "y": 0.48922863602638245, "z": 0.00808100588619709, "vis": 0.999455988407135}, "24": {"x": 0.5520887970924377, "y": 0.4810412526130676, "z": -0.008087689988315105, "vis": 0.9992067217826843}, "25": {"x": 0.6235830187797546, "y": 0.6952105760574341, "z": -0.05256585776805878, "vis": 0.9485294818878174}, "26": {"x": 0.5469903945922852, "y": 0.6760836839675903, "z": -0.029558997601270676, "vis": 0.9303081631660461}, "27": {"x": 0.6511390805244446, "y": 0.8755204081535339, "z": 0.055062923580408096, "vis": 0.9257826209068298}, "28": {"x": 0.5451969504356384, "y": 0.8512700200080872, "z": 0.11513443291187286, "vis": 0.9440610408782959}, "29": {"x": 0.6516104936599731, "y": 0.9029024243354797, "z": 0.06049809604883194, "vis": 0.81109619140625}, "30": {"x": 0.5492388010025024, "y": 0.8695178031921387, "z": 0.1251116544008255, "vis": 0.7915546298027039}, "31": {"x": 0.6683664321899414, "y": 0.9295419454574585, "z": -0.04608001187443733, "vis": 0.8644238710403442}, "32": {"x": 0.5075231194496155, "y": 0.9333162307739258, "z": 0.020761942490935326, "vis": 0.8950414061546326}}