{"0": {"x": 0.14983698725700378, "y": 0.28307560086250305, "z": -0.4132620096206665, "vis": 0.9990127086639404}, "1": {"x": 0.15610797703266144, "y": 0.26192978024482727, "z": -0.4059896469116211, "vis": 0.9974767565727234}, "2": {"x": 0.16047698259353638, "y": 0.2607102394104004, "z": -0.40604984760284424, "vis": 0.9978673458099365}, "3": {"x": 0.16463640332221985, "y": 0.2594793736934662, "z": -0.4061599671840668, "vis": 0.9978195428848267}, "4": {"x": 0.1452481746673584, "y": 0.2642563581466675, "z": -0.398578941822052, "vis": 0.9965531826019287}, "5": {"x": 0.14208243787288666, "y": 0.26426392793655396, "z": -0.3986176550388336, "vis": 0.9954397082328796}, "6": {"x": 0.13990245759487152, "y": 0.2643723785877228, "z": -0.39866867661476135, "vis": 0.9942930936813354}, "7": {"x": 0.17169564962387085, "y": 0.2597350478172302, "z": -0.31227660179138184, "vis": 0.998173713684082}, "8": {"x": 0.1395331770181656, "y": 0.2647857666015625, "z": -0.27826061844825745, "vis": 0.9940578937530518}, "9": {"x": 0.15923413634300232, "y": 0.2990410029888153, "z": -0.3735169470310211, "vis": 0.9994556307792664}, "10": {"x": 0.14531385898590088, "y": 0.30085012316703796, "z": -0.36391976475715637, "vis": 0.9988541603088379}, "11": {"x": 0.21377965807914734, "y": 0.35797154903411865, "z": -0.23647540807724, "vis": 0.9999426603317261}, "12": {"x": 0.11611299961805344, "y": 0.3569217026233673, "z": -0.15845313668251038, "vis": 0.99980229139328}, "13": {"x": 0.23018962144851685, "y": 0.513901948928833, "z": -0.20625731348991394, "vis": 0.993878960609436}, "14": {"x": 0.11109963804483414, "y": 0.4795522093772888, "z": -0.06467223167419434, "vis": 0.9028501510620117}, "15": {"x": 0.1938750296831131, "y": 0.6509274840354919, "z": -0.25682127475738525, "vis": 0.9575098752975464}, "16": {"x": 0.12663622200489044, "y": 0.5943561792373657, "z": -0.11190608888864517, "vis": 0.708408534526825}, "17": {"x": 0.18971388041973114, "y": 0.6846551895141602, "z": -0.28693887591362, "vis": 0.907267689704895}, "18": {"x": 0.13171283900737762, "y": 0.6374433040618896, "z": -0.12686605751514435, "vis": 0.6018814444541931}, "19": {"x": 0.17973393201828003, "y": 0.6778213977813721, "z": -0.30217474699020386, "vis": 0.911096453666687}, "20": {"x": 0.13486139476299286, "y": 0.6330204010009766, "z": -0.1577407866716385, "vis": 0.6116605997085571}, "21": {"x": 0.18025368452072144, "y": 0.6680338382720947, "z": -0.2616225481033325, "vis": 0.8901613354682922}, "22": {"x": 0.1344977170228958, "y": 0.6156026124954224, "z": -0.12409435212612152, "vis": 0.6045658588409424}, "23": {"x": 0.20087788999080658, "y": 0.6231649518013, "z": -0.02012081816792488, "vis": 0.9957874417304993}, "24": {"x": 0.14584682881832123, "y": 0.6278243064880371, "z": 0.02033921889960766, "vis": 0.9923152923583984}, "25": {"x": 0.21115149557590485, "y": 0.8252182602882385, "z": -0.048467788845300674, "vis": 0.37892383337020874}, "26": {"x": 0.15615320205688477, "y": 0.8360939621925354, "z": -0.01279044896364212, "vis": 0.35348519682884216}, "27": {"x": 0.2165980041027069, "y": 0.9912068843841553, "z": 0.05225686356425285, "vis": 0.2740211486816406}, "28": {"x": 0.17203651368618011, "y": 0.9958531856536865, "z": 0.13016636669635773, "vis": 0.15539976954460144}, "29": {"x": 0.213523268699646, "y": 0.998276948928833, "z": 0.05502697825431824, "vis": 0.1412263661623001}, "30": {"x": 0.17700302600860596, "y": 1.0189855098724365, "z": 0.13937395811080933, "vis": 0.1473555564880371}, "31": {"x": 0.21930618584156036, "y": 1.063396692276001, "z": -0.06901665776968002, "vis": 0.20463241636753082}, "32": {"x": 0.16889092326164246, "y": 1.0602859258651733, "z": 0.018619272857904434, "vis": 0.1813616305589676}}