{"0": {"x": 0.334358274936676, "y": 0.687414288520813, "z": 0.03651125729084015, "vis": 0.9978391528129578}, "1": {"x": 0.33270263671875, "y": 0.6875469088554382, "z": 0.03287419304251671, "vis": 0.9982750415802002}, "2": {"x": 0.33231061697006226, "y": 0.6879613995552063, "z": 0.03288818523287773, "vis": 0.9983598589897156}, "3": {"x": 0.3319503664970398, "y": 0.6884022355079651, "z": 0.032890185713768005, "vis": 0.9987353682518005}, "4": {"x": 0.33332961797714233, "y": 0.6860103607177734, "z": 0.035560499876737595, "vis": 0.99787437915802}, "5": {"x": 0.3333371579647064, "y": 0.6851070523262024, "z": 0.03558243811130524, "vis": 0.9975213408470154}, "6": {"x": 0.33333778381347656, "y": 0.6841490268707275, "z": 0.035573795437812805, "vis": 0.9973459243774414}, "7": {"x": 0.3308173716068268, "y": 0.686314046382904, "z": 0.015284398570656776, "vis": 0.9981075525283813}, "8": {"x": 0.33266201615333557, "y": 0.6807814836502075, "z": 0.027769500389695168, "vis": 0.9964916110038757}, "9": {"x": 0.3345285654067993, "y": 0.6863590478897095, "z": 0.03015919215977192, "vis": 0.9977992177009583}, "10": {"x": 0.33514127135276794, "y": 0.684435248374939, "z": 0.03371115401387215, "vis": 0.9971344470977783}, "11": {"x": 0.33169102668762207, "y": 0.687170147895813, "z": -0.004557813052088022, "vis": 0.9990184307098389}, "12": {"x": 0.33813539147377014, "y": 0.6728716492652893, "z": 0.028592383489012718, "vis": 0.994533896446228}, "13": {"x": 0.33066827058792114, "y": 0.7042916417121887, "z": -0.005013222340494394, "vis": 0.8594653010368347}, "14": {"x": 0.3448447585105896, "y": 0.700207531452179, "z": 0.033356454223394394, "vis": 0.17727938294410706}, "15": {"x": 0.3253669738769531, "y": 0.7110253572463989, "z": 0.009200417436659336, "vis": 0.7177562713623047}, "16": {"x": 0.33838969469070435, "y": 0.7174898386001587, "z": 0.025975478813052177, "vis": 0.388297438621521}, "17": {"x": 0.3237631916999817, "y": 0.712796151638031, "z": 0.007423183880746365, "vis": 0.7036277651786804}, "18": {"x": 0.33693915605545044, "y": 0.7183998823165894, "z": 0.028504498302936554, "vis": 0.4317616820335388}, "19": {"x": 0.32294169068336487, "y": 0.7115514278411865, "z": 0.010185874067246914, "vis": 0.7011252045631409}, "20": {"x": 0.33598318696022034, "y": 0.7235478162765503, "z": 0.023629548028111458, "vis": 0.451884388923645}, "21": {"x": 0.32359230518341064, "y": 0.7103958129882812, "z": 0.010494557209312916, "vis": 0.6856642961502075}, "22": {"x": 0.3362646698951721, "y": 0.7240031957626343, "z": 0.024063820019364357, "vis": 0.4542039930820465}, "23": {"x": 0.362085223197937, "y": 0.6743268966674805, "z": -0.007992838509380817, "vis": 0.9935459494590759}, "24": {"x": 0.36605483293533325, "y": 0.6615989208221436, "z": 0.00802513025701046, "vis": 0.990268349647522}, "25": {"x": 0.3378632366657257, "y": 0.7011268734931946, "z": 0.0033518397249281406, "vis": 0.7805684804916382}, "26": {"x": 0.3447948694229126, "y": 0.697800874710083, "z": 0.024641767144203186, "vis": 0.20257817208766937}, "27": {"x": 0.34261173009872437, "y": 0.7363113760948181, "z": 0.018698764964938164, "vis": 0.7751085758209229}, "28": {"x": 0.3432462215423584, "y": 0.7247629761695862, "z": 0.036863040179014206, "vis": 0.4847308099269867}, "29": {"x": 0.34540092945098877, "y": 0.7397945523262024, "z": 0.019660480320453644, "vis": 0.6974372863769531}, "30": {"x": 0.34498897194862366, "y": 0.727780818939209, "z": 0.037810876965522766, "vis": 0.613473653793335}, "31": {"x": 0.3379190266132355, "y": 0.7498918175697327, "z": 0.014624174684286118, "vis": 0.6447631120681763}, "32": {"x": 0.33728525042533875, "y": 0.7350520491600037, "z": 0.03617006912827492, "vis": 0.5834908485412598}}