{"0": {"x": 0.5079644918441772, "y": 0.8134045600891113, "z": -0.24569879472255707, "vis": 0.9988752007484436}, "1": {"x": 0.5148096680641174, "y": 0.8204004764556885, "z": -0.2622814476490021, "vis": 0.9978423118591309}, "2": {"x": 0.5164735317230225, "y": 0.8208184838294983, "z": -0.26221948862075806, "vis": 0.9971728324890137}, "3": {"x": 0.5180902481079102, "y": 0.8211711645126343, "z": -0.2622116506099701, "vis": 0.9975354671478271}, "4": {"x": 0.505531907081604, "y": 0.8160284161567688, "z": -0.26368024945259094, "vis": 0.9986017346382141}, "5": {"x": 0.5090672373771667, "y": 0.81968092918396, "z": -0.2636983394622803, "vis": 0.9981600642204285}, "6": {"x": 0.5077496767044067, "y": 0.8193343281745911, "z": -0.2637171745300293, "vis": 0.9983738660812378}, "7": {"x": 0.5208413004875183, "y": 0.8129833340644836, "z": -0.27680152654647827, "vis": 0.9964348077774048}, "8": {"x": 0.5058709383010864, "y": 0.8090625405311584, "z": -0.2824816405773163, "vis": 0.9971755743026733}, "9": {"x": 0.5155214071273804, "y": 0.8042125105857849, "z": -0.24439606070518494, "vis": 0.9986861348152161}, "10": {"x": 0.5065515041351318, "y": 0.8037521243095398, "z": -0.24622271955013275, "vis": 0.9990609288215637}, "11": {"x": 0.5282320976257324, "y": 0.7985132932662964, "z": -0.24320292472839355, "vis": 0.9990667700767517}, "12": {"x": 0.49057242274284363, "y": 0.7567352056503296, "z": -0.23221364617347717, "vis": 0.9994996786117554}, "13": {"x": 0.5348312854766846, "y": 0.8556071519851685, "z": -0.2957840859889984, "vis": 0.852055549621582}, "14": {"x": 0.4795110821723938, "y": 0.7468850016593933, "z": -0.2622838318347931, "vis": 0.77439945936203}, "15": {"x": 0.5330798029899597, "y": 0.8783424496650696, "z": -0.3691979646682739, "vis": 0.7680447697639465}, "16": {"x": 0.47120797634124756, "y": 0.7345594763755798, "z": -0.3289989233016968, "vis": 0.6566318869590759}, "17": {"x": 0.5353257060050964, "y": 0.885291576385498, "z": -0.40246573090553284, "vis": 0.7000937461853027}, "18": {"x": 0.4688498079776764, "y": 0.7264928817749023, "z": -0.3630838990211487, "vis": 0.6294337511062622}, "19": {"x": 0.5304506421089172, "y": 0.8746631741523743, "z": -0.41082754731178284, "vis": 0.6865191459655762}, "20": {"x": 0.4708072543144226, "y": 0.7252680659294128, "z": -0.37744027376174927, "vis": 0.6039372682571411}, "21": {"x": 0.5281365513801575, "y": 0.8695551753044128, "z": -0.37676897644996643, "vis": 0.6949667930603027}, "22": {"x": 0.47238561511039734, "y": 0.7305036783218384, "z": -0.338716059923172, "vis": 0.5919905304908752}, "23": {"x": 0.5321572422981262, "y": 0.6728193759918213, "z": 0.006618814077228308, "vis": 0.9995885491371155}, "24": {"x": 0.502923309803009, "y": 0.6609607338905334, "z": -0.0067617325112223625, "vis": 0.9994155168533325}, "25": {"x": 0.5257899165153503, "y": 0.776738166809082, "z": -0.002724934834986925, "vis": 0.3055824935436249}, "26": {"x": 0.4830193817615509, "y": 0.7992469072341919, "z": -0.02267623320221901, "vis": 0.5127773284912109}, "27": {"x": 0.4943186342716217, "y": 0.8528147339820862, "z": 0.09890279918909073, "vis": 0.6049575805664062}, "28": {"x": 0.47396349906921387, "y": 0.9100168943405151, "z": 0.0660974532365799, "vis": 0.7992017865180969}, "29": {"x": 0.48522210121154785, "y": 0.8682518005371094, "z": 0.10539309680461884, "vis": 0.6155988574028015}, "30": {"x": 0.47376734018325806, "y": 0.9265097975730896, "z": 0.0710880383849144, "vis": 0.7254360914230347}, "31": {"x": 0.4902895987033844, "y": 0.8635982275009155, "z": 0.029797445982694626, "vis": 0.7143859267234802}, "32": {"x": 0.47328388690948486, "y": 0.9378246068954468, "z": -0.014777381904423237, "vis": 0.823563277721405}}