{"0": {"x": 0.5018377304077148, "y": 0.2005937099456787, "z": -0.12355680018663406, "vis": 0.9849998950958252}, "1": {"x": 0.5037403106689453, "y": 0.1934255212545395, "z": -0.11705530434846878, "vis": 0.9832276105880737}, "2": {"x": 0.5044464468955994, "y": 0.19322635233402252, "z": -0.11709468811750412, "vis": 0.9811703562736511}, "3": {"x": 0.5051343441009521, "y": 0.19301781058311462, "z": -0.11712345480918884, "vis": 0.9829357862472534}, "4": {"x": 0.5009504556655884, "y": 0.19295404851436615, "z": -0.1257891058921814, "vis": 0.981539785861969}, "5": {"x": 0.4995875358581543, "y": 0.19254755973815918, "z": -0.12579743564128876, "vis": 0.9785374402999878}, "6": {"x": 0.4979751706123352, "y": 0.1921934187412262, "z": -0.12580853700637817, "vis": 0.977360725402832}, "7": {"x": 0.5030579566955566, "y": 0.19136019051074982, "z": -0.06801502406597137, "vis": 0.9912739396095276}, "8": {"x": 0.4926350712776184, "y": 0.19047658145427704, "z": -0.10667885839939117, "vis": 0.9915258288383484}, "9": {"x": 0.501309335231781, "y": 0.20507529377937317, "z": -0.10332969576120377, "vis": 0.997177243232727}, "10": {"x": 0.4976296126842499, "y": 0.2054888755083084, "z": -0.1145213171839714, "vis": 0.9973706007003784}, "11": {"x": 0.5023409724235535, "y": 0.2162354290485382, "z": -0.021462488919496536, "vis": 0.9997590184211731}, "12": {"x": 0.47667279839515686, "y": 0.2095494419336319, "z": -0.10939180850982666, "vis": 0.9998457431793213}, "13": {"x": 0.5137609243392944, "y": 0.26671910285949707, "z": -0.07443322986364365, "vis": 0.8610184788703918}, "14": {"x": 0.49086278676986694, "y": 0.2573775053024292, "z": -0.1345672756433487, "vis": 0.997797966003418}, "15": {"x": 0.4986220896244049, "y": 0.25742554664611816, "z": -0.163089320063591, "vis": 0.38247254490852356}, "16": {"x": 0.5165938138961792, "y": 0.2723141312599182, "z": -0.1181841790676117, "vis": 0.960981547832489}, "17": {"x": 0.4946341812610626, "y": 0.25745493173599243, "z": -0.1803610622882843, "vis": 0.3303544223308563}, "18": {"x": 0.5258983373641968, "y": 0.2823735773563385, "z": -0.1286713033914566, "vis": 0.9153757691383362}, "19": {"x": 0.4926775395870209, "y": 0.2492275834083557, "z": -0.1753886193037033, "vis": 0.2914407253265381}, "20": {"x": 0.5223364233970642, "y": 0.2755243480205536, "z": -0.1266234964132309, "vis": 0.9042444825172424}, "21": {"x": 0.4931628704071045, "y": 0.25034192204475403, "z": -0.1636497527360916, "vis": 0.26244476437568665}, "22": {"x": 0.5204964280128479, "y": 0.27414339780807495, "z": -0.11653441190719604, "vis": 0.850434422492981}, "23": {"x": 0.4816337823867798, "y": 0.312946081161499, "z": 0.03336409479379654, "vis": 0.9995607733726501}, "24": {"x": 0.46510040760040283, "y": 0.31467053294181824, "z": -0.03330525383353233, "vis": 0.9991028308868408}, "25": {"x": 0.5055371522903442, "y": 0.3620426654815674, "z": -0.04527396336197853, "vis": 0.8929562568664551}, "26": {"x": 0.49655333161354065, "y": 0.3736783564090729, "z": -0.09733850508928299, "vis": 0.9802229404449463}, "27": {"x": 0.4912419021129608, "y": 0.44565218687057495, "z": -0.023125821724534035, "vis": 0.8552510738372803}, "28": {"x": 0.4829484522342682, "y": 0.45586320757865906, "z": -0.06493222713470459, "vis": 0.9820373058319092}, "29": {"x": 0.4833170473575592, "y": 0.45730018615722656, "z": -0.022289706394076347, "vis": 0.8995052576065063}, "30": {"x": 0.4773561358451843, "y": 0.4699150323867798, "z": -0.0627737045288086, "vis": 0.9568795561790466}, "31": {"x": 0.5017746686935425, "y": 0.46887993812561035, "z": -0.05496811494231224, "vis": 0.9220964312553406}, "32": {"x": 0.4921557605266571, "y": 0.4846208393573761, "z": -0.09443537145853043, "vis": 0.9839168190956116}}