{"0": {"x": 0.6028364896774292, "y": 0.17055228352546692, "z": -0.2565271854400635, "vis": 0.9999747276306152}, "1": {"x": 0.6070818305015564, "y": 0.15788814425468445, "z": -0.2405657321214676, "vis": 0.9999628067016602}, "2": {"x": 0.6094039082527161, "y": 0.15825366973876953, "z": -0.24057967960834503, "vis": 0.9999358654022217}, "3": {"x": 0.6115909218788147, "y": 0.15875950455665588, "z": -0.24063293635845184, "vis": 0.9999350309371948}, "4": {"x": 0.6002993583679199, "y": 0.15539300441741943, "z": -0.24544446170330048, "vis": 0.9999576807022095}, "5": {"x": 0.5973423719406128, "y": 0.1541106402873993, "z": -0.2455029934644699, "vis": 0.9999505281448364}, "6": {"x": 0.5945056676864624, "y": 0.15283063054084778, "z": -0.24550899863243103, "vis": 0.9999533891677856}, "7": {"x": 0.6147353053092957, "y": 0.16084516048431396, "z": -0.1253635138273239, "vis": 0.9999254941940308}, "8": {"x": 0.5880250334739685, "y": 0.151956707239151, "z": -0.14817380905151367, "vis": 0.9999517202377319}, "9": {"x": 0.6049327254295349, "y": 0.18559402227401733, "z": -0.2108062505722046, "vis": 0.9999781847000122}, "10": {"x": 0.5973172187805176, "y": 0.18222694098949432, "z": -0.21763280034065247, "vis": 0.9999818801879883}, "11": {"x": 0.6295683979988098, "y": 0.22561275959014893, "z": -0.026291999965906143, "vis": 0.9999834299087524}, "12": {"x": 0.5612274408340454, "y": 0.1902894526720047, "z": -0.09962067753076553, "vis": 0.9999312162399292}, "13": {"x": 0.6478550434112549, "y": 0.32727760076522827, "z": -0.017332036048173904, "vis": 0.9820170998573303}, "14": {"x": 0.5144073963165283, "y": 0.18881778419017792, "z": -0.20756764709949493, "vis": 0.9987216591835022}, "15": {"x": 0.6215746402740479, "y": 0.3844350576400757, "z": -0.11236468702554703, "vis": 0.9522870182991028}, "16": {"x": 0.5242143869400024, "y": 0.1267136037349701, "z": -0.36702969670295715, "vis": 0.9957364797592163}, "17": {"x": 0.6112964153289795, "y": 0.4101093113422394, "z": -0.13518357276916504, "vis": 0.8781033158302307}, "18": {"x": 0.5237717032432556, "y": 0.10149815678596497, "z": -0.4061395525932312, "vis": 0.9854082465171814}, "19": {"x": 0.606162428855896, "y": 0.39723849296569824, "z": -0.14735713601112366, "vis": 0.8754782676696777}, "20": {"x": 0.5304256081581116, "y": 0.10276510566473007, "z": -0.40504708886146545, "vis": 0.9839021563529968}, "21": {"x": 0.6079347729682922, "y": 0.388384073972702, "z": -0.11884413659572601, "vis": 0.8427823781967163}, "22": {"x": 0.5316101908683777, "y": 0.11399958282709122, "z": -0.37049615383148193, "vis": 0.9730111956596375}, "23": {"x": 0.5885846614837646, "y": 0.42652586102485657, "z": 0.036972776055336, "vis": 0.9999761581420898}, "24": {"x": 0.5469808578491211, "y": 0.410775750875473, "z": -0.03706769272685051, "vis": 0.999934196472168}, "25": {"x": 0.6088513135910034, "y": 0.5869551301002502, "z": -0.08226099610328674, "vis": 0.994772732257843}, "26": {"x": 0.5173983573913574, "y": 0.5595300197601318, "z": -0.0752505362033844, "vis": 0.9964699745178223}, "27": {"x": 0.5560464859008789, "y": 0.6814002990722656, "z": 0.11122699826955795, "vis": 0.9882763028144836}, "28": {"x": 0.4792397916316986, "y": 0.6560279130935669, "z": 0.07693485170602798, "vis": 0.9958733916282654}, "29": {"x": 0.5422369837760925, "y": 0.695823073387146, "z": 0.12728863954544067, "vis": 0.9689963459968567}, "30": {"x": 0.4736773669719696, "y": 0.6602681279182434, "z": 0.08831405639648438, "vis": 0.9318560361862183}, "31": {"x": 0.5805698037147522, "y": 0.7288771271705627, "z": 0.05230507627129555, "vis": 0.9817909002304077}, "32": {"x": 0.47685590386390686, "y": 0.7188417911529541, "z": -0.00602711783722043, "vis": 0.9903761744499207}}