{"0": {"x": 0.5117610096931458, "y": 0.1847236007452011, "z": -0.10815960168838501, "vis": 0.9999040365219116}, "1": {"x": 0.5106890797615051, "y": 0.16554605960845947, "z": -0.09508371353149414, "vis": 0.9997820258140564}, "2": {"x": 0.5115614533424377, "y": 0.16492760181427002, "z": -0.09508033841848373, "vis": 0.9997270703315735}, "3": {"x": 0.5126323103904724, "y": 0.16409611701965332, "z": -0.09516749531030655, "vis": 0.9997066855430603}, "4": {"x": 0.5074935555458069, "y": 0.16576236486434937, "z": -0.10312236845493317, "vis": 0.9998136162757874}, "5": {"x": 0.5061033964157104, "y": 0.16570395231246948, "z": -0.10313768684864044, "vis": 0.9997548460960388}, "6": {"x": 0.5048218965530396, "y": 0.16562241315841675, "z": -0.10312679409980774, "vis": 0.9997608065605164}, "7": {"x": 0.5136873722076416, "y": 0.17311879992485046, "z": -0.02256111614406109, "vis": 0.9996829032897949}, "8": {"x": 0.5020975470542908, "y": 0.17190197110176086, "z": -0.05838581919670105, "vis": 0.9998045563697815}, "9": {"x": 0.5137678384780884, "y": 0.1993774175643921, "z": -0.07966132462024689, "vis": 0.999736487865448}, "10": {"x": 0.509976327419281, "y": 0.200880229473114, "z": -0.0900236964225769, "vis": 0.9997580647468567}, "11": {"x": 0.5329607129096985, "y": 0.2500552833080292, "z": 0.0028838501311838627, "vis": 0.9996850490570068}, "12": {"x": 0.4779345989227295, "y": 0.2253732979297638, "z": -0.06290245801210403, "vis": 0.9996262788772583}, "13": {"x": 0.5752374529838562, "y": 0.16560757160186768, "z": -0.004287669435143471, "vis": 0.9636658430099487}, "14": {"x": 0.4221411943435669, "y": 0.15022727847099304, "z": -0.12870000302791595, "vis": 0.9962418079376221}, "15": {"x": 0.6121162176132202, "y": 0.0692518949508667, "z": -0.05666631832718849, "vis": 0.9359785914421082}, "16": {"x": 0.3735281229019165, "y": 0.024192392826080322, "z": -0.1737094223499298, "vis": 0.9871308207511902}, "17": {"x": 0.6193720698356628, "y": 0.036865174770355225, "z": -0.07215283811092377, "vis": 0.8634518980979919}, "18": {"x": 0.3812582492828369, "y": -0.0041351318359375, "z": -0.196494460105896, "vis": 0.9603665471076965}, "19": {"x": 0.6171647906303406, "y": 0.03432464599609375, "z": -0.08506722003221512, "vis": 0.8665115237236023}, "20": {"x": 0.3844117820262909, "y": -0.011487722396850586, "z": -0.1995181441307068, "vis": 0.9603164196014404}, "21": {"x": 0.614525318145752, "y": 0.04724431037902832, "z": -0.06859821081161499, "vis": 0.8890318274497986}, "22": {"x": 0.38850435614585876, "y": -0.0008669495582580566, "z": -0.18114101886749268, "vis": 0.9646763205528259}, "23": {"x": 0.5481676459312439, "y": 0.6061452627182007, "z": 0.023179465904831886, "vis": 0.9997904896736145}, "24": {"x": 0.5218257904052734, "y": 0.5992773771286011, "z": -0.023132437840104103, "vis": 0.9996311664581299}, "25": {"x": 0.5901903510093689, "y": 0.8047208786010742, "z": -0.020478716120123863, "vis": 0.970095157623291}, "26": {"x": 0.511537492275238, "y": 0.8205287456512451, "z": -0.04609550163149834, "vis": 0.9784481525421143}, "27": {"x": 0.5960519909858704, "y": 0.9922685027122498, "z": 0.09011584520339966, "vis": 0.9378278851509094}, "28": {"x": 0.4511549770832062, "y": 0.8833692073822021, "z": 0.16312392055988312, "vis": 0.9219197034835815}, "29": {"x": 0.5916716456413269, "y": 1.006007432937622, "z": 0.09697967767715454, "vis": 0.8061144351959229}, "30": {"x": 0.4418538510799408, "y": 0.8836086392402649, "z": 0.18201400339603424, "vis": 0.8286265730857849}, "31": {"x": 0.6066979169845581, "y": 1.0538427829742432, "z": 0.008778579533100128, "vis": 0.8714209198951721}, "32": {"x": 0.4403188228607178, "y": 0.9091994762420654, "z": 0.12907671928405762, "vis": 0.8470174074172974}}