{"0": {"x": 0.23577375710010529, "y": 0.26692327857017517, "z": -0.46035054326057434, "vis": 0.9999969005584717}, "1": {"x": 0.24111703038215637, "y": 0.24526380002498627, "z": -0.45128685235977173, "vis": 0.9999912977218628}, "2": {"x": 0.24444274604320526, "y": 0.2432781457901001, "z": -0.4512596130371094, "vis": 0.9999903440475464}, "3": {"x": 0.2481061816215515, "y": 0.24147145450115204, "z": -0.4513458013534546, "vis": 0.9999910593032837}, "4": {"x": 0.23119302093982697, "y": 0.24824495613574982, "z": -0.4517427682876587, "vis": 0.9999926090240479}, "5": {"x": 0.2279575765132904, "y": 0.2481670379638672, "z": -0.45181965827941895, "vis": 0.9999903440475464}, "6": {"x": 0.22479040920734406, "y": 0.2479221522808075, "z": -0.4518144130706787, "vis": 0.9999904632568359}, "7": {"x": 0.2530345320701599, "y": 0.24195080995559692, "z": -0.34430697560310364, "vis": 0.9999794960021973}, "8": {"x": 0.2223399132490158, "y": 0.2505618631839752, "z": -0.3464199900627136, "vis": 0.9999887943267822}, "9": {"x": 0.2435040920972824, "y": 0.28138619661331177, "z": -0.4159345328807831, "vis": 0.9999979734420776}, "10": {"x": 0.23063698410987854, "y": 0.28258565068244934, "z": -0.4164871275424957, "vis": 0.9999974966049194}, "11": {"x": 0.29196780920028687, "y": 0.33310237526893616, "z": -0.2385084331035614, "vis": 0.9999945163726807}, "12": {"x": 0.1924421489238739, "y": 0.34904801845550537, "z": -0.24663835763931274, "vis": 0.9999897480010986}, "13": {"x": 0.3319747745990753, "y": 0.46068274974823, "z": -0.19849175214767456, "vis": 0.9987106323242188}, "14": {"x": 0.1661362498998642, "y": 0.4918966293334961, "z": -0.20085130631923676, "vis": 0.9982125759124756}, "15": {"x": 0.3604000210762024, "y": 0.603376567363739, "z": -0.28322747349739075, "vis": 0.9913868308067322}, "16": {"x": 0.1636229157447815, "y": 0.6422702670097351, "z": -0.2794836163520813, "vis": 0.9898659586906433}, "17": {"x": 0.36830586194992065, "y": 0.6481831073760986, "z": -0.3099506199359894, "vis": 0.9743310213088989}, "18": {"x": 0.16042156517505646, "y": 0.6832103133201599, "z": -0.306708961725235, "vis": 0.968675971031189}, "19": {"x": 0.36583006381988525, "y": 0.6535390019416809, "z": -0.3437236249446869, "vis": 0.9770047664642334}, "20": {"x": 0.16607871651649475, "y": 0.6823999881744385, "z": -0.3383026123046875, "vis": 0.97145676612854}, "21": {"x": 0.36264392733573914, "y": 0.6431651711463928, "z": -0.2980618178844452, "vis": 0.9760103821754456}, "22": {"x": 0.1692740023136139, "y": 0.6709619164466858, "z": -0.29267439246177673, "vis": 0.9676390290260315}, "23": {"x": 0.2772066295146942, "y": 0.6050732135772705, "z": -0.00413027498871088, "vis": 0.9998780488967896}, "24": {"x": 0.22541341185569763, "y": 0.6132540702819824, "z": 0.0042125326581299305, "vis": 0.9995488524436951}, "25": {"x": 0.2722647786140442, "y": 0.8159845471382141, "z": -0.07745391875505447, "vis": 0.9738170504570007}, "26": {"x": 0.24466215074062347, "y": 0.815212607383728, "z": 0.07463691383600235, "vis": 0.8633396029472351}, "27": {"x": 0.2694011330604553, "y": 0.9979684352874756, "z": -0.011376566253602505, "vis": 0.9315546751022339}, "28": {"x": 0.2662823796272278, "y": 0.8812308311462402, "z": 0.39568307995796204, "vis": 0.27687379717826843}, "29": {"x": 0.27062952518463135, "y": 1.0041126012802124, "z": -0.010534177534282207, "vis": 0.6469262838363647}, "30": {"x": 0.25591427087783813, "y": 0.882218599319458, "z": 0.4250951409339905, "vis": 0.23827022314071655}, "31": {"x": 0.2715514302253723, "y": 1.108184814453125, "z": -0.1272035539150238, "vis": 0.8725458979606628}, "32": {"x": 0.26315760612487793, "y": 0.9625773429870605, "z": 0.3711652457714081, "vis": 0.3300735354423523}}