{"0": {"x": 0.4852069020271301, "y": 0.2700892388820648, "z": -0.07143977284431458, "vis": 0.9990893602371216}, "1": {"x": 0.48706257343292236, "y": 0.2588174641132355, "z": -0.058851927518844604, "vis": 0.9988991022109985}, "2": {"x": 0.487933486700058, "y": 0.25943809747695923, "z": -0.058924898505210876, "vis": 0.9988154172897339}, "3": {"x": 0.48869866132736206, "y": 0.2600705623626709, "z": -0.058975640684366226, "vis": 0.9989858269691467}, "4": {"x": 0.48294317722320557, "y": 0.2556532621383667, "z": -0.06967560946941376, "vis": 0.9986549615859985}, "5": {"x": 0.48093724250793457, "y": 0.25428885221481323, "z": -0.06966251879930496, "vis": 0.9986416697502136}, "6": {"x": 0.47876715660095215, "y": 0.2531794011592865, "z": -0.0696917325258255, "vis": 0.998526930809021}, "7": {"x": 0.4856218695640564, "y": 0.261953741312027, "z": 0.006481518037617207, "vis": 0.9986188411712646}, "8": {"x": 0.4720456600189209, "y": 0.254970908164978, "z": -0.041603609919548035, "vis": 0.9988693594932556}, "9": {"x": 0.48439154028892517, "y": 0.28104686737060547, "z": -0.045795273035764694, "vis": 0.998760461807251}, "10": {"x": 0.480078786611557, "y": 0.2778800129890442, "z": -0.05987537279725075, "vis": 0.9994040727615356}, "11": {"x": 0.4858006536960602, "y": 0.30674630403518677, "z": 0.054936110973358154, "vis": 0.9997839331626892}, "12": {"x": 0.45175716280937195, "y": 0.2861199975013733, "z": -0.06646066904067993, "vis": 0.9997661709785461}, "13": {"x": 0.5100393295288086, "y": 0.33651965856552124, "z": 0.020175978541374207, "vis": 0.8137868642807007}, "14": {"x": 0.46081751585006714, "y": 0.3365975320339203, "z": -0.1369621455669403, "vis": 0.9863916635513306}, "15": {"x": 0.5418732762336731, "y": 0.3475914001464844, "z": -0.08117368817329407, "vis": 0.9228329658508301}, "16": {"x": 0.5020500421524048, "y": 0.3476037383079529, "z": -0.1762252002954483, "vis": 0.9736399054527283}, "17": {"x": 0.5551073551177979, "y": 0.3440874516963959, "z": -0.09872046113014221, "vis": 0.9171547293663025}, "18": {"x": 0.5155686140060425, "y": 0.3647213578224182, "z": -0.19548049569129944, "vis": 0.9482305645942688}, "19": {"x": 0.5560517907142639, "y": 0.3390693664550781, "z": -0.10976482927799225, "vis": 0.92263263463974}, "20": {"x": 0.5175053477287292, "y": 0.3541184067726135, "z": -0.19149836897850037, "vis": 0.9453316330909729}, "21": {"x": 0.5498301982879639, "y": 0.34165018796920776, "z": -0.089344322681427, "vis": 0.9161045551300049}, "22": {"x": 0.5134574174880981, "y": 0.3512151837348938, "z": -0.1747782677412033, "vis": 0.9131260514259338}, "23": {"x": 0.46377649903297424, "y": 0.4295903742313385, "z": 0.04328165575861931, "vis": 0.9994779229164124}, "24": {"x": 0.440888375043869, "y": 0.4282672107219696, "z": -0.04319337382912636, "vis": 0.9993533492088318}, "25": {"x": 0.49624279141426086, "y": 0.48844513297080994, "z": -0.00575533602386713, "vis": 0.809035062789917}, "26": {"x": 0.4797395169734955, "y": 0.49685347080230713, "z": -0.13877810537815094, "vis": 0.9796042442321777}, "27": {"x": 0.4658259153366089, "y": 0.5673907399177551, "z": 0.06820276379585266, "vis": 0.7331900000572205}, "28": {"x": 0.45193737745285034, "y": 0.5896824598312378, "z": -0.09606871008872986, "vis": 0.966328501701355}, "29": {"x": 0.45234838128089905, "y": 0.5707539916038513, "z": 0.07439859956502914, "vis": 0.7458117008209229}, "30": {"x": 0.44449764490127563, "y": 0.6032189726829529, "z": -0.09265711158514023, "vis": 0.8984233736991882}, "31": {"x": 0.478547066450119, "y": 0.5918487906455994, "z": 0.051230449229478836, "vis": 0.7546219825744629}, "32": {"x": 0.47103646397590637, "y": 0.6163920760154724, "z": -0.13611425459384918, "vis": 0.9585548639297485}}