{"0": {"x": 0.20325233042240143, "y": 0.4704510271549225, "z": -0.2967643141746521, "vis": 0.9974159002304077}, "1": {"x": 0.19510242342948914, "y": 0.4227311909198761, "z": -0.2883671820163727, "vis": 0.9961376786231995}, "2": {"x": 0.20004123449325562, "y": 0.4220302104949951, "z": -0.2884458005428314, "vis": 0.9961838126182556}, "3": {"x": 0.20783692598342896, "y": 0.42302101850509644, "z": -0.2886029779911041, "vis": 0.9964726567268372}, "4": {"x": 0.17838457226753235, "y": 0.4351414442062378, "z": -0.2898655831813812, "vis": 0.995128870010376}, "5": {"x": 0.1701308786869049, "y": 0.438557505607605, "z": -0.2899370491504669, "vis": 0.9940005540847778}, "6": {"x": 0.1661185771226883, "y": 0.4419477880001068, "z": -0.2900976240634918, "vis": 0.9938179850578308}, "7": {"x": 0.21459746360778809, "y": 0.43532776832580566, "z": -0.20403704047203064, "vis": 0.996480405330658}, "8": {"x": 0.15964536368846893, "y": 0.45254459977149963, "z": -0.21016575396060944, "vis": 0.9946980476379395}, "9": {"x": 0.21493873000144958, "y": 0.49295684695243835, "z": -0.260387659072876, "vis": 0.9984679818153381}, "10": {"x": 0.18223115801811218, "y": 0.4994753301143646, "z": -0.26215633749961853, "vis": 0.9969624876976013}, "11": {"x": 0.2678007185459137, "y": 0.555212140083313, "z": -0.16392511129379272, "vis": 0.9995953440666199}, "12": {"x": 0.14988508820533752, "y": 0.5699396133422852, "z": -0.13840612769126892, "vis": 0.9973589777946472}, "13": {"x": 0.29256245493888855, "y": 0.7484855651855469, "z": -0.2088724672794342, "vis": 0.9315632581710815}, "14": {"x": 0.12341859936714172, "y": 0.7338248491287231, "z": -0.16073916852474213, "vis": 0.7386197447776794}, "15": {"x": 0.23275789618492126, "y": 0.7657934427261353, "z": -0.30803433060646057, "vis": 0.9030285477638245}, "16": {"x": 0.12486596405506134, "y": 0.7200505137443542, "z": -0.2586173117160797, "vis": 0.7115089297294617}, "17": {"x": 0.21531325578689575, "y": 0.7882729768753052, "z": -0.33087286353111267, "vis": 0.8687759041786194}, "18": {"x": 0.127468079328537, "y": 0.730195939540863, "z": -0.2772338390350342, "vis": 0.6865139603614807}, "19": {"x": 0.20784032344818115, "y": 0.7491580247879028, "z": -0.32139289379119873, "vis": 0.8701509833335876}, "20": {"x": 0.12594279646873474, "y": 0.700318455696106, "z": -0.28341203927993774, "vis": 0.6897687911987305}, "21": {"x": 0.2102285921573639, "y": 0.7442454695701599, "z": -0.30339565873146057, "vis": 0.8566935658454895}, "22": {"x": 0.12977512180805206, "y": 0.7005059123039246, "z": -0.26272931694984436, "vis": 0.680709719657898}, "23": {"x": 0.2421543002128601, "y": 0.8689383268356323, "z": -0.0156849455088377, "vis": 0.9762804508209229}, "24": {"x": 0.17899417877197266, "y": 0.8582594394683838, "z": 0.01589258387684822, "vis": 0.979286789894104}, "25": {"x": 0.2379019558429718, "y": 0.9784143567085266, "z": -0.08654842525720596, "vis": 0.12551137804985046}, "26": {"x": 0.15589983761310577, "y": 0.9501711130142212, "z": -0.0980607196688652, "vis": 0.19588682055473328}, "27": {"x": 0.2322694957256317, "y": 1.1456000804901123, "z": 0.10844117403030396, "vis": 0.03726153075695038}, "28": {"x": 0.16264855861663818, "y": 1.145704746246338, "z": 0.08677224814891815, "vis": 0.11238650977611542}, "29": {"x": 0.23152437806129456, "y": 1.1663092374801636, "z": 0.12533068656921387, "vis": 0.07708775252103806}, "30": {"x": 0.17154912650585175, "y": 1.1679545640945435, "z": 0.10590168833732605, "vis": 0.1718897521495819}, "31": {"x": 0.23763316869735718, "y": 1.2325249910354614, "z": 0.07838118821382523, "vis": 0.03360012546181679}, "32": {"x": 0.1381116360425949, "y": 1.2490278482437134, "z": 0.05454649403691292, "vis": 0.10450951755046844}}