{"0": {"x": 0.5592741370201111, "y": 0.42507657408714294, "z": -0.17442388832569122, "vis": 0.999334990978241}, "1": {"x": 0.5666552782058716, "y": 0.40253782272338867, "z": -0.16101472079753876, "vis": 0.9994124174118042}, "2": {"x": 0.5708255767822266, "y": 0.40160658955574036, "z": -0.1610906422138214, "vis": 0.9991482496261597}, "3": {"x": 0.5746310353279114, "y": 0.40075546503067017, "z": -0.16122135519981384, "vis": 0.9993175268173218}, "4": {"x": 0.5555832386016846, "y": 0.4036686420440674, "z": -0.15877018868923187, "vis": 0.9992687106132507}, "5": {"x": 0.552596390247345, "y": 0.40356385707855225, "z": -0.15885284543037415, "vis": 0.9989746809005737}, "6": {"x": 0.549677312374115, "y": 0.40361666679382324, "z": -0.15895405411720276, "vis": 0.9991900324821472}, "7": {"x": 0.5819643139839172, "y": 0.4094126224517822, "z": -0.07863149791955948, "vis": 0.9994421601295471}, "8": {"x": 0.5502470135688782, "y": 0.4155971109867096, "z": -0.06662086397409439, "vis": 0.999583899974823}, "9": {"x": 0.5680742263793945, "y": 0.443423330783844, "z": -0.14302542805671692, "vis": 0.9997627139091492}, "10": {"x": 0.5546241402626038, "y": 0.4458708167076111, "z": -0.14002545177936554, "vis": 0.9996589422225952}, "11": {"x": 0.6180244088172913, "y": 0.5200395584106445, "z": -0.01857706718146801, "vis": 0.9994018077850342}, "12": {"x": 0.5343458652496338, "y": 0.5215063691139221, "z": -0.04382481053471565, "vis": 0.9994745850563049}, "13": {"x": 0.6357094049453735, "y": 0.6364078521728516, "z": 0.027078796178102493, "vis": 0.8812586665153503}, "14": {"x": 0.5026266574859619, "y": 0.5034878253936768, "z": -0.09225405007600784, "vis": 0.9957696199417114}, "15": {"x": 0.637478232383728, "y": 0.7146381735801697, "z": 0.028466224670410156, "vis": 0.6896352171897888}, "16": {"x": 0.5398776531219482, "y": 0.3905353844165802, "z": -0.08989305794239044, "vis": 0.9818124175071716}, "17": {"x": 0.6358442902565002, "y": 0.7422354221343994, "z": 0.021685659885406494, "vis": 0.5818998217582703}, "18": {"x": 0.549764096736908, "y": 0.3495576083660126, "z": -0.10866449773311615, "vis": 0.9190954566001892}, "19": {"x": 0.6312411427497864, "y": 0.7276187539100647, "z": 0.0046299900859594345, "vis": 0.5840427279472351}, "20": {"x": 0.552848756313324, "y": 0.3507346212863922, "z": -0.0916975662112236, "vis": 0.9009641408920288}, "21": {"x": 0.6303225755691528, "y": 0.7160720825195312, "z": 0.021915962919592857, "vis": 0.5808200240135193}, "22": {"x": 0.5510444641113281, "y": 0.3676457405090332, "z": -0.08553805202245712, "vis": 0.8961487412452698}, "23": {"x": 0.6142183542251587, "y": 0.793749988079071, "z": 0.006974587682634592, "vis": 0.9996073842048645}, "24": {"x": 0.5603819489479065, "y": 0.8047709465026855, "z": -0.006813066080212593, "vis": 0.9996542930603027}, "25": {"x": 0.633620023727417, "y": 0.9897022843360901, "z": -0.025369957089424133, "vis": 0.8922057151794434}, "26": {"x": 0.5729131698608398, "y": 1.0083439350128174, "z": 0.003628011094406247, "vis": 0.8401276469230652}, "27": {"x": 0.634806752204895, "y": 1.1219556331634521, "z": 0.1977735012769699, "vis": 0.24377942085266113}, "28": {"x": 0.580820620059967, "y": 1.1315513849258423, "z": 0.29809051752090454, "vis": 0.08957060426473618}, "29": {"x": 0.6320338845252991, "y": 1.1424129009246826, "z": 0.2183477282524109, "vis": 0.17765356600284576}, "30": {"x": 0.5836101174354553, "y": 1.143049716949463, "z": 0.32617777585983276, "vis": 0.052351951599121094}, "31": {"x": 0.644603967666626, "y": 1.1836364269256592, "z": 0.13506606221199036, "vis": 0.15160152316093445}, "32": {"x": 0.5834375023841858, "y": 1.194159984588623, "z": 0.24866534769535065, "vis": 0.056569188833236694}}