{"0": {"x": 0.5551143884658813, "y": 0.37337714433670044, "z": -0.21663987636566162, "vis": 0.9908223152160645}, "1": {"x": 0.5598800778388977, "y": 0.35107317566871643, "z": -0.2044943869113922, "vis": 0.9872556924819946}, "2": {"x": 0.5637980103492737, "y": 0.34911617636680603, "z": -0.20456813275814056, "vis": 0.9849960803985596}, "3": {"x": 0.5677669644355774, "y": 0.3475892245769501, "z": -0.20472513139247894, "vis": 0.9915487170219421}, "4": {"x": 0.5510237216949463, "y": 0.3555856943130493, "z": -0.1975162923336029, "vis": 0.9577456712722778}, "5": {"x": 0.548390805721283, "y": 0.35673001408576965, "z": -0.19754250347614288, "vis": 0.9322339296340942}, "6": {"x": 0.5458211898803711, "y": 0.3578757047653198, "z": -0.19757333397865295, "vis": 0.9341224431991577}, "7": {"x": 0.577223002910614, "y": 0.3527592420578003, "z": -0.1285276859998703, "vis": 0.9964266419410706}, "8": {"x": 0.5471842885017395, "y": 0.3635496199131012, "z": -0.09544577449560165, "vis": 0.9569694995880127}, "9": {"x": 0.5653311610221863, "y": 0.3889404833316803, "z": -0.18790780007839203, "vis": 0.998099148273468}, "10": {"x": 0.5535812973976135, "y": 0.392916738986969, "z": -0.17888414859771729, "vis": 0.9914430975914001}, "11": {"x": 0.614538848400116, "y": 0.45006880164146423, "z": -0.10588385164737701, "vis": 0.9999096393585205}, "12": {"x": 0.529116153717041, "y": 0.4363440275192261, "z": -0.046736929565668106, "vis": 0.9940189123153687}, "13": {"x": 0.6661179661750793, "y": 0.5421135425567627, "z": -0.12948639690876007, "vis": 0.9971421360969543}, "14": {"x": 0.49736881256103516, "y": 0.32982030510902405, "z": -0.05847419798374176, "vis": 0.995524525642395}, "15": {"x": 0.6355277299880981, "y": 0.6190074682235718, "z": -0.18867000937461853, "vis": 0.9445939064025879}, "16": {"x": 0.5168063044548035, "y": 0.2287837564945221, "z": -0.006919871084392071, "vis": 0.8320538401603699}, "17": {"x": 0.6257438659667969, "y": 0.6450324654579163, "z": -0.21429719030857086, "vis": 0.8716776371002197}, "18": {"x": 0.5271859765052795, "y": 0.21448127925395966, "z": -0.026104329153895378, "vis": 0.6043248176574707}, "19": {"x": 0.6184458136558533, "y": 0.6251830458641052, "z": -0.215403750538826, "vis": 0.869898796081543}, "20": {"x": 0.5287630558013916, "y": 0.21810762584209442, "z": -0.01618397794663906, "vis": 0.5562386512756348}, "21": {"x": 0.6201804280281067, "y": 0.6160534620285034, "z": -0.1890266239643097, "vis": 0.8474779725074768}, "22": {"x": 0.5264236927032471, "y": 0.1954546719789505, "z": -0.008173590525984764, "vis": 0.5989320278167725}, "23": {"x": 0.6049715876579285, "y": 0.7063043117523193, "z": -0.014743792824447155, "vis": 0.9988798499107361}, "24": {"x": 0.5570216178894043, "y": 0.7188668251037598, "z": 0.014899233356118202, "vis": 0.9982295632362366}, "25": {"x": 0.6097623705863953, "y": 0.8902705907821655, "z": -0.029910258948802948, "vis": 0.412637323141098}, "26": {"x": 0.5707741975784302, "y": 0.8861650824546814, "z": 0.02109144628047943, "vis": 0.3912091851234436}, "27": {"x": 0.6154622435569763, "y": 0.9764737486839294, "z": 0.19304414093494415, "vis": 0.1312706470489502}, "28": {"x": 0.5901269316673279, "y": 0.983985960483551, "z": 0.27070584893226624, "vis": 0.14074261486530304}, "29": {"x": 0.6176556944847107, "y": 0.9727457761764526, "z": 0.21384520828723907, "vis": 0.18562361598014832}, "30": {"x": 0.5920044779777527, "y": 1.0177178382873535, "z": 0.29425373673439026, "vis": 0.2183280736207962}, "31": {"x": 0.6106044054031372, "y": 1.0447590351104736, "z": 0.12772944569587708, "vis": 0.13571825623512268}, "32": {"x": 0.5869402885437012, "y": 1.0812443494796753, "z": 0.2124727964401245, "vis": 0.16746830940246582}}