{"0": {"x": 0.5058846473693848, "y": 0.8846293687820435, "z": -0.16777464747428894, "vis": 0.9988214373588562}, "1": {"x": 0.5075564980506897, "y": 0.88243567943573, "z": -0.1782003790140152, "vis": 0.9992302656173706}, "2": {"x": 0.5095019340515137, "y": 0.8823893070220947, "z": -0.17816711962223053, "vis": 0.998894989490509}, "3": {"x": 0.5108256936073303, "y": 0.8825225830078125, "z": -0.17817199230194092, "vis": 0.9988658428192139}, "4": {"x": 0.5034509301185608, "y": 0.882502019405365, "z": -0.17773368954658508, "vis": 0.9994279742240906}, "5": {"x": 0.5011833310127258, "y": 0.8806626796722412, "z": -0.1778022050857544, "vis": 0.9993188381195068}, "6": {"x": 0.49957215785980225, "y": 0.880365252494812, "z": -0.17785221338272095, "vis": 0.999447762966156}, "7": {"x": 0.5156180262565613, "y": 0.8773327469825745, "z": -0.17645402252674103, "vis": 0.9973323345184326}, "8": {"x": 0.4962646961212158, "y": 0.8735973834991455, "z": -0.1746237576007843, "vis": 0.9990719556808472}, "9": {"x": 0.5085620880126953, "y": 0.8794495463371277, "z": -0.1612679809331894, "vis": 0.9988608360290527}, "10": {"x": 0.5031384229660034, "y": 0.8788934350013733, "z": -0.1608075499534607, "vis": 0.9992889165878296}, "11": {"x": 0.5322012305259705, "y": 0.8534948825836182, "z": -0.11572707444429398, "vis": 0.9992789626121521}, "12": {"x": 0.47940993309020996, "y": 0.8507879376411438, "z": -0.12891921401023865, "vis": 0.9998301267623901}, "13": {"x": 0.5381308794021606, "y": 0.8337731957435608, "z": -0.013858119025826454, "vis": 0.21810458600521088}, "14": {"x": 0.4757409691810608, "y": 0.8184837698936462, "z": -0.05231807753443718, "vis": 0.5297542214393616}, "15": {"x": 0.5295999646186829, "y": 0.8688502311706543, "z": 0.06257328391075134, "vis": 0.2510409355163574}, "16": {"x": 0.48223626613616943, "y": 0.8503392934799194, "z": 0.0019712471403181553, "vis": 0.2372930943965912}, "17": {"x": 0.5322627425193787, "y": 0.8726292252540588, "z": 0.06551054120063782, "vis": 0.3740980327129364}, "18": {"x": 0.4793199300765991, "y": 0.8548731803894043, "z": 0.0027395947836339474, "vis": 0.3222710192203522}, "19": {"x": 0.5259984731674194, "y": 0.8724977970123291, "z": 0.05490587651729584, "vis": 0.3622402548789978}, "20": {"x": 0.48473024368286133, "y": 0.8556737899780273, "z": -0.010322998277842999, "vis": 0.3196161091327667}, "21": {"x": 0.5228468179702759, "y": 0.8740569353103638, "z": 0.06070469319820404, "vis": 0.3267149031162262}, "22": {"x": 0.4871233403682709, "y": 0.8553242683410645, "z": -0.0012816018424928188, "vis": 0.31347841024398804}, "23": {"x": 0.5194746255874634, "y": 0.7836323976516724, "z": 0.009060540236532688, "vis": 0.9998462200164795}, "24": {"x": 0.4899497926235199, "y": 0.7796381115913391, "z": -0.009076995775103569, "vis": 0.999908447265625}, "25": {"x": 0.5121794939041138, "y": 0.8371327519416809, "z": 0.10370630025863647, "vis": 0.07946442812681198}, "26": {"x": 0.4792355000972748, "y": 0.8067132234573364, "z": 0.056029681116342545, "vis": 0.11703167855739594}, "27": {"x": 0.5108449459075928, "y": 0.7838736772537231, "z": 0.2492659091949463, "vis": 0.11448098719120026}, "28": {"x": 0.49507105350494385, "y": 0.7734365463256836, "z": 0.20692579448223114, "vis": 0.12178431451320648}, "29": {"x": 0.5115132331848145, "y": 0.7710180282592773, "z": 0.26515188813209534, "vis": 0.13109929859638214}, "30": {"x": 0.49823132157325745, "y": 0.7634970545768738, "z": 0.22410441935062408, "vis": 0.16651861369609833}, "31": {"x": 0.5065435767173767, "y": 0.792019248008728, "z": 0.27085110545158386, "vis": 0.06224261224269867}, "32": {"x": 0.497545063495636, "y": 0.7869895100593567, "z": 0.23148053884506226, "vis": 0.05829434096813202}}