{"0": {"x": 0.1992003619670868, "y": 0.6987637281417847, "z": -0.06967674195766449, "vis": 0.9988473653793335}, "1": {"x": 0.1975867748260498, "y": 0.6828349828720093, "z": -0.060215119272470474, "vis": 0.9989795088768005}, "2": {"x": 0.1972595751285553, "y": 0.6816680431365967, "z": -0.06030783802270889, "vis": 0.9991329312324524}, "3": {"x": 0.19683416187763214, "y": 0.6805613040924072, "z": -0.06040989235043526, "vis": 0.9993002414703369}, "4": {"x": 0.19622410833835602, "y": 0.6837937831878662, "z": -0.07533543556928635, "vis": 0.9990625977516174}, "5": {"x": 0.19499005377292633, "y": 0.6833810806274414, "z": -0.07534118741750717, "vis": 0.9988419413566589}, "6": {"x": 0.19362705945968628, "y": 0.6830941438674927, "z": -0.0753551498055458, "vis": 0.9985296726226807}, "7": {"x": 0.18847599625587463, "y": 0.681071400642395, "z": -0.020269988104701042, "vis": 0.9988773465156555}, "8": {"x": 0.1845150887966156, "y": 0.6832395195960999, "z": -0.08820462971925735, "vis": 0.9981038570404053}, "9": {"x": 0.1955258995294571, "y": 0.7077996730804443, "z": -0.054748181253671646, "vis": 0.9986000657081604}, "10": {"x": 0.19325388967990875, "y": 0.7088438272476196, "z": -0.07433667778968811, "vis": 0.9985834360122681}, "11": {"x": 0.18569493293762207, "y": 0.748065173625946, "z": 0.006383699830621481, "vis": 0.9993690848350525}, "12": {"x": 0.15099216997623444, "y": 0.7403260469436646, "z": -0.10921318829059601, "vis": 0.9973973035812378}, "13": {"x": 0.1870700567960739, "y": 0.8445966243743896, "z": 0.01646154746413231, "vis": 0.3015285134315491}, "14": {"x": 0.13299506902694702, "y": 0.825231671333313, "z": -0.1195954829454422, "vis": 0.4532032012939453}, "15": {"x": 0.2087685465812683, "y": 0.9052695035934448, "z": -0.008302138186991215, "vis": 0.41564521193504333}, "16": {"x": 0.15820257365703583, "y": 0.8875649571418762, "z": -0.09835968911647797, "vis": 0.23645246028900146}, "17": {"x": 0.21650920808315277, "y": 0.9186947345733643, "z": -0.010638967156410217, "vis": 0.4240517020225525}, "18": {"x": 0.16138824820518494, "y": 0.9031175374984741, "z": -0.10448938608169556, "vis": 0.24399341642856598}, "19": {"x": 0.21727977693080902, "y": 0.9168882369995117, "z": -0.022349542006850243, "vis": 0.45411285758018494}, "20": {"x": 0.16597765684127808, "y": 0.8939386010169983, "z": -0.1073978841304779, "vis": 0.24584898352622986}, "21": {"x": 0.2123202085494995, "y": 0.9143627285957336, "z": -0.014430863782763481, "vis": 0.4422151744365692}, "22": {"x": 0.1639537811279297, "y": 0.8888676762580872, "z": -0.09907752275466919, "vis": 0.2145087867975235}, "23": {"x": 0.1496853232383728, "y": 0.8748875856399536, "z": 0.03738725557923317, "vis": 0.998896598815918}, "24": {"x": 0.12157643586397171, "y": 0.8770075440406799, "z": -0.0373527891933918, "vis": 0.9994230270385742}, "25": {"x": 0.1939735859632492, "y": 0.8939741253852844, "z": 0.05474313721060753, "vis": 0.7173368334770203}, "26": {"x": 0.14348134398460388, "y": 0.8707128763198853, "z": -0.16410306096076965, "vis": 0.9700104594230652}, "27": {"x": 0.16529065370559692, "y": 0.9293213486671448, "z": 0.07812349498271942, "vis": 0.6651435494422913}, "28": {"x": 0.11341772973537445, "y": 0.9283215403556824, "z": -0.06940695643424988, "vis": 0.7499692440032959}, "29": {"x": 0.1568835973739624, "y": 0.9340298771858215, "z": 0.08100181072950363, "vis": 0.6042386889457703}, "30": {"x": 0.10597992688417435, "y": 0.9289489388465881, "z": -0.05766075477004051, "vis": 0.6392806172370911}, "31": {"x": 0.18047696352005005, "y": 0.954386293888092, "z": 0.08939889818429947, "vis": 0.6654580235481262}, "32": {"x": 0.12600503861904144, "y": 0.9823382496833801, "z": -0.048870932310819626, "vis": 0.685135543346405}}