{"0": {"x": 0.4084446132183075, "y": 0.21948471665382385, "z": -0.13973380625247955, "vis": 0.961880624294281}, "1": {"x": 0.4113767743110657, "y": 0.21012800931930542, "z": -0.13285131752490997, "vis": 0.9296764135360718}, "2": {"x": 0.4125823378562927, "y": 0.21061845123767853, "z": -0.13289694488048553, "vis": 0.9295137524604797}, "3": {"x": 0.4138210713863373, "y": 0.2111695259809494, "z": -0.1329358071088791, "vis": 0.9256941676139832}, "4": {"x": 0.4070460796356201, "y": 0.20720291137695312, "z": -0.1369086503982544, "vis": 0.936253547668457}, "5": {"x": 0.40504297614097595, "y": 0.20567066967487335, "z": -0.13693048059940338, "vis": 0.9294481873512268}, "6": {"x": 0.40289950370788574, "y": 0.2039811760187149, "z": -0.13699854910373688, "vis": 0.9292719960212708}, "7": {"x": 0.41284191608428955, "y": 0.21063119173049927, "z": -0.06728266924619675, "vis": 0.9007726311683655}, "8": {"x": 0.39719030261039734, "y": 0.20058628916740417, "z": -0.08672062307596207, "vis": 0.9155740141868591}, "9": {"x": 0.40858444571495056, "y": 0.22786536812782288, "z": -0.11213415861129761, "vis": 0.967609703540802}, "10": {"x": 0.40254074335098267, "y": 0.22487705945968628, "z": -0.11806413531303406, "vis": 0.9857341051101685}, "11": {"x": 0.41747602820396423, "y": 0.24972853064537048, "z": -0.028791408985853195, "vis": 0.9975292086601257}, "12": {"x": 0.3728932738304138, "y": 0.21847817301750183, "z": -0.05468635633587837, "vis": 0.9995951056480408}, "13": {"x": 0.40864431858062744, "y": 0.28810882568359375, "z": -0.10024068504571915, "vis": 0.9093071222305298}, "14": {"x": 0.35696184635162354, "y": 0.28180205821990967, "z": -0.13826467096805573, "vis": 0.9407461285591125}, "15": {"x": 0.3873421847820282, "y": 0.24137495458126068, "z": -0.2109699696302414, "vis": 0.9431142807006836}, "16": {"x": 0.3681028187274933, "y": 0.2581768035888672, "z": -0.25943928956985474, "vis": 0.9242315292358398}, "17": {"x": 0.38223996758461, "y": 0.23136784136295319, "z": -0.23694565892219543, "vis": 0.9104563593864441}, "18": {"x": 0.3708244264125824, "y": 0.25594913959503174, "z": -0.2860151529312134, "vis": 0.8756588697433472}, "19": {"x": 0.3829927444458008, "y": 0.22359654307365417, "z": -0.23147572576999664, "vis": 0.9049070477485657}, "20": {"x": 0.3740710914134979, "y": 0.24757793545722961, "z": -0.2838340997695923, "vis": 0.8741570711135864}, "21": {"x": 0.38409873843193054, "y": 0.2298683524131775, "z": -0.21135587990283966, "vis": 0.8694559335708618}, "22": {"x": 0.3743206262588501, "y": 0.25135427713394165, "z": -0.2613292336463928, "vis": 0.8343182802200317}, "23": {"x": 0.4005618989467621, "y": 0.3844873309135437, "z": 0.02621762827038765, "vis": 0.9923214316368103}, "24": {"x": 0.37143975496292114, "y": 0.3805728554725647, "z": -0.02613222226500511, "vis": 0.9973723888397217}, "25": {"x": 0.41050368547439575, "y": 0.4888027310371399, "z": -0.003268454922363162, "vis": 0.8553035259246826}, "26": {"x": 0.3883665204048157, "y": 0.4904535710811615, "z": -0.11069738119840622, "vis": 0.9592556357383728}, "27": {"x": 0.38905930519104004, "y": 0.569184422492981, "z": 0.09713444858789444, "vis": 0.6415775418281555}, "28": {"x": 0.3860597014427185, "y": 0.6061235666275024, "z": -0.07386905699968338, "vis": 0.9420901536941528}, "29": {"x": 0.38235151767730713, "y": 0.5716004967689514, "z": 0.1051831841468811, "vis": 0.5805234909057617}, "30": {"x": 0.38309699296951294, "y": 0.6228483319282532, "z": -0.07265325635671616, "vis": 0.7794380784034729}, "31": {"x": 0.39498186111450195, "y": 0.613615870475769, "z": 0.06572123616933823, "vis": 0.7238925695419312}, "32": {"x": 0.39595168828964233, "y": 0.6363090872764587, "z": -0.146918386220932, "vis": 0.9284076690673828}}