{"0": {"x": 0.08788397908210754, "y": 0.5550724864006042, "z": 0.052418410778045654, "vis": 0.9998934268951416}, "1": {"x": 0.0690125972032547, "y": 0.5335922241210938, "z": 0.05738577991724014, "vis": 0.9998471736907959}, "2": {"x": 0.0647910088300705, "y": 0.5140485763549805, "z": 0.05730872601270676, "vis": 0.999835729598999}, "3": {"x": 0.06595808267593384, "y": 0.5086067914962769, "z": 0.057175129652023315, "vis": 0.9998689889907837}, "4": {"x": 0.06695669889450073, "y": 0.5462955236434937, "z": 0.07418452203273773, "vis": 0.999775230884552}, "5": {"x": 0.06641829013824463, "y": 0.5612940192222595, "z": 0.07426702976226807, "vis": 0.9996517896652222}, "6": {"x": 0.06696882843971252, "y": 0.564841091632843, "z": 0.07416296005249023, "vis": 0.999744713306427}, "7": {"x": 0.08138047158718109, "y": 0.4748697876930237, "z": 0.10113117098808289, "vis": 0.9997954964637756}, "8": {"x": 0.0852368026971817, "y": 0.5454056262969971, "z": 0.17636767029762268, "vis": 0.9997747540473938}, "9": {"x": 0.10124731808900833, "y": 0.5281915664672852, "z": 0.06821700185537338, "vis": 0.999672532081604}, "10": {"x": 0.10300624370574951, "y": 0.5582122206687927, "z": 0.09012642502784729, "vis": 0.9994688630104065}, "11": {"x": 0.1270025372505188, "y": 0.40064048767089844, "z": 0.05888825282454491, "vis": 0.9999668598175049}, "12": {"x": 0.15502764284610748, "y": 0.5791343450546265, "z": 0.22671660780906677, "vis": 0.9994075298309326}, "13": {"x": 0.16216573119163513, "y": 0.3175854980945587, "z": -0.1246425211429596, "vis": 0.9835959672927856}, "14": {"x": 0.22941073775291443, "y": 0.6320298314094543, "z": 0.26843690872192383, "vis": 0.08859053999185562}, "15": {"x": 0.12046591937541962, "y": 0.4079032242298126, "z": -0.2384243905544281, "vis": 0.9492074847221375}, "16": {"x": 0.2701333463191986, "y": 0.6390789151191711, "z": 0.22143103182315826, "vis": 0.10669172555208206}, "17": {"x": 0.11343374103307724, "y": 0.4244232773780823, "z": -0.2624925673007965, "vis": 0.8940387964248657}, "18": {"x": 0.2902163565158844, "y": 0.6417984962463379, "z": 0.22015930712223053, "vis": 0.11711596697568893}, "19": {"x": 0.10764188319444656, "y": 0.43442779779434204, "z": -0.2323502004146576, "vis": 0.87958163022995}, "20": {"x": 0.28325849771499634, "y": 0.6377058029174805, "z": 0.20068830251693726, "vis": 0.1138213500380516}, "21": {"x": 0.11522094160318375, "y": 0.43258923292160034, "z": -0.2280901074409485, "vis": 0.8609486222267151}, "22": {"x": 0.2780023217201233, "y": 0.632152259349823, "z": 0.2124490886926651, "vis": 0.12287009507417679}, "23": {"x": 0.3185834586620331, "y": 0.45044153928756714, "z": -0.05215113237500191, "vis": 0.9999738931655884}, "24": {"x": 0.33265256881713867, "y": 0.5753669738769531, "z": 0.05195236951112747, "vis": 0.9999350309371948}, "25": {"x": 0.3657194972038269, "y": 0.5168322324752808, "z": -0.22293595969676971, "vis": 0.869304895401001}, "26": {"x": 0.39933857321739197, "y": 0.7373133897781372, "z": -0.10715250670909882, "vis": 0.4504937529563904}, "27": {"x": 0.49953630566596985, "y": 0.47226420044898987, "z": -0.20486606657505035, "vis": 0.7708066701889038}, "28": {"x": 0.5310965180397034, "y": 0.5976647138595581, "z": -0.08876918256282806, "vis": 0.5151229500770569}, "29": {"x": 0.5109173655509949, "y": 0.4578626751899719, "z": -0.1989077627658844, "vis": 0.8466286063194275}, "30": {"x": 0.547380268573761, "y": 0.5455228090286255, "z": -0.08810953795909882, "vis": 0.6514322757720947}, "31": {"x": 0.5799645185470581, "y": 0.4494035243988037, "z": -0.23495857417583466, "vis": 0.8240459561347961}, "32": {"x": 0.5947846174240112, "y": 0.660771369934082, "z": -0.1354667991399765, "vis": 0.6027572154998779}}