{"0": {"x": 0.4477132260799408, "y": 0.7958297729492188, "z": -0.14689841866493225, "vis": 0.990602970123291}, "1": {"x": 0.45038166642189026, "y": 0.7996953129768372, "z": -0.17053675651550293, "vis": 0.9884870052337646}, "2": {"x": 0.45222732424736023, "y": 0.7990880012512207, "z": -0.1704438030719757, "vis": 0.9882915616035461}, "3": {"x": 0.454167902469635, "y": 0.7986871600151062, "z": -0.17038816213607788, "vis": 0.9893803596496582}, "4": {"x": 0.4450255334377289, "y": 0.8016421794891357, "z": -0.16693556308746338, "vis": 0.9899479150772095}, "5": {"x": 0.44342222809791565, "y": 0.8022278547286987, "z": -0.16694115102291107, "vis": 0.9903209805488586}, "6": {"x": 0.44152581691741943, "y": 0.8019698262214661, "z": -0.16691932082176208, "vis": 0.9914857745170593}, "7": {"x": 0.4559907913208008, "y": 0.7899454236030579, "z": -0.22616712749004364, "vis": 0.9867355823516846}, "8": {"x": 0.433521568775177, "y": 0.7799159288406372, "z": -0.2076794058084488, "vis": 0.9775099158287048}, "9": {"x": 0.45105963945388794, "y": 0.7859722375869751, "z": -0.1601032316684723, "vis": 0.9867725968360901}, "10": {"x": 0.44527485966682434, "y": 0.7883243560791016, "z": -0.1551465392112732, "vis": 0.9898157119750977}, "11": {"x": 0.47044557332992554, "y": 0.7586718797683716, "z": -0.21487288177013397, "vis": 0.9764682054519653}, "12": {"x": 0.4229435920715332, "y": 0.7512116432189941, "z": -0.16734397411346436, "vis": 0.9816144108772278}, "13": {"x": 0.4616585671901703, "y": 0.8361327052116394, "z": -0.19424700736999512, "vis": 0.8961806297302246}, "14": {"x": 0.4256959557533264, "y": 0.8226277828216553, "z": -0.12510675191879272, "vis": 0.4648653268814087}, "15": {"x": 0.4544280171394348, "y": 0.9112145900726318, "z": -0.1864771991968155, "vis": 0.774828314781189}, "16": {"x": 0.4332807958126068, "y": 0.9121926426887512, "z": -0.1488945186138153, "vis": 0.6718252897262573}, "17": {"x": 0.46139824390411377, "y": 0.9166593551635742, "z": -0.21028319001197815, "vis": 0.6970768570899963}, "18": {"x": 0.43088477849960327, "y": 0.9268778562545776, "z": -0.17122942209243774, "vis": 0.642924427986145}, "19": {"x": 0.4510115087032318, "y": 0.921599268913269, "z": -0.21885579824447632, "vis": 0.6979353427886963}, "20": {"x": 0.4379065930843353, "y": 0.9306780099868774, "z": -0.19096171855926514, "vis": 0.6373401284217834}, "21": {"x": 0.4492109417915344, "y": 0.9182888269424438, "z": -0.1915421336889267, "vis": 0.6854140758514404}, "22": {"x": 0.44046249985694885, "y": 0.9263466596603394, "z": -0.1588968187570572, "vis": 0.6109841465950012}, "23": {"x": 0.47402113676071167, "y": 0.6196204423904419, "z": -0.02112572453916073, "vis": 0.9933387637138367}, "24": {"x": 0.44400307536125183, "y": 0.6221238374710083, "z": 0.021150954067707062, "vis": 0.9925246834754944}, "25": {"x": 0.48826462030410767, "y": 0.746719241142273, "z": -0.00859742984175682, "vis": 0.47952592372894287}, "26": {"x": 0.446173757314682, "y": 0.745175302028656, "z": 0.034558262676000595, "vis": 0.208555668592453}, "27": {"x": 0.4940587878227234, "y": 0.8377300500869751, "z": 0.08623986691236496, "vis": 0.5244646668434143}, "28": {"x": 0.45790618658065796, "y": 0.8549461364746094, "z": 0.11992863565683365, "vis": 0.540031909942627}, "29": {"x": 0.4945766031742096, "y": 0.8510357737541199, "z": 0.09239137917757034, "vis": 0.4417780935764313}, "30": {"x": 0.4642142951488495, "y": 0.8641360998153687, "z": 0.12556585669517517, "vis": 0.49598827958106995}, "31": {"x": 0.49319779872894287, "y": 0.8726562857627869, "z": 0.020038867369294167, "vis": 0.5525680780410767}, "32": {"x": 0.45463305711746216, "y": 0.908157229423523, "z": 0.05759381130337715, "vis": 0.5677142143249512}}