{"0": {"x": 0.38374635577201843, "y": 0.45925936102867126, "z": -0.07717432081699371, "vis": 0.999739944934845}, "1": {"x": 0.383613258600235, "y": 0.4468715786933899, "z": -0.06900976598262787, "vis": 0.9998199343681335}, "2": {"x": 0.38315877318382263, "y": 0.4461362063884735, "z": -0.06901814043521881, "vis": 0.9998015761375427}, "3": {"x": 0.3827240765094757, "y": 0.44551485776901245, "z": -0.06903726607561111, "vis": 0.9998362064361572}, "4": {"x": 0.38321295380592346, "y": 0.4472365081310272, "z": -0.09155090898275375, "vis": 0.9998730421066284}, "5": {"x": 0.38245049118995667, "y": 0.4468095004558563, "z": -0.09157835692167282, "vis": 0.9998666048049927}, "6": {"x": 0.3816564977169037, "y": 0.4465269446372986, "z": -0.09164424240589142, "vis": 0.9999040365219116}, "7": {"x": 0.3745623528957367, "y": 0.44461509585380554, "z": -0.024013543501496315, "vis": 0.9998655319213867}, "8": {"x": 0.3730904459953308, "y": 0.44617992639541626, "z": -0.1259569674730301, "vis": 0.999936580657959}, "9": {"x": 0.3789845407009125, "y": 0.46774977445602417, "z": -0.05787412449717522, "vis": 0.9995689988136292}, "10": {"x": 0.3782200813293457, "y": 0.46770063042640686, "z": -0.0875607579946518, "vis": 0.9998747110366821}, "11": {"x": 0.3571673333644867, "y": 0.49271613359451294, "z": 0.052008647471666336, "vis": 0.9991255402565002}, "12": {"x": 0.33689770102500916, "y": 0.48810452222824097, "z": -0.1581886261701584, "vis": 0.999932050704956}, "13": {"x": 0.34081119298934937, "y": 0.5587629675865173, "z": 0.14599642157554626, "vis": 0.05322280898690224}, "14": {"x": 0.3072981536388397, "y": 0.5713964700698853, "z": -0.2187040001153946, "vis": 0.9565827250480652}, "15": {"x": 0.3638068735599518, "y": 0.5539359450340271, "z": 0.19323019683361053, "vis": 0.09870083630084991}, "16": {"x": 0.34472551941871643, "y": 0.6023221015930176, "z": -0.2452436238527298, "vis": 0.8619943261146545}, "17": {"x": 0.36869296431541443, "y": 0.5533755421638489, "z": 0.20650792121887207, "vis": 0.1293085366487503}, "18": {"x": 0.3493429124355316, "y": 0.6455744504928589, "z": -0.26291120052337646, "vis": 0.8226044774055481}, "19": {"x": 0.37411314249038696, "y": 0.5451211929321289, "z": 0.19782641530036926, "vis": 0.12828150391578674}, "20": {"x": 0.3577207624912262, "y": 0.6298854351043701, "z": -0.2578411102294922, "vis": 0.8088253736495972}, "21": {"x": 0.37189561128616333, "y": 0.5459713935852051, "z": 0.19034536182880402, "vis": 0.11761560291051865}, "22": {"x": 0.3542284369468689, "y": 0.6213722229003906, "z": -0.24242843687534332, "vis": 0.7103658318519592}, "23": {"x": 0.32776424288749695, "y": 0.6570303440093994, "z": 0.06603661179542542, "vis": 0.9990856647491455}, "24": {"x": 0.31040826439857483, "y": 0.6568717360496521, "z": -0.06597752869129181, "vis": 0.999437153339386}, "25": {"x": 0.3647880554199219, "y": 0.7381659150123596, "z": 0.0001822225167416036, "vis": 0.7031095623970032}, "26": {"x": 0.3499871492385864, "y": 0.7617308497428894, "z": -0.15693363547325134, "vis": 0.9789692163467407}, "27": {"x": 0.34217163920402527, "y": 0.8619542121887207, "z": 0.01626157946884632, "vis": 0.8345673084259033}, "28": {"x": 0.31865882873535156, "y": 0.89182448387146, "z": -0.13225626945495605, "vis": 0.9729495048522949}, "29": {"x": 0.33051103353500366, "y": 0.8814498782157898, "z": 0.01480490155518055, "vis": 0.8417431712150574}, "30": {"x": 0.30745792388916016, "y": 0.9194884896278381, "z": -0.13155338168144226, "vis": 0.9350480437278748}, "31": {"x": 0.3600415289402008, "y": 0.8804435729980469, "z": -0.02252141758799553, "vis": 0.8969969749450684}, "32": {"x": 0.3447097837924957, "y": 0.9164666533470154, "z": -0.17680104076862335, "vis": 0.9694087505340576}}