{"0": {"x": 0.32027241587638855, "y": 0.22720018029212952, "z": -0.46491551399230957, "vis": 0.9999136924743652}, "1": {"x": 0.3253898024559021, "y": 0.20676153898239136, "z": -0.45762524008750916, "vis": 0.999656081199646}, "2": {"x": 0.3290625512599945, "y": 0.20513096451759338, "z": -0.45765647292137146, "vis": 0.9996602535247803}, "3": {"x": 0.33238717913627625, "y": 0.20369024574756622, "z": -0.457800030708313, "vis": 0.9996076226234436}, "4": {"x": 0.31544551253318787, "y": 0.20885461568832397, "z": -0.45321691036224365, "vis": 0.9997486472129822}, "5": {"x": 0.31248849630355835, "y": 0.20865090191364288, "z": -0.45331767201423645, "vis": 0.9997467398643494}, "6": {"x": 0.3097017705440521, "y": 0.20894312858581543, "z": -0.45335087180137634, "vis": 0.9997684359550476}, "7": {"x": 0.33850914239883423, "y": 0.20481568574905396, "z": -0.3552117645740509, "vis": 0.9997462630271912}, "8": {"x": 0.3082524836063385, "y": 0.21328137814998627, "z": -0.3324185311794281, "vis": 0.9998399019241333}, "9": {"x": 0.32824966311454773, "y": 0.24197234213352203, "z": -0.4218280613422394, "vis": 0.9997666478157043}, "10": {"x": 0.31561654806137085, "y": 0.2442939579486847, "z": -0.41532933712005615, "vis": 0.9998155236244202}, "11": {"x": 0.3756221830844879, "y": 0.27053412795066833, "z": -0.24758274853229523, "vis": 0.9993515610694885}, "12": {"x": 0.285321444272995, "y": 0.29370608925819397, "z": -0.22159667313098907, "vis": 0.9998226761817932}, "13": {"x": 0.4434002935886383, "y": 0.2907199561595917, "z": -0.27032309770584106, "vis": 0.9945778846740723}, "14": {"x": 0.2361125499010086, "y": 0.35598424077033997, "z": -0.19559897482395172, "vis": 0.9883481860160828}, "15": {"x": 0.5020437240600586, "y": 0.24799208343029022, "z": -0.36749333143234253, "vis": 0.8946232199668884}, "16": {"x": 0.18505553901195526, "y": 0.40420395135879517, "z": -0.28560614585876465, "vis": 0.947809636592865}, "17": {"x": 0.5175774097442627, "y": 0.23578451573848724, "z": -0.39140430092811584, "vis": 0.7327889204025269}, "18": {"x": 0.1705569326877594, "y": 0.42530983686447144, "z": -0.3051315248012543, "vis": 0.8643592000007629}, "19": {"x": 0.5175027847290039, "y": 0.23195870220661163, "z": -0.42485854029655457, "vis": 0.7625282406806946}, "20": {"x": 0.1713627576828003, "y": 0.4254332184791565, "z": -0.34220388531684875, "vis": 0.8824630379676819}, "21": {"x": 0.5118564367294312, "y": 0.2396971881389618, "z": -0.3866632878780365, "vis": 0.7984172701835632}, "22": {"x": 0.1762792468070984, "y": 0.4200829267501831, "z": -0.3043247163295746, "vis": 0.894320011138916}, "23": {"x": 0.3702007532119751, "y": 0.5289496779441833, "z": -0.016614533960819244, "vis": 0.9921696782112122}, "24": {"x": 0.3218221068382263, "y": 0.5485861897468567, "z": 0.016701675951480865, "vis": 0.9959039092063904}, "25": {"x": 0.3741157054901123, "y": 0.7244464159011841, "z": -0.030060142278671265, "vis": 0.9560873508453369}, "26": {"x": 0.33715391159057617, "y": 0.7473781704902649, "z": -0.013527220115065575, "vis": 0.9540198445320129}, "27": {"x": 0.37939170002937317, "y": 0.9119861721992493, "z": 0.08013226836919785, "vis": 0.9383212327957153}, "28": {"x": 0.35569971799850464, "y": 0.927475094795227, "z": 0.09971702098846436, "vis": 0.9466400146484375}, "29": {"x": 0.38035520911216736, "y": 0.9341964721679688, "z": 0.08171793073415756, "vis": 0.6108964085578918}, "30": {"x": 0.3607664406299591, "y": 0.9474098682403564, "z": 0.10289597511291504, "vis": 0.7655289173126221}, "31": {"x": 0.38101357221603394, "y": 0.9810749292373657, "z": -0.0669436901807785, "vis": 0.917233943939209}, "32": {"x": 0.35643965005874634, "y": 0.9885430932044983, "z": -0.03791448473930359, "vis": 0.9366336464881897}}