{"0": {"x": 0.3107246160507202, "y": 0.6401554942131042, "z": 0.07285428792238235, "vis": 0.9996743202209473}, "1": {"x": 0.30622598528862, "y": 0.6284307241439819, "z": 0.054088834673166275, "vis": 0.9997350573539734}, "2": {"x": 0.30310526490211487, "y": 0.6294397711753845, "z": 0.05405743420124054, "vis": 0.9996179342269897}, "3": {"x": 0.30018505454063416, "y": 0.630671501159668, "z": 0.05400252342224121, "vis": 0.9997203946113586}, "4": {"x": 0.31640851497650146, "y": 0.6268470287322998, "z": 0.05459783598780632, "vis": 0.9997448325157166}, "5": {"x": 0.31963542103767395, "y": 0.6271388530731201, "z": 0.05455882474780083, "vis": 0.9996917247772217}, "6": {"x": 0.3230167031288147, "y": 0.6276925802230835, "z": 0.05442783236503601, "vis": 0.999783456325531}, "7": {"x": 0.29595640301704407, "y": 0.6420954465866089, "z": -0.014169713482260704, "vis": 0.999862551689148}, "8": {"x": 0.3284114599227905, "y": 0.6396708488464355, "z": -0.010723767802119255, "vis": 0.9998056292533875}, "9": {"x": 0.30505162477493286, "y": 0.6564913988113403, "z": 0.05243523791432381, "vis": 0.999546229839325}, "10": {"x": 0.31613609194755554, "y": 0.6564754843711853, "z": 0.05374424532055855, "vis": 0.9994995594024658}, "11": {"x": 0.26680988073349, "y": 0.7395753860473633, "z": -0.009258698672056198, "vis": 0.9994800686836243}, "12": {"x": 0.3518567383289337, "y": 0.7444726228713989, "z": -0.056539226323366165, "vis": 0.9997857213020325}, "13": {"x": 0.2778340280056, "y": 0.8644021153450012, "z": 0.009370013140141964, "vis": 0.025493457913398743}, "14": {"x": 0.34580960869789124, "y": 0.8671064972877502, "z": -0.0499253049492836, "vis": 0.039580438286066055}, "15": {"x": 0.2935171127319336, "y": 0.8911752104759216, "z": 0.04932186380028725, "vis": 0.013187211938202381}, "16": {"x": 0.3298742175102234, "y": 0.885164737701416, "z": -0.029192375019192696, "vis": 0.01033075526356697}, "17": {"x": 0.2952251136302948, "y": 0.910548210144043, "z": 0.04885268956422806, "vis": 0.01794559322297573}, "18": {"x": 0.327402800321579, "y": 0.8957759737968445, "z": -0.03562581166625023, "vis": 0.012536028400063515}, "19": {"x": 0.3028002679347992, "y": 0.9000315070152283, "z": 0.04837159812450409, "vis": 0.018353767693042755}, "20": {"x": 0.3212341368198395, "y": 0.8836089968681335, "z": -0.03969475254416466, "vis": 0.013015668839216232}, "21": {"x": 0.30670079588890076, "y": 0.8939431309700012, "z": 0.04915780946612358, "vis": 0.0173747930675745}, "22": {"x": 0.3180491030216217, "y": 0.8776469230651855, "z": -0.03262391686439514, "vis": 0.014475186355412006}, "23": {"x": 0.2728146016597748, "y": 0.9761393666267395, "z": 0.025153638795018196, "vis": 0.9997901320457458}, "24": {"x": 0.3285006582736969, "y": 0.9743823409080505, "z": -0.025530360639095306, "vis": 0.9998158812522888}, "25": {"x": 0.2593795955181122, "y": 0.9171568155288696, "z": 0.27816641330718994, "vis": 0.0977388247847557}, "26": {"x": 0.40348172187805176, "y": 0.9006146788597107, "z": 0.1595066636800766, "vis": 0.3114256262779236}, "27": {"x": 0.2495899796485901, "y": 0.9843871593475342, "z": 0.41879722476005554, "vis": 0.12379071116447449}, "28": {"x": 0.35509049892425537, "y": 0.9616039991378784, "z": 0.368095725774765, "vis": 0.10462173819541931}, "29": {"x": 0.24749284982681274, "y": 1.0040640830993652, "z": 0.4350200891494751, "vis": 0.14588865637779236}, "30": {"x": 0.34277471899986267, "y": 0.9763147830963135, "z": 0.39350685477256775, "vis": 0.17522671818733215}, "31": {"x": 0.24569888412952423, "y": 0.9451080560684204, "z": 0.4695022404193878, "vis": 0.08728641271591187}, "32": {"x": 0.3489321172237396, "y": 0.9568614959716797, "z": 0.46968385577201843, "vis": 0.10100916028022766}}