{"0": {"x": 0.30630263686180115, "y": 0.48386961221694946, "z": 0.4416181445121765, "vis": 0.9998939037322998}, "1": {"x": 0.303589791059494, "y": 0.47165539860725403, "z": 0.4348870813846588, "vis": 0.9999170303344727}, "2": {"x": 0.30057892203330994, "y": 0.4715437889099121, "z": 0.4349023997783661, "vis": 0.999870777130127}, "3": {"x": 0.29696720838546753, "y": 0.4734358787536621, "z": 0.43500012159347534, "vis": 0.9999139308929443}, "4": {"x": 0.3148280382156372, "y": 0.47345054149627686, "z": 0.43150171637535095, "vis": 0.9998966455459595}, "5": {"x": 0.3180101811885834, "y": 0.47420257329940796, "z": 0.431481271982193, "vis": 0.9998236298561096}, "6": {"x": 0.32075536251068115, "y": 0.4750461280345917, "z": 0.4312398135662079, "vis": 0.9998806715011597}, "7": {"x": 0.29410967230796814, "y": 0.47835496068000793, "z": 0.36380431056022644, "vis": 0.9997714161872864}, "8": {"x": 0.32666268944740295, "y": 0.4810737669467926, "z": 0.34806010127067566, "vis": 0.9997532963752747}, "9": {"x": 0.30057328939437866, "y": 0.4963270425796509, "z": 0.41381338238716125, "vis": 0.9997866749763489}, "10": {"x": 0.3121066987514496, "y": 0.49943268299102783, "z": 0.40932631492614746, "vis": 0.9997450709342957}, "11": {"x": 0.2609584331512451, "y": 0.5618613958358765, "z": 0.28357601165771484, "vis": 0.9990328550338745}, "12": {"x": 0.3420112133026123, "y": 0.5408050417900085, "z": 0.21096467971801758, "vis": 0.99986732006073}, "13": {"x": 0.2514326274394989, "y": 0.723015546798706, "z": 0.246337890625, "vis": 0.057543426752090454}, "14": {"x": 0.33889490365982056, "y": 0.6571657657623291, "z": 0.17205588519573212, "vis": 0.15277747809886932}, "15": {"x": 0.25394582748413086, "y": 0.8542512655258179, "z": 0.226308673620224, "vis": 0.11107835173606873}, "16": {"x": 0.31475743651390076, "y": 0.7080149054527283, "z": 0.17109085619449615, "vis": 0.14904791116714478}, "17": {"x": 0.2506863474845886, "y": 0.8832488059997559, "z": 0.22535660862922668, "vis": 0.1129116341471672}, "18": {"x": 0.3141167163848877, "y": 0.7200835943222046, "z": 0.17436525225639343, "vis": 0.1443447470664978}, "19": {"x": 0.2596699893474579, "y": 0.8922373652458191, "z": 0.22947636246681213, "vis": 0.10830862820148468}, "20": {"x": 0.30403581261634827, "y": 0.716143786907196, "z": 0.1789836883544922, "vis": 0.14798827469348907}, "21": {"x": 0.26277080178260803, "y": 0.880937933921814, "z": 0.22506119310855865, "vis": 0.12041154503822327}, "22": {"x": 0.3019845485687256, "y": 0.7118399143218994, "z": 0.17235177755355835, "vis": 0.15267452597618103}, "23": {"x": 0.2430429458618164, "y": 0.7410584688186646, "z": 0.030488617718219757, "vis": 0.999981164932251}, "24": {"x": 0.3073485493659973, "y": 0.7312836647033691, "z": -0.031031666323542595, "vis": 0.9999793767929077}, "25": {"x": 0.20645400881767273, "y": 0.7707732915878296, "z": 0.23161183297634125, "vis": 0.9919223785400391}, "26": {"x": 0.36506009101867676, "y": 0.7650603652000427, "z": 0.12568354606628418, "vis": 0.9953833222389221}, "27": {"x": 0.23125483095645905, "y": 0.9331536293029785, "z": 0.037427015602588654, "vis": 0.9997233748435974}, "28": {"x": 0.3584926724433899, "y": 0.9534541964530945, "z": -0.05197867378592491, "vis": 0.9996516704559326}, "29": {"x": 0.23370812833309174, "y": 0.9520388245582581, "z": 0.017404351383447647, "vis": 0.9998286962509155}, "30": {"x": 0.3514329195022583, "y": 0.9757567644119263, "z": -0.06831149011850357, "vis": 0.9998396635055542}, "31": {"x": 0.24664375185966492, "y": 0.9670969247817993, "z": 0.0365011990070343, "vis": 0.9916335344314575}, "32": {"x": 0.39203304052352905, "y": 0.9673136472702026, "z": -0.0582408607006073, "vis": 0.9851698279380798}}