{"0": {"x": 0.24048656225204468, "y": 0.29264071583747864, "z": 0.09077288210391998, "vis": 0.9997187256813049}, "1": {"x": 0.2347450703382492, "y": 0.2772151231765747, "z": 0.06379860639572144, "vis": 0.99977046251297}, "2": {"x": 0.23192760348320007, "y": 0.27785226702690125, "z": 0.06376171112060547, "vis": 0.9997381567955017}, "3": {"x": 0.22929386794567108, "y": 0.27900710701942444, "z": 0.06365614384412766, "vis": 0.9997957348823547}, "4": {"x": 0.24416464567184448, "y": 0.27714797854423523, "z": 0.06429290026426315, "vis": 0.9996891021728516}, "5": {"x": 0.2475145310163498, "y": 0.2772986888885498, "z": 0.06435570865869522, "vis": 0.9995889067649841}, "6": {"x": 0.2509009540081024, "y": 0.2776508629322052, "z": 0.06426136940717697, "vis": 0.9996196031570435}, "7": {"x": 0.22528214752674103, "y": 0.290535569190979, "z": -0.0333118811249733, "vis": 0.9998124241828918}, "8": {"x": 0.2563372850418091, "y": 0.2881552278995514, "z": -0.03218981996178627, "vis": 0.9997267127037048}, "9": {"x": 0.2360665202140808, "y": 0.30972906947135925, "z": 0.06191599741578102, "vis": 0.9997391104698181}, "10": {"x": 0.24706676602363586, "y": 0.30939605832099915, "z": 0.06251529604196548, "vis": 0.999716579914093}, "11": {"x": 0.19015933573246002, "y": 0.4116107225418091, "z": -0.06451079994440079, "vis": 0.9998998641967773}, "12": {"x": 0.2865234911441803, "y": 0.397247850894928, "z": -0.0746002346277237, "vis": 0.9998944997787476}, "13": {"x": 0.18139831721782684, "y": 0.5543568730354309, "z": -0.05642341822385788, "vis": 0.9177087545394897}, "14": {"x": 0.3036150634288788, "y": 0.5509963035583496, "z": -0.038942962884902954, "vis": 0.9625363349914551}, "15": {"x": 0.1756584346294403, "y": 0.6845842599868774, "z": -0.012722345069050789, "vis": 0.6330568194389343}, "16": {"x": 0.3204391896724701, "y": 0.6763235926628113, "z": 0.055417995899915695, "vis": 0.8373815417289734}, "17": {"x": 0.1702387034893036, "y": 0.7173646688461304, "z": -0.011159436777234077, "vis": 0.5366435050964355}, "18": {"x": 0.3256772756576538, "y": 0.7070216536521912, "z": 0.06456324458122253, "vis": 0.754379391670227}, "19": {"x": 0.17660167813301086, "y": 0.715074360370636, "z": -0.013056878000497818, "vis": 0.5192137360572815}, "20": {"x": 0.32151511311531067, "y": 0.7057989239692688, "z": 0.06736152619123459, "vis": 0.7328850626945496}, "21": {"x": 0.1803993582725525, "y": 0.7030376195907593, "z": -0.012235237285494804, "vis": 0.45973581075668335}, "22": {"x": 0.31826886534690857, "y": 0.6951085925102234, "z": 0.05831686779856682, "vis": 0.6999461054801941}, "23": {"x": 0.21055372059345245, "y": 0.6600248217582703, "z": 0.0017262183828279376, "vis": 0.9995630383491516}, "24": {"x": 0.26385632157325745, "y": 0.6611610651016235, "z": -0.0019212389597669244, "vis": 0.9992897510528564}, "25": {"x": 0.20526060461997986, "y": 0.8237796425819397, "z": 0.11778511852025986, "vis": 0.6330198049545288}, "26": {"x": 0.2697030305862427, "y": 0.8400336503982544, "z": 0.1260497123003006, "vis": 0.4507118761539459}, "27": {"x": 0.20449045300483704, "y": 0.9832984805107117, "z": 0.23172834515571594, "vis": 0.4677721858024597}, "28": {"x": 0.2687612771987915, "y": 0.9962924718856812, "z": 0.23892374336719513, "vis": 0.31252869963645935}, "29": {"x": 0.20482292771339417, "y": 1.022018551826477, "z": 0.24323610961437225, "vis": 0.6043339371681213}, "30": {"x": 0.2647601366043091, "y": 1.0312840938568115, "z": 0.2528594136238098, "vis": 0.49711430072784424}, "31": {"x": 0.20472615957260132, "y": 0.9764174818992615, "z": 0.24296407401561737, "vis": 0.30648353695869446}, "32": {"x": 0.27949413657188416, "y": 0.9988284111022949, "z": 0.25247839093208313, "vis": 0.16916455328464508}}