{"0": {"x": 0.2713215947151184, "y": 0.3963083028793335, "z": 0.15704722702503204, "vis": 0.9997062087059021}, "1": {"x": 0.26665645837783813, "y": 0.38557666540145874, "z": 0.13773009181022644, "vis": 0.9997746348381042}, "2": {"x": 0.2643938362598419, "y": 0.38606250286102295, "z": 0.137720987200737, "vis": 0.9997684359550476}, "3": {"x": 0.26225167512893677, "y": 0.38669437170028687, "z": 0.137630894780159, "vis": 0.999789297580719}, "4": {"x": 0.2738220691680908, "y": 0.38299086689949036, "z": 0.13638362288475037, "vis": 0.9998342990875244}, "5": {"x": 0.2764006555080414, "y": 0.38176265358924866, "z": 0.1364246904850006, "vis": 0.9998432397842407}, "6": {"x": 0.27910855412483215, "y": 0.3808242678642273, "z": 0.1363656222820282, "vis": 0.9998706579208374}, "7": {"x": 0.26139962673187256, "y": 0.39389321208000183, "z": 0.0690193921327591, "vis": 0.9998051524162292}, "8": {"x": 0.2865220606327057, "y": 0.38572928309440613, "z": 0.06274595856666565, "vis": 0.9998164772987366}, "9": {"x": 0.26894426345825195, "y": 0.4085829555988312, "z": 0.1368885040283203, "vis": 0.9983375072479248}, "10": {"x": 0.2770822048187256, "y": 0.40599963068962097, "z": 0.13509221374988556, "vis": 0.9984375834465027}, "11": {"x": 0.24246303737163544, "y": 0.4804452657699585, "z": 0.06010140851140022, "vis": 0.9985665678977966}, "12": {"x": 0.3282719850540161, "y": 0.461832731962204, "z": -0.024004824459552765, "vis": 0.9998273849487305}, "13": {"x": 0.23879683017730713, "y": 0.5543409585952759, "z": 0.15242569148540497, "vis": 0.30004942417144775}, "14": {"x": 0.38057205080986023, "y": 0.47827842831611633, "z": -0.08951593935489655, "vis": 0.999785840511322}, "15": {"x": 0.27334246039390564, "y": 0.552288830280304, "z": 0.2913035750389099, "vis": 0.017539802938699722}, "16": {"x": 0.4439823031425476, "y": 0.51143878698349, "z": -0.13122141361236572, "vis": 0.9800958633422852}, "17": {"x": 0.2816844880580902, "y": 0.5653665065765381, "z": 0.3182808756828308, "vis": 0.020943453535437584}, "18": {"x": 0.46012061834335327, "y": 0.5142358541488647, "z": -0.14195623993873596, "vis": 0.9520493745803833}, "19": {"x": 0.28810349106788635, "y": 0.5603855848312378, "z": 0.31194007396698, "vis": 0.019832933321595192}, "20": {"x": 0.46019914746284485, "y": 0.511294960975647, "z": -0.1251683384180069, "vis": 0.9520981311798096}, "21": {"x": 0.2866000235080719, "y": 0.5598860383033752, "z": 0.29446926712989807, "vis": 0.022157160565257072}, "22": {"x": 0.4528627395629883, "y": 0.5133390426635742, "z": -0.12418942153453827, "vis": 0.9210300445556641}, "23": {"x": 0.2644069492816925, "y": 0.6761597990989685, "z": 0.017941348254680634, "vis": 0.9984056353569031}, "24": {"x": 0.31733882427215576, "y": 0.6769129037857056, "z": -0.018124772235751152, "vis": 0.998144268989563}, "25": {"x": 0.22726492583751678, "y": 0.8204122185707092, "z": 0.02653038501739502, "vis": 0.9429897665977478}, "26": {"x": 0.334150493144989, "y": 0.7700861096382141, "z": -0.0278475321829319, "vis": 0.9310967326164246}, "27": {"x": 0.19852539896965027, "y": 0.9721399545669556, "z": -0.0942072942852974, "vis": 0.9654603600502014}, "28": {"x": 0.33659136295318604, "y": 0.9186856746673584, "z": -0.148985356092453, "vis": 0.9522302746772766}, "29": {"x": 0.19726574420928955, "y": 0.986449122428894, "z": -0.10731911659240723, "vis": 0.9761650562286377}, "30": {"x": 0.33092737197875977, "y": 0.942816972732544, "z": -0.15860004723072052, "vis": 0.9656804203987122}, "31": {"x": 0.19494116306304932, "y": 0.9859573841094971, "z": -0.12856262922286987, "vis": 0.8923227190971375}, "32": {"x": 0.34827977418899536, "y": 0.9505666494369507, "z": -0.1612849235534668, "vis": 0.9069404602050781}}