{"0": {"x": 0.17387548089027405, "y": 0.5921747088432312, "z": 0.10495906323194504, "vis": 0.9991586208343506}, "1": {"x": 0.17146261036396027, "y": 0.5772955417633057, "z": 0.09896945208311081, "vis": 0.9994558691978455}, "2": {"x": 0.1693495362997055, "y": 0.5766098499298096, "z": 0.09891153126955032, "vis": 0.9994350075721741}, "3": {"x": 0.16722045838832855, "y": 0.5762637257575989, "z": 0.09883939474821091, "vis": 0.9996101260185242}, "4": {"x": 0.176415354013443, "y": 0.580711841583252, "z": 0.0846119225025177, "vis": 0.9992861151695251}, "5": {"x": 0.1777123510837555, "y": 0.5822160840034485, "z": 0.08454470336437225, "vis": 0.9990986585617065}, "6": {"x": 0.17908097803592682, "y": 0.5838047862052917, "z": 0.0844598338007927, "vis": 0.9991717338562012}, "7": {"x": 0.16168645024299622, "y": 0.5817239880561829, "z": 0.06650569289922714, "vis": 0.9997411370277405}, "8": {"x": 0.1777779459953308, "y": 0.5954139828681946, "z": 0.003387287026271224, "vis": 0.9988779425621033}, "9": {"x": 0.16913634538650513, "y": 0.6058201789855957, "z": 0.09516842663288116, "vis": 0.9991944432258606}, "10": {"x": 0.17382866144180298, "y": 0.6096524596214294, "z": 0.07708575576543808, "vis": 0.9989632368087769}, "11": {"x": 0.13009823858737946, "y": 0.6600132584571838, "z": 0.08917932212352753, "vis": 0.999398946762085}, "12": {"x": 0.16650034487247467, "y": 0.6771982908248901, "z": -0.08724536001682281, "vis": 0.9992218017578125}, "13": {"x": 0.12171659618616104, "y": 0.7971673607826233, "z": 0.09095761924982071, "vis": 0.06080108508467674}, "14": {"x": 0.18960624933242798, "y": 0.7959703207015991, "z": -0.06251358240842819, "vis": 0.8617146611213684}, "15": {"x": 0.12205789238214493, "y": 0.8882196545600891, "z": 0.04944483935832977, "vis": 0.05584659427404404}, "16": {"x": 0.22106000781059265, "y": 0.7797446250915527, "z": 0.07791208475828171, "vis": 0.5109726786613464}, "17": {"x": 0.12336162477731705, "y": 0.9137096405029297, "z": 0.04573140665888786, "vis": 0.06674516946077347}, "18": {"x": 0.23377904295921326, "y": 0.7808371782302856, "z": 0.08298241347074509, "vis": 0.41846755146980286}, "19": {"x": 0.12139873206615448, "y": 0.9119272828102112, "z": 0.04092516377568245, "vis": 0.06628657877445221}, "20": {"x": 0.2405642867088318, "y": 0.7509868741035461, "z": 0.08362246304750443, "vis": 0.4125474691390991}, "21": {"x": 0.12048835307359695, "y": 0.9020801782608032, "z": 0.04451378434896469, "vis": 0.06832407414913177}, "22": {"x": 0.2221297025680542, "y": 0.7674499154090881, "z": 0.08045265823602676, "vis": 0.40441253781318665}, "23": {"x": 0.08756104111671448, "y": 0.8622254729270935, "z": 0.06586741656064987, "vis": 0.9999679327011108}, "24": {"x": 0.09747011959552765, "y": 0.8673388361930847, "z": -0.06606066972017288, "vis": 0.9999604225158691}, "25": {"x": 0.1488003134727478, "y": 0.8778745532035828, "z": 0.14841392636299133, "vis": 0.3907482326030731}, "26": {"x": 0.1976185441017151, "y": 0.8447222113609314, "z": -0.017637940123677254, "vis": 0.79561847448349}, "27": {"x": 0.07804238051176071, "y": 0.9128655195236206, "z": 0.16389954090118408, "vis": 0.4848075807094574}, "28": {"x": 0.15978555381298065, "y": 0.967706561088562, "z": 0.09154851734638214, "vis": 0.6140868663787842}, "29": {"x": 0.06530704349279404, "y": 0.9104368686676025, "z": 0.1665692776441574, "vis": 0.4716453552246094}, "30": {"x": 0.14341552555561066, "y": 0.9823256731033325, "z": 0.10599058866500854, "vis": 0.5676589012145996}, "31": {"x": 0.0719507485628128, "y": 0.9376175999641418, "z": 0.1703571081161499, "vis": 0.47966456413269043}, "32": {"x": 0.1866190880537033, "y": 1.0145981311798096, "z": 0.12786665558815002, "vis": 0.5953403115272522}}