{"0": {"x": 0.2557932734489441, "y": 0.31313392519950867, "z": 0.08220337331295013, "vis": 0.998627781867981}, "1": {"x": 0.250218003988266, "y": 0.297046959400177, "z": 0.0557827465236187, "vis": 0.9988301396369934}, "2": {"x": 0.24708965420722961, "y": 0.29778486490249634, "z": 0.05573878437280655, "vis": 0.9986369013786316}, "3": {"x": 0.24412226676940918, "y": 0.29894688725471497, "z": 0.05565831437706947, "vis": 0.998783528804779}, "4": {"x": 0.26024001836776733, "y": 0.2966534197330475, "z": 0.05610131099820137, "vis": 0.9986359477043152}, "5": {"x": 0.26338991522789, "y": 0.2967563271522522, "z": 0.056109100580215454, "vis": 0.9982287287712097}, "6": {"x": 0.26634344458580017, "y": 0.297122985124588, "z": 0.05595717951655388, "vis": 0.998301088809967}, "7": {"x": 0.24126717448234558, "y": 0.3093644380569458, "z": -0.04106203839182854, "vis": 0.9990192651748657}, "8": {"x": 0.27188441157341003, "y": 0.30695316195487976, "z": -0.040561120957136154, "vis": 0.9988253712654114}, "9": {"x": 0.250966876745224, "y": 0.33208057284355164, "z": 0.05309233441948891, "vis": 0.9984740614891052}, "10": {"x": 0.2623502016067505, "y": 0.3297109603881836, "z": 0.053505994379520416, "vis": 0.9984934329986572}, "11": {"x": 0.20772334933280945, "y": 0.4404124617576599, "z": -0.08511638641357422, "vis": 0.999438464641571}, "12": {"x": 0.3033229112625122, "y": 0.42655694484710693, "z": -0.07623111456632614, "vis": 0.9993914365768433}, "13": {"x": 0.19780723750591278, "y": 0.5900983214378357, "z": -0.08006065338850021, "vis": 0.9529521465301514}, "14": {"x": 0.3175585865974426, "y": 0.5826846957206726, "z": -0.02479185163974762, "vis": 0.8975657224655151}, "15": {"x": 0.19621549546718597, "y": 0.7171109914779663, "z": -0.013636438176035881, "vis": 0.5747730731964111}, "16": {"x": 0.3105466067790985, "y": 0.6747493743896484, "z": 0.0917453020811081, "vis": 0.5020116567611694}, "17": {"x": 0.19076697528362274, "y": 0.7585635185241699, "z": -0.012695232406258583, "vis": 0.415863960981369}, "18": {"x": 0.3086896538734436, "y": 0.701687216758728, "z": 0.10410486906766891, "vis": 0.37488606572151184}, "19": {"x": 0.19129066169261932, "y": 0.7556182742118835, "z": -0.012197201140224934, "vis": 0.3952193558216095}, "20": {"x": 0.30146437883377075, "y": 0.6939408779144287, "z": 0.10514537245035172, "vis": 0.35985201597213745}, "21": {"x": 0.2010841816663742, "y": 0.7387716770172119, "z": -0.012642420828342438, "vis": 0.360771119594574}, "22": {"x": 0.3006097078323364, "y": 0.6857602596282959, "z": 0.09387175738811493, "vis": 0.34921666979789734}, "23": {"x": 0.22983820736408234, "y": 0.6882182359695435, "z": -0.00266258348710835, "vis": 0.9991167187690735}, "24": {"x": 0.2847477197647095, "y": 0.6840696334838867, "z": 0.0023762693163007498, "vis": 0.9986386895179749}, "25": {"x": 0.22840076684951782, "y": 0.8514654040336609, "z": 0.12252971529960632, "vis": 0.6272685527801514}, "26": {"x": 0.29018422961235046, "y": 0.8761203289031982, "z": 0.13880842924118042, "vis": 0.5601996779441833}, "27": {"x": 0.22137710452079773, "y": 1.0052433013916016, "z": 0.25088295340538025, "vis": 0.49152883887290955}, "28": {"x": 0.28909286856651306, "y": 0.9903616309165955, "z": 0.2591114342212677, "vis": 0.35122838616371155}, "29": {"x": 0.2235172688961029, "y": 1.0459089279174805, "z": 0.26402148604393005, "vis": 0.6300284266471863}, "30": {"x": 0.28588414192199707, "y": 1.052760124206543, "z": 0.2732391953468323, "vis": 0.545080840587616}, "31": {"x": 0.21536877751350403, "y": 0.9915930032730103, "z": 0.26707765460014343, "vis": 0.2767670452594757}, "32": {"x": 0.2949433922767639, "y": 1.0157197713851929, "z": 0.2739175260066986, "vis": 0.14772875607013702}}