{"0": {"x": 0.13713642954826355, "y": 0.34626996517181396, "z": 0.11042716354131699, "vis": 0.9994744658470154}, "1": {"x": 0.13402189314365387, "y": 0.337932288646698, "z": 0.08998850733041763, "vis": 0.9994896650314331}, "2": {"x": 0.13211193680763245, "y": 0.3380981981754303, "z": 0.08999305218458176, "vis": 0.9994995594024658}, "3": {"x": 0.1303987056016922, "y": 0.3386381268501282, "z": 0.08996035903692245, "vis": 0.9995083808898926}, "4": {"x": 0.13973455131053925, "y": 0.3380148410797119, "z": 0.09023712575435638, "vis": 0.9995792508125305}, "5": {"x": 0.14152465760707855, "y": 0.3380744457244873, "z": 0.09022615104913712, "vis": 0.9995964169502258}, "6": {"x": 0.1433403491973877, "y": 0.3382972180843353, "z": 0.09019054472446442, "vis": 0.9996070265769958}, "7": {"x": 0.1276092678308487, "y": 0.34612220525741577, "z": 0.02291179448366165, "vis": 0.9994803071022034}, "8": {"x": 0.14586268365383148, "y": 0.3445831537246704, "z": 0.023161523044109344, "vis": 0.9993403553962708}, "9": {"x": 0.13478176295757294, "y": 0.3551931083202362, "z": 0.09071296453475952, "vis": 0.9987627267837524}, "10": {"x": 0.140540212392807, "y": 0.3553176820278168, "z": 0.09055232256650925, "vis": 0.9988211989402771}, "11": {"x": 0.10253755748271942, "y": 0.41045939922332764, "z": -0.011013698764145374, "vis": 0.9982988238334656}, "12": {"x": 0.16307657957077026, "y": 0.4023749530315399, "z": 0.010310751385986805, "vis": 0.9965569972991943}, "13": {"x": 0.09828737378120422, "y": 0.49690738320350647, "z": 0.0601944774389267, "vis": 0.7353634834289551}, "14": {"x": 0.1660747081041336, "y": 0.48133963346481323, "z": 0.07507564127445221, "vis": 0.6721131801605225}, "15": {"x": 0.12015551328659058, "y": 0.4948897659778595, "z": 0.19504167139530182, "vis": 0.015420343726873398}, "16": {"x": 0.15102119743824005, "y": 0.44539058208465576, "z": 0.20171785354614258, "vis": 0.02744530513882637}, "17": {"x": 0.12132234871387482, "y": 0.5054343342781067, "z": 0.2136751115322113, "vis": 0.012998778373003006}, "18": {"x": 0.14870059490203857, "y": 0.4365525245666504, "z": 0.22441349923610687, "vis": 0.027906375005841255}, "19": {"x": 0.12806260585784912, "y": 0.4867134094238281, "z": 0.2133236825466156, "vis": 0.012659352272748947}, "20": {"x": 0.142991840839386, "y": 0.42864465713500977, "z": 0.22639289498329163, "vis": 0.027368510141968727}, "21": {"x": 0.1262098103761673, "y": 0.4857739210128784, "z": 0.19848984479904175, "vis": 0.014775943011045456}, "22": {"x": 0.1425236016511917, "y": 0.4310372471809387, "z": 0.20595358312129974, "vis": 0.02669958956539631}, "23": {"x": 0.12036947906017303, "y": 0.5722576379776001, "z": -0.009833368472754955, "vis": 0.9983970522880554}, "24": {"x": 0.15248529613018036, "y": 0.5669629573822021, "z": 0.00984255876392126, "vis": 0.9974088072776794}, "25": {"x": 0.12911149859428406, "y": 0.6871615648269653, "z": 0.005988609045743942, "vis": 0.9903802871704102}, "26": {"x": 0.16150307655334473, "y": 0.678433358669281, "z": 0.04677360877394676, "vis": 0.9850203990936279}, "27": {"x": 0.12999968230724335, "y": 0.7991217374801636, "z": 0.014369520358741283, "vis": 0.9779651165008545}, "28": {"x": 0.17528373003005981, "y": 0.790460467338562, "z": 0.05658865347504616, "vis": 0.9746636152267456}, "29": {"x": 0.1320732980966568, "y": 0.816713273525238, "z": 0.016402648761868477, "vis": 0.9825295209884644}, "30": {"x": 0.1739223450422287, "y": 0.8075836300849915, "z": 0.05850663408637047, "vis": 0.9704650640487671}, "31": {"x": 0.126480370759964, "y": 0.8166372776031494, "z": 0.014570098370313644, "vis": 0.7806022763252258}, "32": {"x": 0.17480748891830444, "y": 0.8012746572494507, "z": 0.05885099247097969, "vis": 0.7489623427391052}}