{"0": {"x": 0.12066782265901566, "y": 0.3768734037876129, "z": 0.10897405445575714, "vis": 0.9959508180618286}, "1": {"x": 0.11762596666812897, "y": 0.368767112493515, "z": 0.08668249100446701, "vis": 0.9948163628578186}, "2": {"x": 0.11561217904090881, "y": 0.36916473507881165, "z": 0.08668718487024307, "vis": 0.994799017906189}, "3": {"x": 0.1137017011642456, "y": 0.36985525488853455, "z": 0.08668495714664459, "vis": 0.994753360748291}, "4": {"x": 0.12326128035783768, "y": 0.36803120374679565, "z": 0.08858059346675873, "vis": 0.9958937168121338}, "5": {"x": 0.12497523427009583, "y": 0.36780354380607605, "z": 0.08853638917207718, "vis": 0.996088981628418}, "6": {"x": 0.1267249882221222, "y": 0.36769989132881165, "z": 0.08848123252391815, "vis": 0.9964123368263245}, "7": {"x": 0.11092571169137955, "y": 0.37717458605766296, "z": 0.012051683850586414, "vis": 0.9939223527908325}, "8": {"x": 0.1287066638469696, "y": 0.3740021586418152, "z": 0.018935857340693474, "vis": 0.9948240518569946}, "9": {"x": 0.11783229559659958, "y": 0.3856038451194763, "z": 0.08642297983169556, "vis": 0.987810492515564}, "10": {"x": 0.12374276667833328, "y": 0.3852890133857727, "z": 0.08818862587213516, "vis": 0.9918168187141418}, "11": {"x": 0.08881297707557678, "y": 0.43892979621887207, "z": -0.03064691089093685, "vis": 0.993930459022522}, "12": {"x": 0.1454889327287674, "y": 0.42478370666503906, "z": 0.017306575551629066, "vis": 0.9919775724411011}, "13": {"x": 0.08254359662532806, "y": 0.5181549787521362, "z": 0.046269167214632034, "vis": 0.6689029932022095}, "14": {"x": 0.14096349477767944, "y": 0.4755544364452362, "z": 0.0966499000787735, "vis": 0.34764257073402405}, "15": {"x": 0.09577983617782593, "y": 0.5009022355079651, "z": 0.1891442984342575, "vis": 0.053988266736269}, "16": {"x": 0.12337113916873932, "y": 0.4454299807548523, "z": 0.24016176164150238, "vis": 0.04009529575705528}, "17": {"x": 0.09795305132865906, "y": 0.5004872679710388, "z": 0.21051108837127686, "vis": 0.05305258557200432}, "18": {"x": 0.12076955288648605, "y": 0.43919333815574646, "z": 0.26669076085090637, "vis": 0.049053337424993515}, "19": {"x": 0.09682030230760574, "y": 0.499284029006958, "z": 0.20785026252269745, "vis": 0.0542563833296299}, "20": {"x": 0.11712877452373505, "y": 0.4349985122680664, "z": 0.26556727290153503, "vis": 0.04950011521577835}, "21": {"x": 0.10026902705430984, "y": 0.4931201934814453, "z": 0.19243958592414856, "vis": 0.0582892931997776}, "22": {"x": 0.11670655012130737, "y": 0.43734443187713623, "z": 0.24359218776226044, "vis": 0.05008910223841667}, "23": {"x": 0.10331075638532639, "y": 0.6011354327201843, "z": -0.02196168154478073, "vis": 0.9980742931365967}, "24": {"x": 0.13256116211414337, "y": 0.5976490378379822, "z": 0.021852178499102592, "vis": 0.9978142976760864}, "25": {"x": 0.10960942506790161, "y": 0.7119026780128479, "z": 0.011121400631964207, "vis": 0.9311758875846863}, "26": {"x": 0.13144145905971527, "y": 0.7092335820198059, "z": 0.04730651155114174, "vis": 0.8958450555801392}, "27": {"x": 0.11536447703838348, "y": 0.8239027261734009, "z": -0.0374513603746891, "vis": 0.9430437684059143}, "28": {"x": 0.13509100675582886, "y": 0.8235626220703125, "z": 0.0024884874001145363, "vis": 0.9315252900123596}, "29": {"x": 0.11886203289031982, "y": 0.8365093469619751, "z": -0.04090435057878494, "vis": 0.9818938970565796}, "30": {"x": 0.13536624610424042, "y": 0.8366408348083496, "z": -0.0013633547350764275, "vis": 0.9518679976463318}, "31": {"x": 0.11003785580396652, "y": 0.8547074794769287, "z": -0.04856893792748451, "vis": 0.8228081464767456}, "32": {"x": 0.12757888436317444, "y": 0.8513847589492798, "z": -0.013826326467096806, "vis": 0.7632841467857361}}