{"0": {"x": 0.2633959650993347, "y": 0.33440807461738586, "z": 0.0036379448138177395, "vis": 0.9996820688247681}, "1": {"x": 0.25949549674987793, "y": 0.3147094249725342, "z": 0.0013712391955778003, "vis": 0.9997907280921936}, "2": {"x": 0.2573152482509613, "y": 0.3141593933105469, "z": 0.0012893099337816238, "vis": 0.99973064661026}, "3": {"x": 0.25477951765060425, "y": 0.31334182620048523, "z": 0.001131586730480194, "vis": 0.9998109936714172}, "4": {"x": 0.26242268085479736, "y": 0.3151330351829529, "z": -0.01833215355873108, "vis": 0.9997602105140686}, "5": {"x": 0.26236510276794434, "y": 0.3150344789028168, "z": -0.01826387457549572, "vis": 0.9996721744537354}, "6": {"x": 0.2622966170310974, "y": 0.3148040175437927, "z": -0.018283549696207047, "vis": 0.9997465014457703}, "7": {"x": 0.23781347274780273, "y": 0.31894537806510925, "z": -0.00016345777839887887, "vis": 0.999834418296814}, "8": {"x": 0.24878263473510742, "y": 0.3234289288520813, "z": -0.08948799967765808, "vis": 0.9998277425765991}, "9": {"x": 0.2530139982700348, "y": 0.3550947904586792, "z": 0.00861272681504488, "vis": 0.9996776580810547}, "10": {"x": 0.2559543550014496, "y": 0.3553498089313507, "z": -0.017053192481398582, "vis": 0.9997625946998596}, "11": {"x": 0.1839626580476761, "y": 0.43417248129844666, "z": 0.034105606377124786, "vis": 0.9995895028114319}, "12": {"x": 0.24852468073368073, "y": 0.4458730220794678, "z": -0.13815493881702423, "vis": 0.9998937845230103}, "13": {"x": 0.1808617115020752, "y": 0.5799779295921326, "z": 0.08038520067930222, "vis": 0.1587466299533844}, "14": {"x": 0.26504892110824585, "y": 0.6070623397827148, "z": -0.12705393135547638, "vis": 0.9826876521110535}, "15": {"x": 0.20704542100429535, "y": 0.6583576798439026, "z": 0.1318207085132599, "vis": 0.03353001922369003}, "16": {"x": 0.2758615016937256, "y": 0.7542765736579895, "z": -0.05736555904150009, "vis": 0.9520554542541504}, "17": {"x": 0.21067489683628082, "y": 0.6714343428611755, "z": 0.14301076531410217, "vis": 0.040655359625816345}, "18": {"x": 0.2805548310279846, "y": 0.7864114046096802, "z": -0.06582121551036835, "vis": 0.9316705465316772}, "19": {"x": 0.21400797367095947, "y": 0.6646443009376526, "z": 0.13037341833114624, "vis": 0.039901092648506165}, "20": {"x": 0.28082624077796936, "y": 0.7878140211105347, "z": -0.0535455122590065, "vis": 0.918984591960907}, "21": {"x": 0.21415746212005615, "y": 0.6634330749511719, "z": 0.12731792032718658, "vis": 0.04446125403046608}, "22": {"x": 0.2752600610256195, "y": 0.7729732394218445, "z": -0.05157896503806114, "vis": 0.8889883756637573}, "23": {"x": 0.18448662757873535, "y": 0.7091660499572754, "z": 0.03545905649662018, "vis": 0.9959838390350342}, "24": {"x": 0.22748233377933502, "y": 0.7097545266151428, "z": -0.03545456752181053, "vis": 0.9938204884529114}, "25": {"x": 0.18343010544776917, "y": 0.8810440301895142, "z": 0.10307731479406357, "vis": 0.2726634442806244}, "26": {"x": 0.23529386520385742, "y": 0.8990932703018188, "z": 0.0432954803109169, "vis": 0.3405526578426361}, "27": {"x": 0.1884472668170929, "y": 1.0628142356872559, "z": 0.1865905225276947, "vis": 0.09711501747369766}, "28": {"x": 0.21445849537849426, "y": 1.0695161819458008, "z": 0.13046444952487946, "vis": 0.22346581518650055}, "29": {"x": 0.18360836803913116, "y": 1.1038098335266113, "z": 0.1934712827205658, "vis": 0.20198872685432434}, "30": {"x": 0.20635809004306793, "y": 1.1044715642929077, "z": 0.13997942209243774, "vis": 0.2675321102142334}, "31": {"x": 0.20122918486595154, "y": 1.0655968189239502, "z": 0.1865188181400299, "vis": 0.10838782042264938}, "32": {"x": 0.23439040780067444, "y": 1.077689290046692, "z": 0.1288340836763382, "vis": 0.13778936862945557}}