{"0": {"x": 0.2644805312156677, "y": 0.44332075119018555, "z": 0.22969764471054077, "vis": 0.9995380640029907}, "1": {"x": 0.2602100372314453, "y": 0.4320279061794281, "z": 0.21043714880943298, "vis": 0.9997280240058899}, "2": {"x": 0.25708240270614624, "y": 0.43230217695236206, "z": 0.2104342132806778, "vis": 0.9996545314788818}, "3": {"x": 0.25426185131073, "y": 0.43285754323005676, "z": 0.2104039043188095, "vis": 0.9997537732124329}, "4": {"x": 0.27069664001464844, "y": 0.43216484785079956, "z": 0.20940327644348145, "vis": 0.9997121691703796}, "5": {"x": 0.27425193786621094, "y": 0.43264055252075195, "z": 0.20939397811889648, "vis": 0.9996287822723389}, "6": {"x": 0.2776593565940857, "y": 0.43360641598701477, "z": 0.2093442678451538, "vis": 0.9997337460517883}, "7": {"x": 0.2507029175758362, "y": 0.4412049949169159, "z": 0.12941959500312805, "vis": 0.9995946288108826}, "8": {"x": 0.28279808163642883, "y": 0.44513002038002014, "z": 0.1259460598230362, "vis": 0.9995133876800537}, "9": {"x": 0.2584525942802429, "y": 0.4568606913089752, "z": 0.2041327804327011, "vis": 0.9979984164237976}, "10": {"x": 0.2696739435195923, "y": 0.45765697956085205, "z": 0.20336559414863586, "vis": 0.997572124004364}, "11": {"x": 0.21771663427352905, "y": 0.5354418754577637, "z": 0.09754350781440735, "vis": 0.9987267851829529}, "12": {"x": 0.30403801798820496, "y": 0.543258547782898, "z": 0.08162225782871246, "vis": 0.9985458850860596}, "13": {"x": 0.21618932485580444, "y": 0.6433615684509277, "z": 0.1668590009212494, "vis": 0.19562682509422302}, "14": {"x": 0.29560303688049316, "y": 0.6388639807701111, "z": 0.153058260679245, "vis": 0.14269138872623444}, "15": {"x": 0.24812078475952148, "y": 0.5945584774017334, "z": 0.31428319215774536, "vis": 0.01956064999103546}, "16": {"x": 0.27990981936454773, "y": 0.5794718265533447, "z": 0.33049002289772034, "vis": 0.011196191422641277}, "17": {"x": 0.25362303853034973, "y": 0.5816543102264404, "z": 0.3467405140399933, "vis": 0.022159596905112267}, "18": {"x": 0.2818913161754608, "y": 0.565983772277832, "z": 0.3655344545841217, "vis": 0.013107841834425926}, "19": {"x": 0.2557474672794342, "y": 0.5771116614341736, "z": 0.3503497838973999, "vis": 0.022684702649712563}, "20": {"x": 0.27214497327804565, "y": 0.5588527917861938, "z": 0.38007864356040955, "vis": 0.012305804528295994}, "21": {"x": 0.25451937317848206, "y": 0.5794182419776917, "z": 0.32166150212287903, "vis": 0.025488760322332382}, "22": {"x": 0.2717844247817993, "y": 0.5660591721534729, "z": 0.34201911091804504, "vis": 0.015025210566818714}, "23": {"x": 0.21746982634067535, "y": 0.7428866624832153, "z": 0.008437085896730423, "vis": 0.9999032020568848}, "24": {"x": 0.27564164996147156, "y": 0.7464193105697632, "z": -0.008942714892327785, "vis": 0.9998388290405273}, "25": {"x": 0.20371393859386444, "y": 0.7955902218818665, "z": 0.18699568510055542, "vis": 0.4551188051700592}, "26": {"x": 0.30311480164527893, "y": 0.8017181158065796, "z": 0.17184710502624512, "vis": 0.44970980286598206}, "27": {"x": 0.21395058929920197, "y": 0.9296377897262573, "z": -0.005897105671465397, "vis": 0.8580510020256042}, "28": {"x": 0.2886964976787567, "y": 0.906527578830719, "z": -0.013935313560068607, "vis": 0.8690261840820312}, "29": {"x": 0.21707110106945038, "y": 0.943274199962616, "z": -0.024705009534955025, "vis": 0.9440904259681702}, "30": {"x": 0.284203439950943, "y": 0.9158905744552612, "z": -0.031320612877607346, "vis": 0.9242931008338928}, "31": {"x": 0.2159281075000763, "y": 0.9661243557929993, "z": -0.005240586120635271, "vis": 0.8781445026397705}, "32": {"x": 0.2873544692993164, "y": 0.9580729603767395, "z": -0.0008432820322923362, "vis": 0.8739520907402039}}