{"0": {"x": 0.18457208573818207, "y": 0.3942301273345947, "z": 0.3063998520374298, "vis": 0.9999516010284424}, "1": {"x": 0.1795727163553238, "y": 0.38185998797416687, "z": 0.28550708293914795, "vis": 0.9999849796295166}, "2": {"x": 0.17662139236927032, "y": 0.38168296217918396, "z": 0.2854628264904022, "vis": 0.9999816417694092}, "3": {"x": 0.17376014590263367, "y": 0.38186556100845337, "z": 0.28533342480659485, "vis": 0.9999861717224121}, "4": {"x": 0.18868540227413177, "y": 0.38313618302345276, "z": 0.28738653659820557, "vis": 0.9999768733978271}, "5": {"x": 0.19154520332813263, "y": 0.3836354911327362, "z": 0.2874302268028259, "vis": 0.9999690055847168}, "6": {"x": 0.19412073493003845, "y": 0.384318470954895, "z": 0.2874370515346527, "vis": 0.999976396560669}, "7": {"x": 0.16913782060146332, "y": 0.39025095105171204, "z": 0.18572337925434113, "vis": 0.9999878406524658}, "8": {"x": 0.1979035586118698, "y": 0.39455586671829224, "z": 0.19278085231781006, "vis": 0.9999747276306152}, "9": {"x": 0.17999036610126495, "y": 0.40582481026649475, "z": 0.27322709560394287, "vis": 0.9999376535415649}, "10": {"x": 0.18983091413974762, "y": 0.40902799367904663, "z": 0.27526742219924927, "vis": 0.9999361038208008}, "11": {"x": 0.13449282944202423, "y": 0.4877360165119171, "z": 0.12026702612638474, "vis": 0.9996767044067383}, "12": {"x": 0.2211308479309082, "y": 0.49723535776138306, "z": 0.12952353060245514, "vis": 0.9995180368423462}, "13": {"x": 0.12328889966011047, "y": 0.6169402003288269, "z": 0.16389214992523193, "vis": 0.06696676462888718}, "14": {"x": 0.2141025960445404, "y": 0.6191032528877258, "z": 0.17589811980724335, "vis": 0.09714985638856888}, "15": {"x": 0.15583549439907074, "y": 0.6415849328041077, "z": 0.2874240577220917, "vis": 0.00953979417681694}, "16": {"x": 0.19122757017612457, "y": 0.6468461155891418, "z": 0.2631983160972595, "vis": 0.009213748387992382}, "17": {"x": 0.1618780791759491, "y": 0.6449588537216187, "z": 0.29839271306991577, "vis": 0.009702078998088837}, "18": {"x": 0.18801967799663544, "y": 0.6514453887939453, "z": 0.27475249767303467, "vis": 0.01254223845899105}, "19": {"x": 0.1713879406452179, "y": 0.6390363574028015, "z": 0.2994334399700165, "vis": 0.009474371559917927}, "20": {"x": 0.1843978464603424, "y": 0.6408936381340027, "z": 0.28264668583869934, "vis": 0.01256710197776556}, "21": {"x": 0.17148004472255707, "y": 0.6374827027320862, "z": 0.28998002409935, "vis": 0.012231795117259026}, "22": {"x": 0.18302538990974426, "y": 0.6361576914787292, "z": 0.26790764927864075, "vis": 0.016238795593380928}, "23": {"x": 0.12971699237823486, "y": 0.6791108250617981, "z": 0.0005230239476077259, "vis": 0.9999488592147827}, "24": {"x": 0.1867862194776535, "y": 0.6905168890953064, "z": -0.0005435087950900197, "vis": 0.9999110698699951}, "25": {"x": 0.09509817510843277, "y": 0.7955032587051392, "z": 0.047164466232061386, "vis": 0.9962946772575378}, "26": {"x": 0.25666773319244385, "y": 0.8197397589683533, "z": 0.10880549997091293, "vis": 0.9731902480125427}, "27": {"x": 0.07006077468395233, "y": 0.9574636220932007, "z": 0.022534886375069618, "vis": 0.9914727210998535}, "28": {"x": 0.31511014699935913, "y": 0.9488372802734375, "z": 0.0961603969335556, "vis": 0.984502375125885}, "29": {"x": 0.07014535367488861, "y": 0.9856958985328674, "z": 0.021077606827020645, "vis": 0.9886998534202576}, "30": {"x": 0.31217724084854126, "y": 0.9779040217399597, "z": 0.0955977588891983, "vis": 0.9694046974182129}, "31": {"x": 0.06667478382587433, "y": 0.967923641204834, "z": 0.01955653540790081, "vis": 0.8339134454727173}, "32": {"x": 0.34581679105758667, "y": 0.9676730632781982, "z": 0.106902576982975, "vis": 0.8056235909461975}}