{"0": {"x": 0.26868757605552673, "y": 0.49345144629478455, "z": 0.25002536177635193, "vis": 0.9985463619232178}, "1": {"x": 0.2653076946735382, "y": 0.4824186861515045, "z": 0.2373877465724945, "vis": 0.9990399479866028}, "2": {"x": 0.2627125680446625, "y": 0.4831429719924927, "z": 0.23737914860248566, "vis": 0.9989809393882751}, "3": {"x": 0.2601354420185089, "y": 0.4842391312122345, "z": 0.23726630210876465, "vis": 0.9992527365684509}, "4": {"x": 0.27365416288375854, "y": 0.4813189208507538, "z": 0.23943418264389038, "vis": 0.9986369013786316}, "5": {"x": 0.2765463590621948, "y": 0.4812948703765869, "z": 0.2395007461309433, "vis": 0.9984562397003174}, "6": {"x": 0.2792835533618927, "y": 0.48176810145378113, "z": 0.23944850265979767, "vis": 0.9987961053848267}, "7": {"x": 0.25566330552101135, "y": 0.4945029616355896, "z": 0.16591431200504303, "vis": 0.9993512034416199}, "8": {"x": 0.28418242931365967, "y": 0.49233144521713257, "z": 0.1742672473192215, "vis": 0.9989094734191895}, "9": {"x": 0.2632444202899933, "y": 0.508254885673523, "z": 0.22610457241535187, "vis": 0.9978194236755371}, "10": {"x": 0.27351170778274536, "y": 0.5074775218963623, "z": 0.2286088764667511, "vis": 0.997697651386261}, "11": {"x": 0.22897978127002716, "y": 0.5819461941719055, "z": 0.11139292269945145, "vis": 0.9995342493057251}, "12": {"x": 0.31337642669677734, "y": 0.5747421979904175, "z": 0.11169636994600296, "vis": 0.9992935657501221}, "13": {"x": 0.21722842752933502, "y": 0.6975439190864563, "z": 0.14195765554904938, "vis": 0.35917291045188904}, "14": {"x": 0.3160378634929657, "y": 0.6928029656410217, "z": 0.12020255625247955, "vis": 0.5730018019676208}, "15": {"x": 0.23488569259643555, "y": 0.7744579911231995, "z": 0.233603835105896, "vis": 0.04413982480764389}, "16": {"x": 0.3116527795791626, "y": 0.7888463735580444, "z": 0.1697351336479187, "vis": 0.1314985305070877}, "17": {"x": 0.23641425371170044, "y": 0.7911012172698975, "z": 0.24240624904632568, "vis": 0.042144861072301865}, "18": {"x": 0.31158968806266785, "y": 0.8131470084190369, "z": 0.1763325333595276, "vis": 0.10478904843330383}, "19": {"x": 0.2427087128162384, "y": 0.7884610295295715, "z": 0.24803580343723297, "vis": 0.03841499239206314}, "20": {"x": 0.30496546626091003, "y": 0.8099498748779297, "z": 0.17685143649578094, "vis": 0.09447507560253143}, "21": {"x": 0.24364347755908966, "y": 0.782411515712738, "z": 0.2376198172569275, "vis": 0.04193991795182228}, "22": {"x": 0.3036387264728546, "y": 0.8013198971748352, "z": 0.17042286694049835, "vis": 0.10046515613794327}, "23": {"x": 0.23214338719844818, "y": 0.7594556212425232, "z": -0.0011125376913696527, "vis": 0.9996941089630127}, "24": {"x": 0.2861887812614441, "y": 0.7642592787742615, "z": 0.0008873924380168319, "vis": 0.9988790154457092}, "25": {"x": 0.2290830761194229, "y": 0.8900509476661682, "z": 0.10322055965662003, "vis": 0.9002218246459961}, "26": {"x": 0.3011218011379242, "y": 0.8844920992851257, "z": 0.11601194739341736, "vis": 0.6011093258857727}, "27": {"x": 0.2242167741060257, "y": 0.9976212978363037, "z": 0.13995923101902008, "vis": 0.7870184779167175}, "28": {"x": 0.3072405159473419, "y": 0.9854790568351746, "z": 0.15371936559677124, "vis": 0.47804927825927734}, "29": {"x": 0.2211705446243286, "y": 1.0423800945281982, "z": 0.14094211161136627, "vis": 0.8089597821235657}, "30": {"x": 0.30474230647087097, "y": 0.9920741319656372, "z": 0.15765084326267242, "vis": 0.5854186415672302}, "31": {"x": 0.22474268078804016, "y": 0.985295295715332, "z": 0.13649308681488037, "vis": 0.3677222430706024}, "32": {"x": 0.3117596209049225, "y": 0.9831390380859375, "z": 0.1571592539548874, "vis": 0.22382532060146332}}