{"0": {"x": 0.19652388989925385, "y": 0.5354426503181458, "z": 0.15097759664058685, "vis": 0.9995536208152771}, "1": {"x": 0.19273066520690918, "y": 0.5217187404632568, "z": 0.15271957218647003, "vis": 0.9995689988136292}, "2": {"x": 0.19052354991436005, "y": 0.520953893661499, "z": 0.15263983607292175, "vis": 0.9994542002677917}, "3": {"x": 0.18811900913715363, "y": 0.5203299522399902, "z": 0.1525764912366867, "vis": 0.999457061290741}, "4": {"x": 0.19620177149772644, "y": 0.5220723152160645, "z": 0.13892333209514618, "vis": 0.999687671661377}, "5": {"x": 0.196556955575943, "y": 0.5217608213424683, "z": 0.13888727128505707, "vis": 0.9996589422225952}, "6": {"x": 0.19682440161705017, "y": 0.5215502381324768, "z": 0.1387394815683365, "vis": 0.9996806383132935}, "7": {"x": 0.18081390857696533, "y": 0.5234092473983765, "z": 0.13809552788734436, "vis": 0.9996976852416992}, "8": {"x": 0.19311700761318207, "y": 0.5272561311721802, "z": 0.07852328568696976, "vis": 0.9995651841163635}, "9": {"x": 0.19103309512138367, "y": 0.5464032292366028, "z": 0.1470792144536972, "vis": 0.9993521571159363}, "10": {"x": 0.19535303115844727, "y": 0.5481328964233398, "z": 0.13007906079292297, "vis": 0.9994932413101196}, "11": {"x": 0.14005640149116516, "y": 0.5700217485427856, "z": 0.14080123603343964, "vis": 0.9997308850288391}, "12": {"x": 0.1921900063753128, "y": 0.5819074511528015, "z": -0.027351832017302513, "vis": 0.9999954700469971}, "13": {"x": 0.1238638162612915, "y": 0.6699937582015991, "z": 0.1123347133398056, "vis": 0.06562720239162445}, "14": {"x": 0.19241848587989807, "y": 0.6983266472816467, "z": -0.09056544303894043, "vis": 0.8717769980430603}, "15": {"x": 0.1320251077413559, "y": 0.7764294743537903, "z": 0.10155802220106125, "vis": 0.040594298392534256}, "16": {"x": 0.18036261200904846, "y": 0.8384392261505127, "z": -0.0998929888010025, "vis": 0.6624284386634827}, "17": {"x": 0.13274283707141876, "y": 0.7975383400917053, "z": 0.1035693883895874, "vis": 0.04980117082595825}, "18": {"x": 0.1764405518770218, "y": 0.8731563687324524, "z": -0.10293292254209518, "vis": 0.5816298127174377}, "19": {"x": 0.13699159026145935, "y": 0.8056527972221375, "z": 0.10340623557567596, "vis": 0.04735751450061798}, "20": {"x": 0.1780942678451538, "y": 0.8809067010879517, "z": -0.09650346636772156, "vis": 0.5684286952018738}, "21": {"x": 0.1361360400915146, "y": 0.7990825176239014, "z": 0.09958618879318237, "vis": 0.0503748320043087}, "22": {"x": 0.1774442344903946, "y": 0.8707157969474792, "z": -0.09673959016799927, "vis": 0.5713171362876892}, "23": {"x": 0.06751250475645065, "y": 0.7406995296478271, "z": 0.06134633719921112, "vis": 0.9999984502792358}, "24": {"x": 0.10597614198923111, "y": 0.7370119690895081, "z": -0.06218855455517769, "vis": 0.9999984502792358}, "25": {"x": 0.0893842801451683, "y": 0.78875333070755, "z": 0.30497264862060547, "vis": 0.49044564366340637}, "26": {"x": 0.21625405550003052, "y": 0.669025182723999, "z": 0.11417679488658905, "vis": 0.6933672428131104}, "27": {"x": 0.043100662529468536, "y": 0.8372966647148132, "z": 0.21412622928619385, "vis": 0.6993828415870667}, "28": {"x": 0.20087367296218872, "y": 0.843734085559845, "z": 0.0754891037940979, "vis": 0.7621988654136658}, "29": {"x": 0.03203137218952179, "y": 0.8366332650184631, "z": 0.20710742473602295, "vis": 0.8506132364273071}, "30": {"x": 0.1812339425086975, "y": 0.873026967048645, "z": 0.0749756395816803, "vis": 0.8328081369400024}, "31": {"x": 0.039816804230213165, "y": 0.8710898160934448, "z": 0.23012679815292358, "vis": 0.7378309965133667}, "32": {"x": 0.24855244159698486, "y": 0.8601766228675842, "z": 0.1048785150051117, "vis": 0.7436636686325073}}