{"0": {"x": 0.21618369221687317, "y": 0.31761646270751953, "z": 0.08454445004463196, "vis": 0.9986788630485535}, "1": {"x": 0.2081717997789383, "y": 0.3007338345050812, "z": 0.05945763364434242, "vis": 0.9990673661231995}, "2": {"x": 0.20348483324050903, "y": 0.3009894788265228, "z": 0.059428345412015915, "vis": 0.9989016056060791}, "3": {"x": 0.19914044439792633, "y": 0.3015815019607544, "z": 0.059325672686100006, "vis": 0.999129593372345}, "4": {"x": 0.2196986824274063, "y": 0.30070099234580994, "z": 0.05676870793104172, "vis": 0.9988124370574951}, "5": {"x": 0.22212547063827515, "y": 0.30081313848495483, "z": 0.05679582059383392, "vis": 0.99850994348526}, "6": {"x": 0.22434619069099426, "y": 0.3010573387145996, "z": 0.05667102336883545, "vis": 0.9987450838088989}, "7": {"x": 0.19292005896568298, "y": 0.31077730655670166, "z": -0.03203151747584343, "vis": 0.9990843534469604}, "8": {"x": 0.2260109782218933, "y": 0.3119810223579407, "z": -0.045219991356134415, "vis": 0.9989701509475708}, "9": {"x": 0.20976440608501434, "y": 0.3357730805873871, "z": 0.05794062465429306, "vis": 0.9983611702919006}, "10": {"x": 0.22052325308322906, "y": 0.3348832130432129, "z": 0.05429307371377945, "vis": 0.9985520243644714}, "11": {"x": 0.15942642092704773, "y": 0.4512377977371216, "z": -0.0639420747756958, "vis": 0.9991857409477234}, "12": {"x": 0.25592556595802307, "y": 0.4352394640445709, "z": -0.08965176343917847, "vis": 0.9994356036186218}, "13": {"x": 0.14840030670166016, "y": 0.602489709854126, "z": -0.06243370473384857, "vis": 0.7906861901283264}, "14": {"x": 0.2822692096233368, "y": 0.5754210948944092, "z": -0.06416642665863037, "vis": 0.9513912796974182}, "15": {"x": 0.1499844193458557, "y": 0.7468137741088867, "z": -0.018130134791135788, "vis": 0.33785802125930786}, "16": {"x": 0.308741956949234, "y": 0.692564845085144, "z": 0.011662651784718037, "vis": 0.7579790353775024}, "17": {"x": 0.14437678456306458, "y": 0.7859179377555847, "z": -0.018239885568618774, "vis": 0.2282879799604416}, "18": {"x": 0.31492823362350464, "y": 0.7235208749771118, "z": 0.016014641150832176, "vis": 0.6476537585258484}, "19": {"x": 0.14960990846157074, "y": 0.7852908968925476, "z": -0.018064793199300766, "vis": 0.21476876735687256}, "20": {"x": 0.3131929039955139, "y": 0.7205929160118103, "z": 0.017336834222078323, "vis": 0.6352824568748474}, "21": {"x": 0.1541709452867508, "y": 0.7673248648643494, "z": -0.01708954945206642, "vis": 0.19300489127635956}, "22": {"x": 0.30871546268463135, "y": 0.7093432545661926, "z": 0.01412405725568533, "vis": 0.5938475131988525}, "23": {"x": 0.1815987378358841, "y": 0.7130833268165588, "z": -0.004484858829528093, "vis": 0.9988003969192505}, "24": {"x": 0.2391384243965149, "y": 0.70660799741745, "z": 0.004232168663293123, "vis": 0.9975065588951111}, "25": {"x": 0.17585375905036926, "y": 0.8671219944953918, "z": 0.12231571972370148, "vis": 0.7747474908828735}, "26": {"x": 0.26622453331947327, "y": 0.8569592237472534, "z": 0.14763472974300385, "vis": 0.37542179226875305}, "27": {"x": 0.1878092885017395, "y": 0.9958329200744629, "z": 0.2524351477622986, "vis": 0.5626457929611206}, "28": {"x": 0.26405611634254456, "y": 0.9782127737998962, "z": 0.2862868309020996, "vis": 0.23508574068546295}, "29": {"x": 0.1902710199356079, "y": 1.0595520734786987, "z": 0.2653171420097351, "vis": 0.5971933007240295}, "30": {"x": 0.26546937227249146, "y": 1.0279202461242676, "z": 0.302499383687973, "vis": 0.3380219638347626}, "31": {"x": 0.18343879282474518, "y": 1.0129755735397339, "z": 0.2659474015235901, "vis": 0.27024292945861816}, "32": {"x": 0.26574474573135376, "y": 0.9672201871871948, "z": 0.30806249380111694, "vis": 0.1389441341161728}}