{"0": {"x": 0.2834368646144867, "y": 0.4650494158267975, "z": 0.3597673177719116, "vis": 0.9937267303466797}, "1": {"x": 0.27928709983825684, "y": 0.45427724719047546, "z": 0.34437742829322815, "vis": 0.9959663152694702}, "2": {"x": 0.2760782837867737, "y": 0.45506250858306885, "z": 0.3443734347820282, "vis": 0.993939995765686}, "3": {"x": 0.27295413613319397, "y": 0.45613738894462585, "z": 0.3443428575992584, "vis": 0.995826780796051}, "4": {"x": 0.28989601135253906, "y": 0.45393985509872437, "z": 0.34064334630966187, "vis": 0.9963982105255127}, "5": {"x": 0.29345428943634033, "y": 0.4545605182647705, "z": 0.3405938148498535, "vis": 0.9952622652053833}, "6": {"x": 0.29674258828163147, "y": 0.455228716135025, "z": 0.3404781222343445, "vis": 0.9973438382148743}, "7": {"x": 0.26880693435668945, "y": 0.4642905294895172, "z": 0.2584863305091858, "vis": 0.9915756583213806}, "8": {"x": 0.30027538537979126, "y": 0.4634588658809662, "z": 0.24419234693050385, "vis": 0.9948829412460327}, "9": {"x": 0.2775894105434418, "y": 0.4779745936393738, "z": 0.3313886225223541, "vis": 0.9778662323951721}, "10": {"x": 0.28877657651901245, "y": 0.4778268039226532, "z": 0.3274051547050476, "vis": 0.9812366962432861}, "11": {"x": 0.24125514924526215, "y": 0.562843918800354, "z": 0.21022501587867737, "vis": 0.9937536120414734}, "12": {"x": 0.32727962732315063, "y": 0.5558701753616333, "z": 0.16804756224155426, "vis": 0.998417854309082}, "13": {"x": 0.25432464480400085, "y": 0.6421501040458679, "z": 0.23917217552661896, "vis": 0.04427690431475639}, "14": {"x": 0.3414342701435089, "y": 0.6579898595809937, "z": 0.2121073305606842, "vis": 0.07746754586696625}, "15": {"x": 0.281158983707428, "y": 0.60617995262146, "z": 0.35152050852775574, "vis": 0.017332924529910088}, "16": {"x": 0.31819379329681396, "y": 0.6037821769714355, "z": 0.37421664595603943, "vis": 0.020686468109488487}, "17": {"x": 0.2833755612373352, "y": 0.5917378067970276, "z": 0.38051679730415344, "vis": 0.023696718737483025}, "18": {"x": 0.31860771775245667, "y": 0.5847583413124084, "z": 0.4095699191093445, "vis": 0.028284158557653427}, "19": {"x": 0.29043737053871155, "y": 0.5856122374534607, "z": 0.39231789112091064, "vis": 0.02365710772573948}, "20": {"x": 0.30715230107307434, "y": 0.5786023736000061, "z": 0.42171016335487366, "vis": 0.027294017374515533}, "21": {"x": 0.2917347252368927, "y": 0.5922866463661194, "z": 0.36118656396865845, "vis": 0.025711527094244957}, "22": {"x": 0.3055080771446228, "y": 0.5863954424858093, "z": 0.38537168502807617, "vis": 0.0322478823363781}, "23": {"x": 0.23400463163852692, "y": 0.7744097113609314, "z": 0.011133586056530476, "vis": 0.9996802806854248}, "24": {"x": 0.30075088143348694, "y": 0.7739562392234802, "z": -0.011769776232540607, "vis": 0.9997156262397766}, "25": {"x": 0.2138306200504303, "y": 0.8647628426551819, "z": 0.2432652711868286, "vis": 0.20428740978240967}, "26": {"x": 0.33167770504951477, "y": 0.8472282290458679, "z": 0.12537965178489685, "vis": 0.11550688743591309}, "27": {"x": 0.21432583034038544, "y": 0.952500581741333, "z": -0.0632115975022316, "vis": 0.5153144001960754}, "28": {"x": 0.3233676552772522, "y": 0.9426361918449402, "z": -0.2176074981689453, "vis": 0.46665337681770325}, "29": {"x": 0.2176496684551239, "y": 0.9633991718292236, "z": -0.09674376249313354, "vis": 0.8240159749984741}, "30": {"x": 0.3199445903301239, "y": 0.957444429397583, "z": -0.2527470588684082, "vis": 0.8076133728027344}, "31": {"x": 0.20697149634361267, "y": 0.9853700399398804, "z": -0.08989227563142776, "vis": 0.577926516532898}, "32": {"x": 0.3222559988498688, "y": 0.968991219997406, "z": -0.2476774901151657, "vis": 0.5640235543251038}}