{"0": {"x": 0.2502974569797516, "y": 0.5922455191612244, "z": 0.09303697198629379, "vis": 0.9980834722518921}, "1": {"x": 0.2462928295135498, "y": 0.5797871947288513, "z": 0.10157173126935959, "vis": 0.9989581108093262}, "2": {"x": 0.24488511681556702, "y": 0.5801540613174438, "z": 0.10143716633319855, "vis": 0.9989669322967529}, "3": {"x": 0.2437049001455307, "y": 0.5804983377456665, "z": 0.10133980214595795, "vis": 0.99925297498703}, "4": {"x": 0.24791662395000458, "y": 0.5806602239608765, "z": 0.08145256340503693, "vis": 0.9987770915031433}, "5": {"x": 0.24767820537090302, "y": 0.5817618370056152, "z": 0.08136999607086182, "vis": 0.9986273050308228}, "6": {"x": 0.24774929881095886, "y": 0.5828155875205994, "z": 0.0812494307756424, "vis": 0.9988833069801331}, "7": {"x": 0.2357850819826126, "y": 0.5919331312179565, "z": 0.11503492295742035, "vis": 0.9990403056144714}, "8": {"x": 0.24438121914863586, "y": 0.5940935611724854, "z": 0.024890733882784843, "vis": 0.9981162548065186}, "9": {"x": 0.2470569610595703, "y": 0.611668586730957, "z": 0.09799935668706894, "vis": 0.9977506995201111}, "10": {"x": 0.2482355833053589, "y": 0.6135104298591614, "z": 0.071913942694664, "vis": 0.9981021285057068}, "11": {"x": 0.20765550434589386, "y": 0.6720598936080933, "z": 0.14091786742210388, "vis": 0.9988645315170288}, "12": {"x": 0.2328888177871704, "y": 0.6679931282997131, "z": -0.06730014085769653, "vis": 0.9998977184295654}, "13": {"x": 0.18447443842887878, "y": 0.8335798978805542, "z": 0.11282394081354141, "vis": 0.04395872354507446}, "14": {"x": 0.24074099957942963, "y": 0.8166094422340393, "z": -0.09364717453718185, "vis": 0.33687201142311096}, "15": {"x": 0.17477306723594666, "y": 0.9252716302871704, "z": 0.08703473210334778, "vis": 0.03819560632109642}, "16": {"x": 0.253030002117157, "y": 0.8760471940040588, "z": -0.02646021731197834, "vis": 0.13223904371261597}, "17": {"x": 0.16573669016361237, "y": 0.9494539499282837, "z": 0.0883597657084465, "vis": 0.046896837651729584}, "18": {"x": 0.2566315531730652, "y": 0.8948913812637329, "z": -0.029982978478074074, "vis": 0.13459374010562897}, "19": {"x": 0.17075851559638977, "y": 0.9464982151985168, "z": 0.0860307440161705, "vis": 0.04554011672735214}, "20": {"x": 0.25646284222602844, "y": 0.8883983492851257, "z": -0.02451973408460617, "vis": 0.12696772813796997}, "21": {"x": 0.17309315502643585, "y": 0.940872073173523, "z": 0.08319747447967529, "vis": 0.04670548811554909}, "22": {"x": 0.251478374004364, "y": 0.8845785856246948, "z": -0.02307290770113468, "vis": 0.12693709135055542}, "23": {"x": 0.17713402211666107, "y": 0.9160742163658142, "z": 0.07562794536352158, "vis": 0.9999010562896729}, "24": {"x": 0.19293101131916046, "y": 0.8929100036621094, "z": -0.07570237666368484, "vis": 0.9999727010726929}, "25": {"x": 0.2495037466287613, "y": 0.8787009119987488, "z": 0.16604158282279968, "vis": 0.17831142246723175}, "26": {"x": 0.2980079650878906, "y": 0.8002824783325195, "z": -0.13872434198856354, "vis": 0.8822957873344421}, "27": {"x": 0.1773833930492401, "y": 0.9443946480751038, "z": 0.15115699172019958, "vis": 0.32160162925720215}, "28": {"x": 0.31872597336769104, "y": 1.0542758703231812, "z": -0.1574150025844574, "vis": 0.8147596120834351}, "29": {"x": 0.1646835207939148, "y": 0.9434486627578735, "z": 0.15131643414497375, "vis": 0.41176837682724}, "30": {"x": 0.3089470863342285, "y": 1.0989576578140259, "z": -0.1561247855424881, "vis": 0.8464323282241821}, "31": {"x": 0.1655249446630478, "y": 0.9560037851333618, "z": 0.15509289503097534, "vis": 0.4113408923149109}, "32": {"x": 0.3552734851837158, "y": 1.0288676023483276, "z": -0.17572057247161865, "vis": 0.7812746167182922}}