{"0": {"x": 0.9466240406036377, "y": 0.3686170279979706, "z": 0.19186773896217346, "vis": 0.9982715845108032}, "1": {"x": 0.9436897039413452, "y": 0.3562004864215851, "z": 0.1817454993724823, "vis": 0.9982951283454895}, "2": {"x": 0.9418796300888062, "y": 0.35618969798088074, "z": 0.1817111372947693, "vis": 0.9980382323265076}, "3": {"x": 0.9403547048568726, "y": 0.35638660192489624, "z": 0.18166454136371613, "vis": 0.9983251690864563}, "4": {"x": 0.9505411386489868, "y": 0.35596635937690735, "z": 0.1736958920955658, "vis": 0.9980833530426025}, "5": {"x": 0.9527401924133301, "y": 0.35568690299987793, "z": 0.17370587587356567, "vis": 0.9978081583976746}, "6": {"x": 0.9545697569847107, "y": 0.3556682765483856, "z": 0.1736246794462204, "vis": 0.9980150461196899}, "7": {"x": 0.9413674473762512, "y": 0.3630830943584442, "z": 0.13093771040439606, "vis": 0.998465895652771}, "8": {"x": 0.9562901854515076, "y": 0.3625066578388214, "z": 0.0943264365196228, "vis": 0.9975737929344177}, "9": {"x": 0.9429700374603271, "y": 0.37935423851013184, "z": 0.1760135442018509, "vis": 0.9973651766777039}, "10": {"x": 0.9499895572662354, "y": 0.37978535890579224, "z": 0.16555467247962952, "vis": 0.9967154264450073}, "11": {"x": 0.9182289242744446, "y": 0.4435901939868927, "z": 0.11850564181804657, "vis": 0.996696949005127}, "12": {"x": 0.9753983020782471, "y": 0.4205537438392639, "z": 0.0060140895657241344, "vis": 0.9994547963142395}, "13": {"x": 0.9279372096061707, "y": 0.5267814993858337, "z": 0.11592333018779755, "vis": 0.052649375051259995}, "14": {"x": 0.991295337677002, "y": 0.49194496870040894, "z": -0.04555023834109306, "vis": 0.7281553149223328}, "15": {"x": 0.9546031951904297, "y": 0.5750653147697449, "z": 0.14738184213638306, "vis": 0.018478145822882652}, "16": {"x": 0.9948639869689941, "y": 0.546384334564209, "z": -0.05273947864770889, "vis": 0.28037381172180176}, "17": {"x": 0.9585227966308594, "y": 0.587205708026886, "z": 0.15611305832862854, "vis": 0.023177120834589005}, "18": {"x": 0.9957352876663208, "y": 0.5600415468215942, "z": -0.05689259618520737, "vis": 0.2436555176973343}, "19": {"x": 0.9636375308036804, "y": 0.5833658576011658, "z": 0.1541101187467575, "vis": 0.022499969229102135}, "20": {"x": 0.9951171875, "y": 0.5579416155815125, "z": -0.04599767550826073, "vis": 0.233353853225708}, "21": {"x": 0.9641104340553284, "y": 0.5788100957870483, "z": 0.14677199721336365, "vis": 0.024014076218008995}, "22": {"x": 0.9924888014793396, "y": 0.5542201399803162, "z": -0.04907201603055, "vis": 0.21938318014144897}, "23": {"x": 0.9207248687744141, "y": 0.6198296546936035, "z": 0.03648974373936653, "vis": 0.999206006526947}, "24": {"x": 0.9665470719337463, "y": 0.6127817630767822, "z": -0.03675314784049988, "vis": 0.99894779920578}, "25": {"x": 0.90951007604599, "y": 0.7439802885055542, "z": 0.06646658480167389, "vis": 0.9333348274230957}, "26": {"x": 0.9804068207740784, "y": 0.7507830262184143, "z": 0.00020143688016105443, "vis": 0.8695246577262878}, "27": {"x": 0.8722394704818726, "y": 0.8473712801933289, "z": -0.06600353866815567, "vis": 0.969839334487915}, "28": {"x": 0.9852490425109863, "y": 0.8822944164276123, "z": -0.122165746986866, "vis": 0.9679613709449768}, "29": {"x": 0.8624750375747681, "y": 0.8573587536811829, "z": -0.08143559843301773, "vis": 0.9833371043205261}, "30": {"x": 0.9843658804893494, "y": 0.9053012132644653, "z": -0.1347562074661255, "vis": 0.9714665412902832}, "31": {"x": 0.8742454648017883, "y": 0.9099921584129333, "z": -0.11157750338315964, "vis": 0.8907546401023865}, "32": {"x": 0.9870859980583191, "y": 0.8919990658760071, "z": -0.16733495891094208, "vis": 0.9126553535461426}}