{"0": {"x": 0.08096658438444138, "y": 0.4925979673862457, "z": 0.07084143161773682, "vis": 0.9978138208389282}, "1": {"x": 0.07951676845550537, "y": 0.48360443115234375, "z": 0.051100488752126694, "vis": 0.9988027811050415}, "2": {"x": 0.07884638011455536, "y": 0.48406079411506653, "z": 0.05102819576859474, "vis": 0.99909508228302}, "3": {"x": 0.07819298654794693, "y": 0.4845882058143616, "z": 0.05099603161215782, "vis": 0.9989824891090393}, "4": {"x": 0.0827844887971878, "y": 0.48185673356056213, "z": 0.06133873760700226, "vis": 0.9984440207481384}, "5": {"x": 0.08414798229932785, "y": 0.48122939467430115, "z": 0.06134989485144615, "vis": 0.9985511898994446}, "6": {"x": 0.08557086437940598, "y": 0.4806351959705353, "z": 0.061309564858675, "vis": 0.9979386925697327}, "7": {"x": 0.07394307851791382, "y": 0.5072463154792786, "z": -0.014804042875766754, "vis": 0.9990134239196777}, "8": {"x": 0.07704319059848785, "y": 0.5059894919395447, "z": 0.030348708853125572, "vis": 0.9984357953071594}, "9": {"x": 0.08200876414775848, "y": 0.5034925937652588, "z": 0.05133230984210968, "vis": 0.9947633147239685}, "10": {"x": 0.08489923924207687, "y": 0.5017331838607788, "z": 0.06420981884002686, "vis": 0.9935989379882812}, "11": {"x": 0.07840070128440857, "y": 0.5574322938919067, "z": -0.07755472511053085, "vis": 0.9999423027038574}, "12": {"x": 0.12497681379318237, "y": 0.5402487516403198, "z": 0.06355177611112595, "vis": 0.999489426612854}, "13": {"x": 0.05802258849143982, "y": 0.6399394273757935, "z": -0.079271599650383, "vis": 0.995262622833252}, "14": {"x": 0.13464787602424622, "y": 0.614642858505249, "z": 0.15739721059799194, "vis": 0.058565542101860046}, "15": {"x": 0.02361278049647808, "y": 0.653924822807312, "z": -0.009618270210921764, "vis": 0.9718432426452637}, "16": {"x": 0.10774403065443039, "y": 0.6167091727256775, "z": 0.26935309171676636, "vis": 0.04929521679878235}, "17": {"x": 0.015192091464996338, "y": 0.6533142328262329, "z": -0.010551840998232365, "vis": 0.9591963887214661}, "18": {"x": 0.10196731239557266, "y": 0.6153894066810608, "z": 0.2940833568572998, "vis": 0.07879845052957535}, "19": {"x": 0.015991024672985077, "y": 0.6419277787208557, "z": -0.004313777666538954, "vis": 0.9607438445091248}, "20": {"x": 0.09811969846487045, "y": 0.611213207244873, "z": 0.2910582721233368, "vis": 0.07514473050832748}, "21": {"x": 0.018929138779640198, "y": 0.6426848769187927, "z": -0.003157996339723468, "vis": 0.932693600654602}, "22": {"x": 0.09950821101665497, "y": 0.6116893291473389, "z": 0.271895170211792, "vis": 0.08070408552885056}, "23": {"x": 0.08445402979850769, "y": 0.7171857357025146, "z": -0.05547069385647774, "vis": 0.9999872446060181}, "24": {"x": 0.12329038232564926, "y": 0.7124384641647339, "z": 0.05503151938319206, "vis": 0.9999711513519287}, "25": {"x": 0.04087134450674057, "y": 0.8031560182571411, "z": 0.01476957555860281, "vis": 0.9978970289230347}, "26": {"x": 0.11481501162052155, "y": 0.7874746918678284, "z": 0.16930967569351196, "vis": 0.807144045829773}, "27": {"x": 0.10579752177000046, "y": 0.875119149684906, "z": -0.04974740743637085, "vis": 0.9912010431289673}, "28": {"x": 0.14490699768066406, "y": 0.8887190222740173, "z": 0.07160207629203796, "vis": 0.9273013472557068}, "29": {"x": 0.11884301900863647, "y": 0.8850346803665161, "z": -0.0502675361931324, "vis": 0.9964448809623718}, "30": {"x": 0.15291234850883484, "y": 0.9054642915725708, "z": 0.06303045898675919, "vis": 0.9478853344917297}, "31": {"x": 0.08852260559797287, "y": 0.9209827780723572, "z": -0.008195984177291393, "vis": 0.9702115058898926}, "32": {"x": 0.1376260221004486, "y": 0.9133626222610474, "z": 0.07618508487939835, "vis": 0.7665283679962158}}