{"0": {"x": 0.13646578788757324, "y": 0.34670087695121765, "z": 0.11237449198961258, "vis": 0.9995129108428955}, "1": {"x": 0.13335484266281128, "y": 0.33828991651535034, "z": 0.09181150048971176, "vis": 0.9995334148406982}, "2": {"x": 0.1314786821603775, "y": 0.33844298124313354, "z": 0.09181495755910873, "vis": 0.9995326995849609}, "3": {"x": 0.12980423867702484, "y": 0.3389766216278076, "z": 0.09177985787391663, "vis": 0.9995474219322205}, "4": {"x": 0.13904456794261932, "y": 0.3383305072784424, "z": 0.09230409562587738, "vis": 0.9996066689491272}, "5": {"x": 0.14087434113025665, "y": 0.33835986256599426, "z": 0.09229456633329391, "vis": 0.9996175765991211}, "6": {"x": 0.14271849393844604, "y": 0.3385603129863739, "z": 0.09225974977016449, "vis": 0.9996339082717896}, "7": {"x": 0.12712480127811432, "y": 0.3465278744697571, "z": 0.02374328300356865, "vis": 0.9995225667953491}, "8": {"x": 0.14550337195396423, "y": 0.3449804186820984, "z": 0.025096280500292778, "vis": 0.9993783235549927}, "9": {"x": 0.13420072197914124, "y": 0.35570472478866577, "z": 0.09220026433467865, "vis": 0.9988753199577332}, "10": {"x": 0.1400189846754074, "y": 0.35574018955230713, "z": 0.09236974269151688, "vis": 0.9989063739776611}, "11": {"x": 0.10242337733507156, "y": 0.41060182452201843, "z": -0.010309543460607529, "vis": 0.9983940720558167}, "12": {"x": 0.1629388928413391, "y": 0.4031543731689453, "z": 0.010515161789953709, "vis": 0.9967995882034302}, "13": {"x": 0.09810242056846619, "y": 0.49717003107070923, "z": 0.060108497738838196, "vis": 0.7531972527503967}, "14": {"x": 0.16670800745487213, "y": 0.48311328887939453, "z": 0.07488500326871872, "vis": 0.6877020001411438}, "15": {"x": 0.11948376893997192, "y": 0.49290114641189575, "z": 0.1943119615316391, "vis": 0.01766187697649002}, "16": {"x": 0.1507672816514969, "y": 0.45092204213142395, "z": 0.19968853890895844, "vis": 0.02865932323038578}, "17": {"x": 0.1207888051867485, "y": 0.5048031806945801, "z": 0.21287429332733154, "vis": 0.01465547177940607}, "18": {"x": 0.14787505567073822, "y": 0.44308966398239136, "z": 0.22187213599681854, "vis": 0.0285616684705019}, "19": {"x": 0.12740188837051392, "y": 0.4872678518295288, "z": 0.2127530723810196, "vis": 0.01425944920629263}, "20": {"x": 0.14206112921237946, "y": 0.43513965606689453, "z": 0.2234494388103485, "vis": 0.02808699570596218}, "21": {"x": 0.12555989623069763, "y": 0.48650118708610535, "z": 0.19781579077243805, "vis": 0.016461411491036415}, "22": {"x": 0.14175070822238922, "y": 0.43714579939842224, "z": 0.2036159187555313, "vis": 0.027693185955286026}, "23": {"x": 0.12033849954605103, "y": 0.5729218125343323, "z": -0.00949032697826624, "vis": 0.9985232949256897}, "24": {"x": 0.1524564027786255, "y": 0.5676148533821106, "z": 0.00949873123317957, "vis": 0.9975365400314331}, "25": {"x": 0.12927331030368805, "y": 0.6878780722618103, "z": 0.007180487737059593, "vis": 0.9895167946815491}, "26": {"x": 0.1614702343940735, "y": 0.679276704788208, "z": 0.04716532304883003, "vis": 0.9838984608650208}, "27": {"x": 0.1296616643667221, "y": 0.7997233867645264, "z": 0.01578419655561447, "vis": 0.9771190285682678}, "28": {"x": 0.1750580072402954, "y": 0.7906355261802673, "z": 0.05725801736116409, "vis": 0.9735286235809326}, "29": {"x": 0.13193687796592712, "y": 0.8171795010566711, "z": 0.01782437600195408, "vis": 0.9819033145904541}, "30": {"x": 0.17393341660499573, "y": 0.8075416088104248, "z": 0.059231773018836975, "vis": 0.9695678353309631}, "31": {"x": 0.12487773597240448, "y": 0.8177787661552429, "z": 0.016435407102108, "vis": 0.7812651991844177}, "32": {"x": 0.17491775751113892, "y": 0.801960825920105, "z": 0.060163483023643494, "vis": 0.7463049292564392}}