{"0": {"x": 0.31575778126716614, "y": 0.9178048372268677, "z": 0.0048820506781339645, "vis": 0.21925762295722961}, "1": {"x": 0.32244065403938293, "y": 0.9107869863510132, "z": -0.006048352457582951, "vis": 0.3201848566532135}, "2": {"x": 0.32574236392974854, "y": 0.9113367199897766, "z": -0.006121424026787281, "vis": 0.3450957238674164}, "3": {"x": 0.3290119171142578, "y": 0.9117933511734009, "z": -0.006181739736348391, "vis": 0.38409891724586487}, "4": {"x": 0.3131886124610901, "y": 0.9080164432525635, "z": -0.008913252502679825, "vis": 0.23361322283744812}, "5": {"x": 0.3103174567222595, "y": 0.9067381024360657, "z": -0.008889595977962017, "vis": 0.23671433329582214}, "6": {"x": 0.30741581320762634, "y": 0.9055315256118774, "z": -0.009016142226755619, "vis": 0.22441986203193665}, "7": {"x": 0.33592817187309265, "y": 0.9065597653388977, "z": -0.024263160303235054, "vis": 0.3906098008155823}, "8": {"x": 0.3043150007724762, "y": 0.8980883955955505, "z": -0.03696007654070854, "vis": 0.2729257345199585}, "9": {"x": 0.32051515579223633, "y": 0.9201191663742065, "z": 0.003350026672706008, "vis": 0.41183149814605713}, "10": {"x": 0.3106301426887512, "y": 0.9172754883766174, "z": -0.000428213068516925, "vis": 0.3028627336025238}, "11": {"x": 0.3570391833782196, "y": 0.9097045660018921, "z": -0.02245475910604, "vis": 0.9984652996063232}, "12": {"x": 0.27592718601226807, "y": 0.8943894505500793, "z": -0.013832055032253265, "vis": 0.9891223311424255}, "13": {"x": 0.3965097665786743, "y": 0.9128495454788208, "z": 0.03884340450167656, "vis": 0.3179572522640228}, "14": {"x": 0.2697553336620331, "y": 0.9038615822792053, "z": 0.04102418199181557, "vis": 0.16683489084243774}, "15": {"x": 0.3746916949748993, "y": 0.9202756285667419, "z": 0.11223381757736206, "vis": 0.2027636170387268}, "16": {"x": 0.297561377286911, "y": 0.9239668846130371, "z": 0.09998828172683716, "vis": 0.06722418963909149}, "17": {"x": 0.37819719314575195, "y": 0.9227374792098999, "z": 0.11723561584949493, "vis": 0.2229926735162735}, "18": {"x": 0.3013206124305725, "y": 0.9275784492492676, "z": 0.10307631641626358, "vis": 0.08174088597297668}, "19": {"x": 0.3671720325946808, "y": 0.9201985597610474, "z": 0.11617883294820786, "vis": 0.23636481165885925}, "20": {"x": 0.3089594841003418, "y": 0.9264163970947266, "z": 0.10601256787776947, "vis": 0.07914218306541443}, "21": {"x": 0.3645997643470764, "y": 0.918009340763092, "z": 0.11464998871088028, "vis": 0.2043904960155487}, "22": {"x": 0.3096769154071808, "y": 0.9256100654602051, "z": 0.10367146134376526, "vis": 0.08094558119773865}, "23": {"x": 0.32947295904159546, "y": 0.739111602306366, "z": -0.005844942759722471, "vis": 0.9999688863754272}, "24": {"x": 0.28785473108291626, "y": 0.734679102897644, "z": 0.0054627349600195885, "vis": 0.9999114274978638}, "25": {"x": 0.33760786056518555, "y": 0.696247398853302, "z": 0.13618101179599762, "vis": 0.4653902053833008}, "26": {"x": 0.2985835671424866, "y": 0.6772609353065491, "z": 0.14387482404708862, "vis": 0.16817978024482727}, "27": {"x": 0.3341764509677887, "y": 0.6098642349243164, "z": 0.21673831343650818, "vis": 0.23706670105457306}, "28": {"x": 0.3161335289478302, "y": 0.6121032238006592, "z": 0.2408302277326584, "vis": 0.13793213665485382}, "29": {"x": 0.32902777194976807, "y": 0.5938462018966675, "z": 0.2287389039993286, "vis": 0.3201436400413513}, "30": {"x": 0.31940025091171265, "y": 0.6000194549560547, "z": 0.2544861137866974, "vis": 0.23773427307605743}, "31": {"x": 0.3420960605144501, "y": 0.5971308946609497, "z": 0.25299522280693054, "vis": 0.1996927261352539}, "32": {"x": 0.3233981728553772, "y": 0.6007300615310669, "z": 0.27750369906425476, "vis": 0.12770548462867737}}