{"0": {"x": 0.24890638887882233, "y": 0.4107469320297241, "z": 0.3463764786720276, "vis": 0.9993137121200562}, "1": {"x": 0.24468983709812164, "y": 0.3972734212875366, "z": 0.3306465148925781, "vis": 0.9996318817138672}, "2": {"x": 0.24178458750247955, "y": 0.3974510729312897, "z": 0.3305763006210327, "vis": 0.9995700716972351}, "3": {"x": 0.23899362981319427, "y": 0.3980410695075989, "z": 0.3304888904094696, "vis": 0.9996917247772217}, "4": {"x": 0.25503796339035034, "y": 0.398296982049942, "z": 0.3307919204235077, "vis": 0.9994305968284607}, "5": {"x": 0.2587042450904846, "y": 0.39893823862075806, "z": 0.3308045268058777, "vis": 0.9992440938949585}, "6": {"x": 0.26210448145866394, "y": 0.3997502028942108, "z": 0.3307620882987976, "vis": 0.9994863271713257}, "7": {"x": 0.2345574051141739, "y": 0.4074980914592743, "z": 0.24036183953285217, "vis": 0.9993788003921509}, "8": {"x": 0.2675410509109497, "y": 0.4091952443122864, "z": 0.24225839972496033, "vis": 0.9992417097091675}, "9": {"x": 0.2432583123445511, "y": 0.4239921271800995, "z": 0.3157251179218292, "vis": 0.9988985061645508}, "10": {"x": 0.2554982900619507, "y": 0.4266393482685089, "z": 0.31631386280059814, "vis": 0.9987126588821411}, "11": {"x": 0.20363424718379974, "y": 0.5071749091148376, "z": 0.17149101197719574, "vis": 0.9971323013305664}, "12": {"x": 0.2902449667453766, "y": 0.5129309296607971, "z": 0.14866945147514343, "vis": 0.9988447427749634}, "13": {"x": 0.20283304154872894, "y": 0.6266564130783081, "z": 0.12467557936906815, "vis": 0.12779094278812408}, "14": {"x": 0.2887963056564331, "y": 0.6297742128372192, "z": 0.13302308320999146, "vis": 0.16255389153957367}, "15": {"x": 0.22614294290542603, "y": 0.6765562295913696, "z": 0.14142978191375732, "vis": 0.048306096345186234}, "16": {"x": 0.27179813385009766, "y": 0.6768530607223511, "z": 0.15547716617584229, "vis": 0.03335559368133545}, "17": {"x": 0.22948385775089264, "y": 0.6802775859832764, "z": 0.1485459804534912, "vis": 0.04458623006939888}, "18": {"x": 0.2697555124759674, "y": 0.6838177442550659, "z": 0.16131608188152313, "vis": 0.03540170192718506}, "19": {"x": 0.24203047156333923, "y": 0.6761807203292847, "z": 0.15071453154087067, "vis": 0.04262914881110191}, "20": {"x": 0.26084640622138977, "y": 0.6748821139335632, "z": 0.16783881187438965, "vis": 0.03809408098459244}, "21": {"x": 0.24220417439937592, "y": 0.6742530465126038, "z": 0.14250831305980682, "vis": 0.047558315098285675}, "22": {"x": 0.2586086094379425, "y": 0.6717481017112732, "z": 0.15813656151294708, "vis": 0.04671895131468773}, "23": {"x": 0.20796486735343933, "y": 0.7054434418678284, "z": 0.010692550800740719, "vis": 0.9980459213256836}, "24": {"x": 0.265423983335495, "y": 0.7048566341400146, "z": -0.010806133039295673, "vis": 0.9983945488929749}, "25": {"x": 0.20661598443984985, "y": 0.8403706550598145, "z": 0.09069079160690308, "vis": 0.7344670295715332}, "26": {"x": 0.29258278012275696, "y": 0.8322932124137878, "z": -0.020688196644186974, "vis": 0.6202281713485718}, "27": {"x": 0.1966017186641693, "y": 0.9694256782531738, "z": -0.1644005924463272, "vis": 0.8862952589988708}, "28": {"x": 0.3148386478424072, "y": 0.9548270106315613, "z": -0.31734466552734375, "vis": 0.907800555229187}, "29": {"x": 0.19035714864730835, "y": 0.9845418930053711, "z": -0.19569356739521027, "vis": 0.9510946273803711}, "30": {"x": 0.31561052799224854, "y": 0.9785633087158203, "z": -0.35038310289382935, "vis": 0.9437057375907898}, "31": {"x": 0.1927727907896042, "y": 0.9886367321014404, "z": -0.23233012855052948, "vis": 0.7531313896179199}, "32": {"x": 0.31730663776397705, "y": 0.9815216660499573, "z": -0.3946797847747803, "vis": 0.8682966828346252}}