{"0": {"x": 0.6397225856781006, "y": 0.4464559853076935, "z": -0.2053278684616089, "vis": 0.9932326078414917}, "1": {"x": 0.6425024271011353, "y": 0.43925967812538147, "z": -0.20889808237552643, "vis": 0.9970192909240723}, "2": {"x": 0.6431033611297607, "y": 0.4394529461860657, "z": -0.2089385837316513, "vis": 0.9965879917144775}, "3": {"x": 0.6444754004478455, "y": 0.43963944911956787, "z": -0.209038645029068, "vis": 0.9979146122932434}, "4": {"x": 0.6414159536361694, "y": 0.4379732012748718, "z": -0.2017510086297989, "vis": 0.9939985275268555}, "5": {"x": 0.6414575576782227, "y": 0.43746596574783325, "z": -0.20178231596946716, "vis": 0.989368736743927}, "6": {"x": 0.6412561535835266, "y": 0.43592822551727295, "z": -0.2018047720193863, "vis": 0.9901844263076782}, "7": {"x": 0.6497753858566284, "y": 0.4419904053211212, "z": -0.18808917701244354, "vis": 0.9986398816108704}, "8": {"x": 0.6443905830383301, "y": 0.43728435039520264, "z": -0.15431010723114014, "vis": 0.9916011095046997}, "9": {"x": 0.6421172618865967, "y": 0.45573684573173523, "z": -0.19443464279174805, "vis": 0.9972809553146362}, "10": {"x": 0.64023756980896, "y": 0.4517340064048767, "z": -0.1846650242805481, "vis": 0.9944842457771301}, "11": {"x": 0.6683177947998047, "y": 0.5075125098228455, "z": -0.145858496427536, "vis": 0.9999604225158691}, "12": {"x": 0.6367788910865784, "y": 0.4482484757900238, "z": -0.10548756271600723, "vis": 0.9984965324401855}, "13": {"x": 0.6614958047866821, "y": 0.5702341198921204, "z": -0.14356490969657898, "vis": 0.9763592481613159}, "14": {"x": 0.6181451678276062, "y": 0.456661581993103, "z": -0.07005316764116287, "vis": 0.2762221097946167}, "15": {"x": 0.6552272439002991, "y": 0.6174300909042358, "z": -0.16784779727458954, "vis": 0.9536524415016174}, "16": {"x": 0.6085474491119385, "y": 0.49902957677841187, "z": -0.07463449239730835, "vis": 0.31740134954452515}, "17": {"x": 0.6563477516174316, "y": 0.6310697793960571, "z": -0.17998044192790985, "vis": 0.9094538688659668}, "18": {"x": 0.6049593687057495, "y": 0.5036905407905579, "z": -0.07571928203105927, "vis": 0.2556893527507782}, "19": {"x": 0.6551451086997986, "y": 0.628731906414032, "z": -0.18826134502887726, "vis": 0.921398401260376}, "20": {"x": 0.6062573790550232, "y": 0.5033295154571533, "z": -0.08753426373004913, "vis": 0.27422934770584106}, "21": {"x": 0.6532881855964661, "y": 0.6229239702224731, "z": -0.17124035954475403, "vis": 0.8762556910514832}, "22": {"x": 0.6078037023544312, "y": 0.5034064054489136, "z": -0.0789891704916954, "vis": 0.27656760811805725}, "23": {"x": 0.6162165403366089, "y": 0.5599793195724487, "z": -0.006129073444753885, "vis": 0.9999003410339355}, "24": {"x": 0.6042276620864868, "y": 0.524567723274231, "z": 0.006029168609529734, "vis": 0.9998871088027954}, "25": {"x": 0.6054239273071289, "y": 0.5852884650230408, "z": -0.02849230170249939, "vis": 0.5281727910041809}, "26": {"x": 0.6121978759765625, "y": 0.5360021591186523, "z": -0.033467210829257965, "vis": 0.40271544456481934}, "27": {"x": 0.59648597240448, "y": 0.6206274032592773, "z": 0.07475557923316956, "vis": 0.21053370833396912}, "28": {"x": 0.5802626609802246, "y": 0.5727670192718506, "z": 0.07406367361545563, "vis": 0.23168419301509857}, "29": {"x": 0.5969014763832092, "y": 0.625316321849823, "z": 0.08564206212759018, "vis": 0.26531311869621277}, "30": {"x": 0.574470043182373, "y": 0.5767757892608643, "z": 0.08571958541870117, "vis": 0.25893959403038025}, "31": {"x": 0.590644896030426, "y": 0.6414588689804077, "z": 0.0738680511713028, "vis": 0.2902023196220398}, "32": {"x": 0.5730499029159546, "y": 0.5928983688354492, "z": 0.07388190180063248, "vis": 0.30741748213768005}}