{"0": {"x": 0.27087369561195374, "y": 0.48838871717453003, "z": 0.29931363463401794, "vis": 0.9994152784347534}, "1": {"x": 0.2727724611759186, "y": 0.44919317960739136, "z": 0.2901579439640045, "vis": 0.9994803071022034}, "2": {"x": 0.2624894082546234, "y": 0.481311172246933, "z": 0.2901734411716461, "vis": 0.9994794726371765}, "3": {"x": 0.2597792446613312, "y": 0.4805538058280945, "z": 0.29010093212127686, "vis": 0.9996509552001953}, "4": {"x": 0.2793714702129364, "y": 0.4505977928638458, "z": 0.2899002730846405, "vis": 0.9991165995597839}, "5": {"x": 0.2815462052822113, "y": 0.4513227045536041, "z": 0.2899702489376068, "vis": 0.998970627784729}, "6": {"x": 0.28375154733657837, "y": 0.45206934213638306, "z": 0.289895236492157, "vis": 0.9991685152053833}, "7": {"x": 0.2550710439682007, "y": 0.48661550879478455, "z": 0.2222113013267517, "vis": 0.9995893836021423}, "8": {"x": 0.28726381063461304, "y": 0.4899515211582184, "z": 0.21979361772537231, "vis": 0.9990527033805847}, "9": {"x": 0.26615461707115173, "y": 0.49589085578918457, "z": 0.2759319543838501, "vis": 0.9988608360290527}, "10": {"x": 0.2773236930370331, "y": 0.4963090717792511, "z": 0.27530378103256226, "vis": 0.9987660646438599}, "11": {"x": 0.231187641620636, "y": 0.5735946893692017, "z": 0.1542905569076538, "vis": 0.9998026490211487}, "12": {"x": 0.31215885281562805, "y": 0.5666905641555786, "z": 0.14731334149837494, "vis": 0.9991280436515808}, "13": {"x": 0.2178458422422409, "y": 0.6953904032707214, "z": 0.14010825753211975, "vis": 0.7054717540740967}, "14": {"x": 0.316501259803772, "y": 0.6932576894760132, "z": 0.13454698026180267, "vis": 0.6148509383201599}, "15": {"x": 0.21577546000480652, "y": 0.8353647589683533, "z": 0.1757001280784607, "vis": 0.24028609693050385}, "16": {"x": 0.3138769268989563, "y": 0.797302782535553, "z": 0.17827263474464417, "vis": 0.20460005104541779}, "17": {"x": 0.21535663306713104, "y": 0.8654361367225647, "z": 0.17220532894134521, "vis": 0.19464674592018127}, "18": {"x": 0.31595921516418457, "y": 0.825228750705719, "z": 0.18530134856700897, "vis": 0.1436256319284439}, "19": {"x": 0.2200234979391098, "y": 0.8686469197273254, "z": 0.18404118716716766, "vis": 0.17315024137496948}, "20": {"x": 0.31008508801460266, "y": 0.826361358165741, "z": 0.18288350105285645, "vis": 0.12309927493333817}, "21": {"x": 0.22161522507667542, "y": 0.8574616312980652, "z": 0.17935901880264282, "vis": 0.16849514842033386}, "22": {"x": 0.3056712746620178, "y": 0.8138667941093445, "z": 0.1773088127374649, "vis": 0.12774266302585602}, "23": {"x": 0.23157554864883423, "y": 0.7516213059425354, "z": 0.0033374943304806948, "vis": 0.9998800754547119}, "24": {"x": 0.2858566343784332, "y": 0.7516974806785583, "z": -0.00357592455111444, "vis": 0.9993033409118652}, "25": {"x": 0.22928506135940552, "y": 0.885920524597168, "z": 0.11880560964345932, "vis": 0.9430148005485535}, "26": {"x": 0.3035852313041687, "y": 0.8887932300567627, "z": 0.12282507866621017, "vis": 0.7576512694358826}, "27": {"x": 0.22233973443508148, "y": 0.9924197196960449, "z": 0.15836013853549957, "vis": 0.945088803768158}, "28": {"x": 0.3065388798713684, "y": 0.9861957430839539, "z": 0.16416962444782257, "vis": 0.7809031009674072}, "29": {"x": 0.22105637192726135, "y": 1.03580641746521, "z": 0.15876390039920807, "vis": 0.9411057233810425}, "30": {"x": 0.3031522333621979, "y": 0.9935354590415955, "z": 0.16766463220119476, "vis": 0.8306454420089722}, "31": {"x": 0.2240147739648819, "y": 0.979891836643219, "z": 0.14057734608650208, "vis": 0.6809267997741699}, "32": {"x": 0.31069305539131165, "y": 0.9752998352050781, "z": 0.1498216688632965, "vis": 0.4806542694568634}}