{"0": {"x": 0.19001850485801697, "y": 0.5961943864822388, "z": 0.07224258780479431, "vis": 0.9996446371078491}, "1": {"x": 0.1857420951128006, "y": 0.5795753002166748, "z": 0.07490736991167068, "vis": 0.999788224697113}, "2": {"x": 0.1839440017938614, "y": 0.5788275003433228, "z": 0.07481982558965683, "vis": 0.9997169375419617}, "3": {"x": 0.1822284758090973, "y": 0.5781886577606201, "z": 0.07474075257778168, "vis": 0.9998193383216858}, "4": {"x": 0.18794454634189606, "y": 0.5810456871986389, "z": 0.056136298924684525, "vis": 0.9997647404670715}, "5": {"x": 0.18776169419288635, "y": 0.5813597440719604, "z": 0.056078873574733734, "vis": 0.9996976852416992}, "6": {"x": 0.18759793043136597, "y": 0.5815966129302979, "z": 0.055988941341638565, "vis": 0.9998206496238708}, "7": {"x": 0.1722324788570404, "y": 0.5876142978668213, "z": 0.07352364808320999, "vis": 0.999842643737793}, "8": {"x": 0.18122096359729767, "y": 0.5902818441390991, "z": -0.010271654464304447, "vis": 0.9996402263641357}, "9": {"x": 0.18466660380363464, "y": 0.6132245659828186, "z": 0.07278087735176086, "vis": 0.9994879961013794}, "10": {"x": 0.18719364702701569, "y": 0.615231990814209, "z": 0.04874368757009506, "vis": 0.9995929598808289}, "11": {"x": 0.13000363111495972, "y": 0.662295937538147, "z": 0.10866799205541611, "vis": 0.9992319345474243}, "12": {"x": 0.17119456827640533, "y": 0.6752855181694031, "z": -0.08119524270296097, "vis": 0.9998874664306641}, "13": {"x": 0.13003021478652954, "y": 0.7851405739784241, "z": 0.13485834002494812, "vis": 0.03228210285305977}, "14": {"x": 0.1838107854127884, "y": 0.8112775087356567, "z": -0.04975651204586029, "vis": 0.5326843857765198}, "15": {"x": 0.15025925636291504, "y": 0.8259206414222717, "z": 0.14788393676280975, "vis": 0.0196309182792902}, "16": {"x": 0.20526611804962158, "y": 0.8127329349517822, "z": 0.07740005850791931, "vis": 0.17776380479335785}, "17": {"x": 0.1528087556362152, "y": 0.8381296992301941, "z": 0.1540364921092987, "vis": 0.025654295459389687}, "18": {"x": 0.21293233335018158, "y": 0.8146684169769287, "z": 0.08389895409345627, "vis": 0.1650388240814209}, "19": {"x": 0.15859676897525787, "y": 0.8295642733573914, "z": 0.1499406397342682, "vis": 0.02514299377799034}, "20": {"x": 0.2103772610425949, "y": 0.7977797985076904, "z": 0.08645373582839966, "vis": 0.15908272564411163}, "21": {"x": 0.1575387865304947, "y": 0.8258344531059265, "z": 0.14482463896274567, "vis": 0.024753833189606667}, "22": {"x": 0.20486724376678467, "y": 0.7978590726852417, "z": 0.08125541359186172, "vis": 0.1623634248971939}, "23": {"x": 0.0981471836566925, "y": 0.8972713947296143, "z": 0.06151631847023964, "vis": 0.9998672008514404}, "24": {"x": 0.12599974870681763, "y": 0.8947789669036865, "z": -0.06174776330590248, "vis": 0.9999254941940308}, "25": {"x": 0.1423351764678955, "y": 0.8606715798377991, "z": 0.20345306396484375, "vis": 0.25965172052383423}, "26": {"x": 0.24976682662963867, "y": 0.8640983700752258, "z": 0.010637626983225346, "vis": 0.8539086580276489}, "27": {"x": 0.11085447669029236, "y": 0.944717288017273, "z": 0.2046600580215454, "vis": 0.2935357987880707}, "28": {"x": 0.2396058738231659, "y": 1.0363354682922363, "z": 0.055026620626449585, "vis": 0.7592562437057495}, "29": {"x": 0.09909199178218842, "y": 0.9565228819847107, "z": 0.20490728318691254, "vis": 0.3704743981361389}, "30": {"x": 0.22424790263175964, "y": 1.069990634918213, "z": 0.06299659609794617, "vis": 0.687614381313324}, "31": {"x": 0.1232607290148735, "y": 0.9761573076248169, "z": 0.2206876128911972, "vis": 0.34081241488456726}, "32": {"x": 0.27793648838996887, "y": 1.066064715385437, "z": 0.08682318776845932, "vis": 0.7109256982803345}}