{"0": {"x": 0.318515419960022, "y": 0.5078005194664001, "z": -0.07485777139663696, "vis": 0.9994550347328186}, "1": {"x": 0.3148908317089081, "y": 0.4918863773345947, "z": -0.06259918212890625, "vis": 0.999460756778717}, "2": {"x": 0.3149220943450928, "y": 0.4915701150894165, "z": -0.06266915798187256, "vis": 0.9992974996566772}, "3": {"x": 0.31497618556022644, "y": 0.4911303222179413, "z": -0.06275259703397751, "vis": 0.9995642304420471}, "4": {"x": 0.31144773960113525, "y": 0.4924411475658417, "z": -0.08143439888954163, "vis": 0.9995219707489014}, "5": {"x": 0.30876976251602173, "y": 0.4927474856376648, "z": -0.0814313292503357, "vis": 0.9993185997009277}, "6": {"x": 0.30574867129325867, "y": 0.49301716685295105, "z": -0.08146566152572632, "vis": 0.9995242357254028}, "7": {"x": 0.30418163537979126, "y": 0.4965856969356537, "z": -0.0068845562636852264, "vis": 0.9994679093360901}, "8": {"x": 0.294151246547699, "y": 0.5009737014770508, "z": -0.0887647494673729, "vis": 0.9996423721313477}, "9": {"x": 0.31688177585601807, "y": 0.5234143733978271, "z": -0.05240866541862488, "vis": 0.9991005659103394}, "10": {"x": 0.3133324384689331, "y": 0.5243040323257446, "z": -0.07576353847980499, "vis": 0.9995468258857727}, "11": {"x": 0.287925660610199, "y": 0.5846545696258545, "z": 0.07329916208982468, "vis": 0.9993810653686523}, "12": {"x": 0.27913200855255127, "y": 0.5875725150108337, "z": -0.1405695229768753, "vis": 0.9996691942214966}, "13": {"x": 0.2742447257041931, "y": 0.6959719657897949, "z": 0.07872426509857178, "vis": 0.04402998089790344}, "14": {"x": 0.26404163241386414, "y": 0.7101203799247742, "z": -0.13696551322937012, "vis": 0.9438586831092834}, "15": {"x": 0.294771671295166, "y": 0.7796785831451416, "z": 0.008783175610005856, "vis": 0.09397480636835098}, "16": {"x": 0.3086503744125366, "y": 0.7744532227516174, "z": -0.07573452591896057, "vis": 0.7476484179496765}, "17": {"x": 0.30432674288749695, "y": 0.8029384016990662, "z": -0.00391709478572011, "vis": 0.13233068585395813}, "18": {"x": 0.3164243996143341, "y": 0.7886809706687927, "z": -0.08703362941741943, "vis": 0.6860928535461426}, "19": {"x": 0.3047275245189667, "y": 0.799092173576355, "z": -0.01672564074397087, "vis": 0.13824892044067383}, "20": {"x": 0.3204514980316162, "y": 0.7706217169761658, "z": -0.08401869982481003, "vis": 0.6868927478790283}, "21": {"x": 0.29950496554374695, "y": 0.7901522517204285, "z": -0.0008292254060506821, "vis": 0.1481054723262787}, "22": {"x": 0.31526678800582886, "y": 0.7684631943702698, "z": -0.0722266361117363, "vis": 0.6815833449363708}, "23": {"x": 0.2504865527153015, "y": 0.7957068085670471, "z": 0.0696791559457779, "vis": 0.9983735084533691}, "24": {"x": 0.24929937720298767, "y": 0.7977613210678101, "z": -0.06963657587766647, "vis": 0.9978629946708679}, "25": {"x": 0.2645876407623291, "y": 0.9427366256713867, "z": 0.047934696078300476, "vis": 0.25022608041763306}, "26": {"x": 0.3075518012046814, "y": 0.9030026793479919, "z": -0.07396615296602249, "vis": 0.781171977519989}, "27": {"x": 0.18833819031715393, "y": 0.9482804536819458, "z": 0.11546742916107178, "vis": 0.1707693338394165}, "28": {"x": 0.26298588514328003, "y": 0.9731248617172241, "z": 0.014734026975929737, "vis": 0.4192274808883667}, "29": {"x": 0.17102566361427307, "y": 0.9295727610588074, "z": 0.12204467505216599, "vis": 0.2503977417945862}, "30": {"x": 0.25176647305488586, "y": 0.9736175537109375, "z": 0.02508614957332611, "vis": 0.5078239440917969}, "31": {"x": 0.16558703780174255, "y": 0.9871593117713928, "z": 0.12020600587129593, "vis": 0.1859508752822876}, "32": {"x": 0.27288132905960083, "y": 1.0232009887695312, "z": 0.031093193218111992, "vis": 0.39698901772499084}}