{"0": {"x": 0.27775946259498596, "y": 0.39168891310691833, "z": 0.022594954818487167, "vis": 0.9892461895942688}, "1": {"x": 0.2766246199607849, "y": 0.37026727199554443, "z": 0.024847503751516342, "vis": 0.9928171634674072}, "2": {"x": 0.27536118030548096, "y": 0.3686088025569916, "z": 0.024784406647086143, "vis": 0.9901150465011597}, "3": {"x": 0.274047315120697, "y": 0.36674532294273376, "z": 0.02467641979455948, "vis": 0.9939712882041931}, "4": {"x": 0.2774515151977539, "y": 0.3706117570400238, "z": 0.0023310130927711725, "vis": 0.9916521906852722}, "5": {"x": 0.2768716812133789, "y": 0.36938148736953735, "z": 0.002400987781584263, "vis": 0.9869911074638367}, "6": {"x": 0.27629363536834717, "y": 0.36809927225112915, "z": 0.002346558030694723, "vis": 0.991219699382782}, "7": {"x": 0.25989389419555664, "y": 0.3596559464931488, "z": 0.034274790436029434, "vis": 0.991256594657898}, "8": {"x": 0.26387399435043335, "y": 0.3635421097278595, "z": -0.06834623962640762, "vis": 0.989810585975647}, "9": {"x": 0.26962172985076904, "y": 0.4036295711994171, "z": 0.0306166373193264, "vis": 0.9885522127151489}, "10": {"x": 0.2699427008628845, "y": 0.4034616947174072, "z": 0.0010312326485291123, "vis": 0.9898335933685303}, "11": {"x": 0.19950662553310394, "y": 0.4460526704788208, "z": 0.05759580433368683, "vis": 0.9992408752441406}, "12": {"x": 0.2603037357330322, "y": 0.4464414715766907, "z": -0.12159347534179688, "vis": 0.9998905658721924}, "13": {"x": 0.18760323524475098, "y": 0.5832817554473877, "z": 0.07514382153749466, "vis": 0.16530464589595795}, "14": {"x": 0.2821436822414398, "y": 0.6033691763877869, "z": -0.11229095607995987, "vis": 0.9644126892089844}, "15": {"x": 0.20312409102916718, "y": 0.6961116194725037, "z": 0.10356156527996063, "vis": 0.02013724111020565}, "16": {"x": 0.2836424708366394, "y": 0.7449598908424377, "z": -0.03000638447701931, "vis": 0.8625460267066956}, "17": {"x": 0.20638500154018402, "y": 0.7237476706504822, "z": 0.11250818520784378, "vis": 0.01977224461734295}, "18": {"x": 0.2843411862850189, "y": 0.780208945274353, "z": -0.030452100560069084, "vis": 0.8132199048995972}, "19": {"x": 0.20886105298995972, "y": 0.7227650880813599, "z": 0.1067252904176712, "vis": 0.018528809770941734}, "20": {"x": 0.2830081284046173, "y": 0.7816237211227417, "z": -0.020626401528716087, "vis": 0.7980770468711853}, "21": {"x": 0.2078094333410263, "y": 0.7147752642631531, "z": 0.10106151551008224, "vis": 0.021121686324477196}, "22": {"x": 0.28164252638816833, "y": 0.7695550918579102, "z": -0.023317091166973114, "vis": 0.7398728132247925}, "23": {"x": 0.19809435307979584, "y": 0.7078599333763123, "z": 0.04067497327923775, "vis": 0.99679034948349}, "24": {"x": 0.24366150796413422, "y": 0.69999760389328, "z": -0.040786080062389374, "vis": 0.9944443106651306}, "25": {"x": 0.19210679829120636, "y": 0.8692597150802612, "z": 0.10077359527349472, "vis": 0.22702516615390778}, "26": {"x": 0.25731196999549866, "y": 0.8880453705787659, "z": 0.04127101972699165, "vis": 0.2464420646429062}, "27": {"x": 0.20463858544826508, "y": 1.0159560441970825, "z": 0.16544285416603088, "vis": 0.08174489438533783}, "28": {"x": 0.2638676166534424, "y": 1.0341908931732178, "z": 0.11538168787956238, "vis": 0.08159392327070236}, "29": {"x": 0.20047591626644135, "y": 1.0489941835403442, "z": 0.1703823357820511, "vis": 0.14834603667259216}, "30": {"x": 0.25803375244140625, "y": 1.0628094673156738, "z": 0.12487861514091492, "vis": 0.14427462220191956}, "31": {"x": 0.22016678750514984, "y": 1.0185179710388184, "z": 0.15918530523777008, "vis": 0.08427152782678604}, "32": {"x": 0.28594595193862915, "y": 1.049595594406128, "z": 0.11929634213447571, "vis": 0.07692983001470566}}