{"0": {"x": 0.2693433165550232, "y": 0.4928724467754364, "z": 0.2525389492511749, "vis": 0.9983322024345398}, "1": {"x": 0.2662077844142914, "y": 0.4821179211139679, "z": 0.24064257740974426, "vis": 0.9989280104637146}, "2": {"x": 0.26363688707351685, "y": 0.48288068175315857, "z": 0.24063900113105774, "vis": 0.998847484588623}, "3": {"x": 0.2611246407032013, "y": 0.4839056730270386, "z": 0.24053284525871277, "vis": 0.9991880059242249}, "4": {"x": 0.2748557925224304, "y": 0.4802054762840271, "z": 0.24212202429771423, "vis": 0.9984087347984314}, "5": {"x": 0.2779095768928528, "y": 0.4799266457557678, "z": 0.24218066036701202, "vis": 0.9981789588928223}, "6": {"x": 0.2807413935661316, "y": 0.4801798462867737, "z": 0.2421284019947052, "vis": 0.9986316561698914}, "7": {"x": 0.2564581334590912, "y": 0.49386659264564514, "z": 0.1702616959810257, "vis": 0.9991698265075684}, "8": {"x": 0.28583112359046936, "y": 0.4913795590400696, "z": 0.17585156857967377, "vis": 0.998691976070404}, "9": {"x": 0.2635824978351593, "y": 0.507430911064148, "z": 0.22878529131412506, "vis": 0.9975647926330566}, "10": {"x": 0.27502238750457764, "y": 0.5067010521888733, "z": 0.23053467273712158, "vis": 0.9974486231803894}, "11": {"x": 0.22981758415699005, "y": 0.5796869993209839, "z": 0.11558064073324203, "vis": 0.9996064305305481}, "12": {"x": 0.313498854637146, "y": 0.573290228843689, "z": 0.1123218759894371, "vis": 0.9993011951446533}, "13": {"x": 0.2173355519771576, "y": 0.6972602009773254, "z": 0.13725467026233673, "vis": 0.45820727944374084}, "14": {"x": 0.3162813186645508, "y": 0.6914406418800354, "z": 0.11812198162078857, "vis": 0.6132876873016357}, "15": {"x": 0.23168641328811646, "y": 0.7873885035514832, "z": 0.21688960492610931, "vis": 0.05646717920899391}, "16": {"x": 0.31219983100891113, "y": 0.7884180545806885, "z": 0.1704506278038025, "vis": 0.13420774042606354}, "17": {"x": 0.23334701359272003, "y": 0.8072021007537842, "z": 0.22361959517002106, "vis": 0.05211661010980606}, "18": {"x": 0.3114803433418274, "y": 0.8151572942733765, "z": 0.1785130351781845, "vis": 0.10673920810222626}, "19": {"x": 0.23881834745407104, "y": 0.8055606484413147, "z": 0.23028220236301422, "vis": 0.04738940671086311}, "20": {"x": 0.30539554357528687, "y": 0.8133801221847534, "z": 0.17812973260879517, "vis": 0.09468749165534973}, "21": {"x": 0.239601269364357, "y": 0.7982171773910522, "z": 0.22076009213924408, "vis": 0.05036826431751251}, "22": {"x": 0.30392223596572876, "y": 0.804263174533844, "z": 0.17090895771980286, "vis": 0.10081979632377625}, "23": {"x": 0.23308250308036804, "y": 0.7571424245834351, "z": 0.0008126400061883032, "vis": 0.9996809959411621}, "24": {"x": 0.28671979904174805, "y": 0.7636311054229736, "z": -0.0010388150112703443, "vis": 0.9987602233886719}, "25": {"x": 0.22866611182689667, "y": 0.8936881422996521, "z": 0.09646759927272797, "vis": 0.8911060094833374}, "26": {"x": 0.300589382648468, "y": 0.8889678120613098, "z": 0.10818857699632645, "vis": 0.5575748085975647}, "27": {"x": 0.22382187843322754, "y": 0.997663140296936, "z": 0.12468262016773224, "vis": 0.7795917391777039}, "28": {"x": 0.3071066737174988, "y": 0.9855059385299683, "z": 0.13925914466381073, "vis": 0.4540787935256958}, "29": {"x": 0.222893625497818, "y": 1.0478466749191284, "z": 0.12451839447021484, "vis": 0.7993395924568176}, "30": {"x": 0.3073274493217468, "y": 1.0309137105941772, "z": 0.1421833485364914, "vis": 0.5582522749900818}, "31": {"x": 0.2232646644115448, "y": 0.9921939969062805, "z": 0.11539358645677567, "vis": 0.3699238896369934}, "32": {"x": 0.3113580644130707, "y": 0.9800687432289124, "z": 0.1367030292749405, "vis": 0.2198345810174942}}