{"0": {"x": 0.07934670895338058, "y": 0.41126707196235657, "z": 0.07394673675298691, "vis": 0.9997749924659729}, "1": {"x": 0.08066388964653015, "y": 0.40032505989074707, "z": 0.058807555586099625, "vis": 0.999772846698761}, "2": {"x": 0.08098328113555908, "y": 0.4001270830631256, "z": 0.058800674974918365, "vis": 0.9997240900993347}, "3": {"x": 0.0812871903181076, "y": 0.39993545413017273, "z": 0.05881341174244881, "vis": 0.9997802376747131}, "4": {"x": 0.08153895288705826, "y": 0.39953574538230896, "z": 0.07705210149288177, "vis": 0.9997724890708923}, "5": {"x": 0.08253568410873413, "y": 0.3987012207508087, "z": 0.07704169303178787, "vis": 0.999722421169281}, "6": {"x": 0.08365130424499512, "y": 0.3977621793746948, "z": 0.0769864097237587, "vis": 0.9997740387916565}, "7": {"x": 0.08755941689014435, "y": 0.40229371190071106, "z": 0.0061937980353832245, "vis": 0.9996628761291504}, "8": {"x": 0.09242842346429825, "y": 0.3994392156600952, "z": 0.08653098344802856, "vis": 0.9995269775390625}, "9": {"x": 0.08270295709371567, "y": 0.42108669877052307, "z": 0.05621546506881714, "vis": 0.9994301199913025}, "10": {"x": 0.08350060880184174, "y": 0.4202965497970581, "z": 0.07955542206764221, "vis": 0.9993909597396851}, "11": {"x": 0.09285948425531387, "y": 0.45157676935195923, "z": -0.06613733619451523, "vis": 0.9999279975891113}, "12": {"x": 0.11647077649831772, "y": 0.4481147825717926, "z": 0.12136469036340714, "vis": 0.9989680051803589}, "13": {"x": 0.08989155292510986, "y": 0.5375463366508484, "z": -0.08544645458459854, "vis": 0.9880935549736023}, "14": {"x": 0.115786112844944, "y": 0.5284522175788879, "z": 0.15184636414051056, "vis": 0.07057223469018936}, "15": {"x": 0.07129372656345367, "y": 0.574389636516571, "z": -0.037617869675159454, "vis": 0.9648574590682983}, "16": {"x": 0.09636560827493668, "y": 0.5771125555038452, "z": 0.14776232838630676, "vis": 0.09789567440748215}, "17": {"x": 0.0640392154455185, "y": 0.5837767720222473, "z": -0.04818325862288475, "vis": 0.9374215602874756}, "18": {"x": 0.09156280755996704, "y": 0.5909186005592346, "z": 0.15653784573078156, "vis": 0.11209098994731903}, "19": {"x": 0.062207188457250595, "y": 0.5768938064575195, "z": -0.041876498609781265, "vis": 0.9325441718101501}, "20": {"x": 0.08522260189056396, "y": 0.5826339721679688, "z": 0.13867223262786865, "vis": 0.11321720480918884}, "21": {"x": 0.06487800180912018, "y": 0.57343590259552, "z": -0.03327079489827156, "vis": 0.8996701240539551}, "22": {"x": 0.0863664522767067, "y": 0.5791576504707336, "z": 0.13988618552684784, "vis": 0.12288866192102432}, "23": {"x": 0.11045116186141968, "y": 0.6005586385726929, "z": -0.05651229992508888, "vis": 0.998863935470581}, "24": {"x": 0.12950776517391205, "y": 0.6017285585403442, "z": 0.05646022409200668, "vis": 0.9971318244934082}, "25": {"x": 0.10318650305271149, "y": 0.7198150157928467, "z": -0.056270286440849304, "vis": 0.9129140377044678}, "26": {"x": 0.12045949697494507, "y": 0.7164066433906555, "z": 0.06117985025048256, "vis": 0.482748806476593}, "27": {"x": 0.09604750573635101, "y": 0.8489208221435547, "z": -0.05671962350606918, "vis": 0.9256964921951294}, "28": {"x": 0.12214440107345581, "y": 0.8407706022262573, "z": 0.05956128239631653, "vis": 0.6015392541885376}, "29": {"x": 0.10121926665306091, "y": 0.8634285926818848, "z": -0.057572659105062485, "vis": 0.9411989450454712}, "30": {"x": 0.11816883087158203, "y": 0.8515446782112122, "z": 0.05850835517048836, "vis": 0.6736549139022827}, "31": {"x": 0.07524234056472778, "y": 0.8665874004364014, "z": -0.08274883031845093, "vis": 0.8925299644470215}, "32": {"x": 0.10535173863172531, "y": 0.8534969687461853, "z": 0.03837374597787857, "vis": 0.5790457129478455}}