{"0": {"x": 0.2645561695098877, "y": 0.3522511422634125, "z": 0.17093722522258759, "vis": 0.9993770718574524}, "1": {"x": 0.26021474599838257, "y": 0.3372913897037506, "z": 0.14684520661830902, "vis": 0.9996435642242432}, "2": {"x": 0.25655266642570496, "y": 0.3370678126811981, "z": 0.14683903753757477, "vis": 0.9995649456977844}, "3": {"x": 0.25322797894477844, "y": 0.33714190125465393, "z": 0.14677037298679352, "vis": 0.9996654987335205}, "4": {"x": 0.271577388048172, "y": 0.33787626028060913, "z": 0.1447456032037735, "vis": 0.9996097683906555}, "5": {"x": 0.2746983766555786, "y": 0.33789414167404175, "z": 0.14471735060214996, "vis": 0.9995445609092712}, "6": {"x": 0.27755194902420044, "y": 0.33797264099121094, "z": 0.1446618139743805, "vis": 0.9996708631515503}, "7": {"x": 0.24844762682914734, "y": 0.34929201006889343, "z": 0.055664774030447006, "vis": 0.9994754195213318}, "8": {"x": 0.2804624140262604, "y": 0.3489677906036377, "z": 0.04563633352518082, "vis": 0.999589741230011}, "9": {"x": 0.2572427988052368, "y": 0.366105318069458, "z": 0.1439816653728485, "vis": 0.9985929131507874}, "10": {"x": 0.2688535749912262, "y": 0.3691602349281311, "z": 0.14109231531620026, "vis": 0.9985948204994202}, "11": {"x": 0.2110760509967804, "y": 0.44359225034713745, "z": 0.0171462781727314, "vis": 0.9982354640960693}, "12": {"x": 0.3016138970851898, "y": 0.4516828656196594, "z": 0.0011559583945199847, "vis": 0.9987812638282776}, "13": {"x": 0.20070189237594604, "y": 0.5634886026382446, "z": 0.09456847608089447, "vis": 0.5474470853805542}, "14": {"x": 0.2959159016609192, "y": 0.5681191682815552, "z": 0.08729410916566849, "vis": 0.49596107006073}, "15": {"x": 0.2347852736711502, "y": 0.5566578507423401, "z": 0.2671751081943512, "vis": 0.011292475275695324}, "16": {"x": 0.27740731835365295, "y": 0.5857924222946167, "z": 0.2586815059185028, "vis": 0.010044172406196594}, "17": {"x": 0.24196775257587433, "y": 0.5558222532272339, "z": 0.30119389295578003, "vis": 0.012390445917844772}, "18": {"x": 0.2705782651901245, "y": 0.5871811509132385, "z": 0.29439473152160645, "vis": 0.011465370655059814}, "19": {"x": 0.24562160670757294, "y": 0.5471242666244507, "z": 0.3065342903137207, "vis": 0.012198113836348057}, "20": {"x": 0.26299914717674255, "y": 0.5749500393867493, "z": 0.30000486969947815, "vis": 0.0112070981413126}, "21": {"x": 0.24439974129199982, "y": 0.5485561490058899, "z": 0.27501538395881653, "vis": 0.014465679414570332}, "22": {"x": 0.2638022303581238, "y": 0.5731995105743408, "z": 0.26612648367881775, "vis": 0.012175939045846462}, "23": {"x": 0.22135518491268158, "y": 0.6801528334617615, "z": 0.0025166161358356476, "vis": 0.9995315074920654}, "24": {"x": 0.2733418047428131, "y": 0.6787922382354736, "z": -0.002898045815527439, "vis": 0.9990352392196655}, "25": {"x": 0.21144355833530426, "y": 0.8232111930847168, "z": 0.130657359957695, "vis": 0.9265775084495544}, "26": {"x": 0.28804460167884827, "y": 0.8058937788009644, "z": 0.10223755240440369, "vis": 0.8500518202781677}, "27": {"x": 0.22002577781677246, "y": 0.9226794242858887, "z": -0.04460843279957771, "vis": 0.9566819071769714}, "28": {"x": 0.2806399464607239, "y": 0.9027268290519714, "z": -0.05354690179228783, "vis": 0.9197447896003723}, "29": {"x": 0.22398559749126434, "y": 0.9526148438453674, "z": -0.060004446655511856, "vis": 0.9801880121231079}, "30": {"x": 0.28642207384109497, "y": 0.9251437187194824, "z": -0.0656956136226654, "vis": 0.9369102120399475}, "31": {"x": 0.22004707157611847, "y": 0.9583128094673157, "z": -0.05616515502333641, "vis": 0.8316774368286133}, "32": {"x": 0.28193727135658264, "y": 0.9613330364227295, "z": -0.04859653860330582, "vis": 0.7770074605941772}}