{"0": {"x": 0.25129809975624084, "y": 0.35460364818573, "z": 0.005590092856436968, "vis": 0.9993984699249268}, "1": {"x": 0.25003471970558167, "y": 0.3326633870601654, "z": -0.0015911887167021632, "vis": 0.9995260238647461}, "2": {"x": 0.24830281734466553, "y": 0.33149999380111694, "z": -0.0016241080593317747, "vis": 0.9994459748268127}, "3": {"x": 0.24620383977890015, "y": 0.33007723093032837, "z": -0.0016613643383607268, "vis": 0.9995148181915283}, "4": {"x": 0.25196295976638794, "y": 0.33243420720100403, "z": -0.01961369998753071, "vis": 0.9994367957115173}, "5": {"x": 0.25177377462387085, "y": 0.3313426971435547, "z": -0.019634103402495384, "vis": 0.9992678761482239}, "6": {"x": 0.25151315331459045, "y": 0.3301846981048584, "z": -0.01972842775285244, "vis": 0.9993402361869812}, "7": {"x": 0.23069137334823608, "y": 0.3286842405796051, "z": -0.02111617475748062, "vis": 0.9995222091674805}, "8": {"x": 0.2419849932193756, "y": 0.3307833671569824, "z": -0.10394115000963211, "vis": 0.9995653033256531}, "9": {"x": 0.2451881468296051, "y": 0.3670049011707306, "z": 0.004029232542961836, "vis": 0.9995949864387512}, "10": {"x": 0.2467268705368042, "y": 0.36651137471199036, "z": -0.01984824612736702, "vis": 0.9996463060379028}, "11": {"x": 0.17448478937149048, "y": 0.4355839490890503, "z": -0.029216507449746132, "vis": 0.9999401569366455}, "12": {"x": 0.2506694793701172, "y": 0.42186716198921204, "z": -0.12319643050432205, "vis": 0.9999599456787109}, "13": {"x": 0.15299254655838013, "y": 0.5823570489883423, "z": -0.02819277159869671, "vis": 0.7641090154647827}, "14": {"x": 0.28121131658554077, "y": 0.5606378316879272, "z": -0.050139132887125015, "vis": 0.9640396237373352}, "15": {"x": 0.14182841777801514, "y": 0.7210469245910645, "z": -0.012607239186763763, "vis": 0.27352258563041687}, "16": {"x": 0.27766090631484985, "y": 0.6474950909614563, "z": 0.13377918303012848, "vis": 0.8173891305923462}, "17": {"x": 0.13710705935955048, "y": 0.7534851431846619, "z": -0.011204465292394161, "vis": 0.22602897882461548}, "18": {"x": 0.27784961462020874, "y": 0.6712434887886047, "z": 0.15268157422542572, "vis": 0.7924820780754089}, "19": {"x": 0.13775797188282013, "y": 0.7564294934272766, "z": -0.010112159885466099, "vis": 0.20878008008003235}, "20": {"x": 0.27416372299194336, "y": 0.66632479429245, "z": 0.15536455810070038, "vis": 0.7880808115005493}, "21": {"x": 0.14845213294029236, "y": 0.7435345649719238, "z": -0.01273791678249836, "vis": 0.17492708563804626}, "22": {"x": 0.2708732783794403, "y": 0.6594041585922241, "z": 0.14022094011306763, "vis": 0.7494572401046753}, "23": {"x": 0.190352663397789, "y": 0.6987219452857971, "z": 0.019724570214748383, "vis": 0.9997650980949402}, "24": {"x": 0.23651927709579468, "y": 0.6901856064796448, "z": -0.02013075351715088, "vis": 0.999363362789154}, "25": {"x": 0.19876915216445923, "y": 0.8547261357307434, "z": 0.12930189073085785, "vis": 0.6527690887451172}, "26": {"x": 0.25647276639938354, "y": 0.8468218445777893, "z": 0.10711350291967392, "vis": 0.5581968426704407}, "27": {"x": 0.19981345534324646, "y": 1.0037577152252197, "z": 0.23479469120502472, "vis": 0.38830748200416565}, "28": {"x": 0.25886550545692444, "y": 0.991573691368103, "z": 0.2325616478919983, "vis": 0.16177372634410858}, "29": {"x": 0.19908873736858368, "y": 1.0389750003814697, "z": 0.2457750141620636, "vis": 0.5611671209335327}, "30": {"x": 0.2548137903213501, "y": 1.0235704183578491, "z": 0.24786514043807983, "vis": 0.4328269958496094}, "31": {"x": 0.2163514345884323, "y": 0.9741974472999573, "z": 0.24456986784934998, "vis": 0.35169097781181335}, "32": {"x": 0.2654155194759369, "y": 0.9584973454475403, "z": 0.2524629533290863, "vis": 0.1643482744693756}}