{"0": {"x": 0.24567735195159912, "y": 0.26098084449768066, "z": 0.10728777945041656, "vis": 0.9998123049736023}, "1": {"x": 0.24153649806976318, "y": 0.24838604032993317, "z": 0.07896634936332703, "vis": 0.999798595905304}, "2": {"x": 0.2383299171924591, "y": 0.2486492395401001, "z": 0.07895711809396744, "vis": 0.999783456325531}, "3": {"x": 0.23538315296173096, "y": 0.24938128888607025, "z": 0.07891727238893509, "vis": 0.9997788071632385}, "4": {"x": 0.25102171301841736, "y": 0.2487676441669464, "z": 0.08120841532945633, "vis": 0.9997912049293518}, "5": {"x": 0.25389477610588074, "y": 0.24903753399848938, "z": 0.08122239261865616, "vis": 0.9997724890708923}, "6": {"x": 0.2567075788974762, "y": 0.24962130188941956, "z": 0.08115469664335251, "vis": 0.999757707118988}, "7": {"x": 0.23212268948554993, "y": 0.2603696882724762, "z": -0.02234959788620472, "vis": 0.9998430013656616}, "8": {"x": 0.26016348600387573, "y": 0.26038801670074463, "z": -0.013830342330038548, "vis": 0.999813973903656}, "9": {"x": 0.24057461321353912, "y": 0.27601486444473267, "z": 0.07666192948818207, "vis": 0.9998194575309753}, "10": {"x": 0.2506621479988098, "y": 0.2765156626701355, "z": 0.07907066494226456, "vis": 0.9998244643211365}, "11": {"x": 0.1943425089120865, "y": 0.36418116092681885, "z": -0.07200463861227036, "vis": 0.9998754262924194}, "12": {"x": 0.28627970814704895, "y": 0.3563251495361328, "z": -0.04110318794846535, "vis": 0.9998674392700195}, "13": {"x": 0.18177512288093567, "y": 0.49668559432029724, "z": -0.07102146744728088, "vis": 0.9764491319656372}, "14": {"x": 0.2999977767467499, "y": 0.48259082436561584, "z": -0.013411391526460648, "vis": 0.9784225225448608}, "15": {"x": 0.1753433644771576, "y": 0.6183204054832458, "z": -0.018409397453069687, "vis": 0.7001264095306396}, "16": {"x": 0.30803370475769043, "y": 0.6118617653846741, "z": 0.06378208845853806, "vis": 0.7974106669425964}, "17": {"x": 0.17225898802280426, "y": 0.65177983045578, "z": -0.019199205562472343, "vis": 0.5345944166183472}, "18": {"x": 0.312873899936676, "y": 0.6437427997589111, "z": 0.07326450943946838, "vis": 0.6786693930625916}, "19": {"x": 0.17861038446426392, "y": 0.6498536467552185, "z": -0.017739761620759964, "vis": 0.5105529427528381}, "20": {"x": 0.3111594319343567, "y": 0.6448882222175598, "z": 0.07169447094202042, "vis": 0.6531432867050171}, "21": {"x": 0.1831343173980713, "y": 0.637549102306366, "z": -0.016765840351581573, "vis": 0.4602595269680023}, "22": {"x": 0.3054857552051544, "y": 0.6311156153678894, "z": 0.06489968299865723, "vis": 0.6066532731056213}, "23": {"x": 0.21819542348384857, "y": 0.6075218319892883, "z": -0.01843869313597679, "vis": 0.9997120499610901}, "24": {"x": 0.2679221034049988, "y": 0.603046715259552, "z": 0.01829535700380802, "vis": 0.9993269443511963}, "25": {"x": 0.21918267011642456, "y": 0.7808369994163513, "z": 0.047824759036302567, "vis": 0.9346208572387695}, "26": {"x": 0.2781181335449219, "y": 0.7841132283210754, "z": 0.12039453536272049, "vis": 0.8236936926841736}, "27": {"x": 0.21520164608955383, "y": 0.9529926180839539, "z": 0.1301535815000534, "vis": 0.871577799320221}, "28": {"x": 0.2778083384037018, "y": 0.9395743012428284, "z": 0.20182180404663086, "vis": 0.7427828907966614}, "29": {"x": 0.21607130765914917, "y": 0.976957380771637, "z": 0.1380549967288971, "vis": 0.8854643106460571}, "30": {"x": 0.2768503427505493, "y": 0.9819425344467163, "z": 0.21060477197170258, "vis": 0.8188176155090332}, "31": {"x": 0.20672616362571716, "y": 0.9640230536460876, "z": 0.11930633336305618, "vis": 0.6549922823905945}, "32": {"x": 0.27853962779045105, "y": 0.9484464526176453, "z": 0.19518443942070007, "vis": 0.46488437056541443}}