{"0": {"x": 0.5926225185394287, "y": 0.609617292881012, "z": -0.014151613228023052, "vis": 0.997868537902832}, "1": {"x": 0.5948119163513184, "y": 0.5950990915298462, "z": -0.028194155544042587, "vis": 0.9984832406044006}, "2": {"x": 0.5958178043365479, "y": 0.5945532321929932, "z": -0.028243009001016617, "vis": 0.9983079433441162}, "3": {"x": 0.5970110893249512, "y": 0.5939174890518188, "z": -0.028306858614087105, "vis": 0.9985578656196594}, "4": {"x": 0.5945223569869995, "y": 0.594712495803833, "z": -0.003587100189179182, "vis": 0.997602641582489}, "5": {"x": 0.5951951146125793, "y": 0.5939254760742188, "z": -0.0036104863975197077, "vis": 0.9977210164070129}, "6": {"x": 0.5960573554039001, "y": 0.5930525064468384, "z": -0.0036774626933038235, "vis": 0.9987346529960632}, "7": {"x": 0.607456386089325, "y": 0.5958817601203918, "z": -0.062052346765995026, "vis": 0.9982719421386719}, "8": {"x": 0.606132984161377, "y": 0.5946310758590698, "z": 0.04668477922677994, "vis": 0.9987636804580688}, "9": {"x": 0.5979351997375488, "y": 0.6196537613868713, "z": -0.025195997208356857, "vis": 0.9972570538520813}, "10": {"x": 0.5976011753082275, "y": 0.6194320321083069, "z": 0.006173898000270128, "vis": 0.9954692125320435}, "11": {"x": 0.6346226334571838, "y": 0.667849600315094, "z": -0.12130159884691238, "vis": 0.9986593723297119}, "12": {"x": 0.6287206411361694, "y": 0.6589939594268799, "z": 0.11438048630952835, "vis": 0.9984530210494995}, "13": {"x": 0.6592198014259338, "y": 0.7662777900695801, "z": -0.12671451270580292, "vis": 0.9616317749023438}, "14": {"x": 0.6497353315353394, "y": 0.7554357051849365, "z": 0.13593903183937073, "vis": 0.03585408255457878}, "15": {"x": 0.6132974624633789, "y": 0.8165605664253235, "z": -0.05122135579586029, "vis": 0.7470412254333496}, "16": {"x": 0.633201539516449, "y": 0.8080787658691406, "z": 0.08874502032995224, "vis": 0.04502192884683609}, "17": {"x": 0.6047775149345398, "y": 0.8265770673751831, "z": -0.06326264142990112, "vis": 0.6576129198074341}, "18": {"x": 0.6302883625030518, "y": 0.82029128074646, "z": 0.0887957364320755, "vis": 0.05652908608317375}, "19": {"x": 0.6024681329727173, "y": 0.8169679045677185, "z": -0.04680401459336281, "vis": 0.6560295820236206}, "20": {"x": 0.6267849206924438, "y": 0.814832329750061, "z": 0.06824468821287155, "vis": 0.05976087227463722}, "21": {"x": 0.6052886843681335, "y": 0.8131811618804932, "z": -0.041811421513557434, "vis": 0.6048619151115417}, "22": {"x": 0.6252596974372864, "y": 0.8090382814407349, "z": 0.07819955050945282, "vis": 0.06658755987882614}, "23": {"x": 0.6795591711997986, "y": 0.839644193649292, "z": -0.07614440470933914, "vis": 0.9983916878700256}, "24": {"x": 0.6780519485473633, "y": 0.8309640884399414, "z": 0.07628357410430908, "vis": 0.9985900521278381}, "25": {"x": 0.6441554427146912, "y": 0.9845231771469116, "z": -0.09502946585416794, "vis": 0.9121173024177551}, "26": {"x": 0.6611266136169434, "y": 0.9638930559158325, "z": 0.09560338407754898, "vis": 0.1634451001882553}, "27": {"x": 0.728171169757843, "y": 0.9886367917060852, "z": -0.005605090409517288, "vis": 0.718748927116394}, "28": {"x": 0.728969156742096, "y": 0.9845789074897766, "z": 0.14631737768650055, "vis": 0.14583714306354523}, "29": {"x": 0.74547278881073, "y": 0.9664395451545715, "z": 0.005312178283929825, "vis": 0.7079113721847534}, "30": {"x": 0.7472489476203918, "y": 0.9610198736190796, "z": 0.15028391778469086, "vis": 0.3001084625720978}, "31": {"x": 0.7571844458580017, "y": 1.0191588401794434, "z": 0.021260932087898254, "vis": 0.6803306341171265}, "32": {"x": 0.7551383972167969, "y": 1.0158474445343018, "z": 0.15325021743774414, "vis": 0.19132360816001892}}