{"0": {"x": 0.8416770696640015, "y": 0.42502760887145996, "z": -0.03024314157664776, "vis": 0.9998955726623535}, "1": {"x": 0.8448325395584106, "y": 0.41601812839508057, "z": -0.03975525125861168, "vis": 0.9999303817749023}, "2": {"x": 0.8458780646324158, "y": 0.4159105122089386, "z": -0.039764609187841415, "vis": 0.9999299049377441}, "3": {"x": 0.8469828963279724, "y": 0.41588324308395386, "z": -0.03975309059023857, "vis": 0.9999457597732544}, "4": {"x": 0.844062089920044, "y": 0.41581422090530396, "z": -0.02293698489665985, "vis": 0.9998869895935059}, "5": {"x": 0.844437301158905, "y": 0.41556239128112793, "z": -0.022934744134545326, "vis": 0.9998505115509033}, "6": {"x": 0.8448860049247742, "y": 0.4152662754058838, "z": -0.022932758554816246, "vis": 0.9998724460601807}, "7": {"x": 0.8543907403945923, "y": 0.4200318455696106, "z": -0.0604410357773304, "vis": 0.9999532699584961}, "8": {"x": 0.8524954915046692, "y": 0.4183272123336792, "z": 0.011977573856711388, "vis": 0.9998453855514526}, "9": {"x": 0.8450592160224915, "y": 0.43427324295043945, "z": -0.03607563301920891, "vis": 0.9999169111251831}, "10": {"x": 0.8437725901603699, "y": 0.434273362159729, "z": -0.014966282993555069, "vis": 0.999845027923584}, "11": {"x": 0.8634479641914368, "y": 0.4720115065574646, "z": -0.10271052271127701, "vis": 0.9999589920043945}, "12": {"x": 0.864955723285675, "y": 0.4638436436653137, "z": 0.07374214380979538, "vis": 0.9992490410804749}, "13": {"x": 0.8702963590621948, "y": 0.5493432283401489, "z": -0.14129120111465454, "vis": 0.9910976886749268}, "14": {"x": 0.8346319794654846, "y": 0.43843716382980347, "z": 0.13772740960121155, "vis": 0.310991108417511}, "15": {"x": 0.8647123575210571, "y": 0.6245176792144775, "z": -0.13789597153663635, "vis": 0.9677600264549255}, "16": {"x": 0.8071138858795166, "y": 0.4208498001098633, "z": 0.16170869767665863, "vis": 0.4502643644809723}, "17": {"x": 0.8636137247085571, "y": 0.6516441702842712, "z": -0.15253226459026337, "vis": 0.9341681599617004}, "18": {"x": 0.8080069422721863, "y": 0.432598352432251, "z": 0.17057828605175018, "vis": 0.4241248667240143}, "19": {"x": 0.8621111512184143, "y": 0.6508108973503113, "z": -0.15193310379981995, "vis": 0.9286219477653503}, "20": {"x": 0.8083155155181885, "y": 0.43352213501930237, "z": 0.1561478227376938, "vis": 0.4357421100139618}, "21": {"x": 0.8627764582633972, "y": 0.6413480043411255, "z": -0.13643792271614075, "vis": 0.8943453431129456}, "22": {"x": 0.8101227283477783, "y": 0.43705451488494873, "z": 0.15541931986808777, "vis": 0.4592840373516083}, "23": {"x": 0.8709622621536255, "y": 0.6136718392372131, "z": -0.055277228355407715, "vis": 0.9996852874755859}, "24": {"x": 0.8814735412597656, "y": 0.611040472984314, "z": 0.05528443679213524, "vis": 0.9992068409919739}, "25": {"x": 0.8616012930870056, "y": 0.7053690552711487, "z": -0.10032404214143753, "vis": 0.9017022252082825}, "26": {"x": 0.8762968182563782, "y": 0.7053139209747314, "z": 0.03244784474372864, "vis": 0.4145205020904541}, "27": {"x": 0.8608579039573669, "y": 0.8262619972229004, "z": -0.10552430897951126, "vis": 0.9535127878189087}, "28": {"x": 0.87340247631073, "y": 0.8230076432228088, "z": 0.03409917280077934, "vis": 0.4887847602367401}, "29": {"x": 0.8627813458442688, "y": 0.8458843231201172, "z": -0.1078651174902916, "vis": 0.9709638357162476}, "30": {"x": 0.8780081272125244, "y": 0.838930070400238, "z": 0.03163895756006241, "vis": 0.604710578918457}, "31": {"x": 0.8322468996047974, "y": 0.8453478813171387, "z": -0.1514168083667755, "vis": 0.9597164392471313}, "32": {"x": 0.8613066673278809, "y": 0.8375408053398132, "z": -0.0029269473161548376, "vis": 0.6543701887130737}}