{"0": {"x": 0.5632632374763489, "y": 0.47870317101478577, "z": -0.025051560252904892, "vis": 0.9993919134140015}, "1": {"x": 0.5661049485206604, "y": 0.4702775776386261, "z": -0.03843259438872337, "vis": 0.9994003772735596}, "2": {"x": 0.5668442845344543, "y": 0.4704682528972626, "z": -0.038443673402071, "vis": 0.9994392991065979}, "3": {"x": 0.5676447153091431, "y": 0.47067010402679443, "z": -0.038453005254268646, "vis": 0.9995317459106445}, "4": {"x": 0.565742552280426, "y": 0.4699518382549286, "z": -0.019119376316666603, "vis": 0.9991112351417542}, "5": {"x": 0.566185712814331, "y": 0.46987321972846985, "z": -0.019099703058600426, "vis": 0.9989078044891357}, "6": {"x": 0.5667473673820496, "y": 0.4697091281414032, "z": -0.01913059502840042, "vis": 0.9989762306213379}, "7": {"x": 0.5755237936973572, "y": 0.47699472308158875, "z": -0.08149866759777069, "vis": 0.999552309513092}, "8": {"x": 0.5752800703048706, "y": 0.4751412570476532, "z": 0.004719223827123642, "vis": 0.998298704624176}, "9": {"x": 0.5661736130714417, "y": 0.4909471273422241, "z": -0.03928704559803009, "vis": 0.9994074106216431}, "10": {"x": 0.565395176410675, "y": 0.4907701015472412, "z": -0.014308659359812737, "vis": 0.999152660369873}, "11": {"x": 0.5846650004386902, "y": 0.5304833054542542, "z": -0.13629227876663208, "vis": 0.9999889135360718}, "12": {"x": 0.590735912322998, "y": 0.5311103463172913, "z": 0.054675888270139694, "vis": 0.9986557960510254}, "13": {"x": 0.5899091958999634, "y": 0.6058923602104187, "z": -0.17062315344810486, "vis": 0.9815873503684998}, "14": {"x": 0.5980075001716614, "y": 0.6078534722328186, "z": 0.07932980358600616, "vis": 0.025837572291493416}, "15": {"x": 0.5827221274375916, "y": 0.6764583587646484, "z": -0.16144895553588867, "vis": 0.9613566994667053}, "16": {"x": 0.5901241302490234, "y": 0.6647437810897827, "z": 0.06822264194488525, "vis": 0.023814816027879715}, "17": {"x": 0.5796332955360413, "y": 0.6991593241691589, "z": -0.180255725979805, "vis": 0.9309857487678528}, "18": {"x": 0.5900228023529053, "y": 0.6846213340759277, "z": 0.07195383310317993, "vis": 0.029197964817285538}, "19": {"x": 0.5778511166572571, "y": 0.7002859115600586, "z": -0.1752782016992569, "vis": 0.9230144023895264}, "20": {"x": 0.5868192315101624, "y": 0.6865564584732056, "z": 0.05713263526558876, "vis": 0.029978333041071892}, "21": {"x": 0.5793829560279846, "y": 0.6941536068916321, "z": -0.15907533466815948, "vis": 0.863190770149231}, "22": {"x": 0.5864707231521606, "y": 0.6737411022186279, "z": 0.06074141338467598, "vis": 0.03545321524143219}, "23": {"x": 0.5806293487548828, "y": 0.6746242642402649, "z": -0.05814266577363014, "vis": 0.9991269707679749}, "24": {"x": 0.5951311588287354, "y": 0.6750109791755676, "z": 0.0580163449048996, "vis": 0.9971357583999634}, "25": {"x": 0.5769776701927185, "y": 0.777097761631012, "z": -0.00384786119684577, "vis": 0.9511916041374207}, "26": {"x": 0.5982377529144287, "y": 0.7739613652229309, "z": 0.10680092871189117, "vis": 0.6158658266067505}, "27": {"x": 0.5896812677383423, "y": 0.8804531693458557, "z": 0.054990004748106, "vis": 0.9793374538421631}, "28": {"x": 0.6061296463012695, "y": 0.8689404129981995, "z": 0.17563198506832123, "vis": 0.7613140344619751}, "29": {"x": 0.5975497364997864, "y": 0.8981960415840149, "z": 0.05896744877099991, "vis": 0.9685705304145813}, "30": {"x": 0.60927814245224, "y": 0.8864189982414246, "z": 0.18139521777629852, "vis": 0.7805949449539185}, "31": {"x": 0.5678043365478516, "y": 0.8921436667442322, "z": 0.020610617473721504, "vis": 0.972173810005188}, "32": {"x": 0.5893979668617249, "y": 0.8876906633377075, "z": 0.15828973054885864, "vis": 0.8250707387924194}}