{"0": {"x": 0.2818426191806793, "y": 0.5790459513664246, "z": -0.008209285326302052, "vis": 0.9992068409919739}, "1": {"x": 0.27946749329566956, "y": 0.5617176294326782, "z": 0.0010964073007926345, "vis": 0.9994800686836243}, "2": {"x": 0.2793034017086029, "y": 0.56138014793396, "z": 0.0009781601838767529, "vis": 0.9995015859603882}, "3": {"x": 0.2791675329208374, "y": 0.5610343217849731, "z": 0.0008648281218484044, "vis": 0.9995927214622498}, "4": {"x": 0.27736836671829224, "y": 0.5604813694953918, "z": -0.020640265196561813, "vis": 0.9995098114013672}, "5": {"x": 0.27583634853363037, "y": 0.5594825148582458, "z": -0.02069123089313507, "vis": 0.9994978904724121}, "6": {"x": 0.27433741092681885, "y": 0.5586190223693848, "z": -0.020739920437335968, "vis": 0.9995377063751221}, "7": {"x": 0.26950398087501526, "y": 0.5646454095840454, "z": 0.04533246159553528, "vis": 0.9995501637458801}, "8": {"x": 0.26440513134002686, "y": 0.5624338984489441, "z": -0.05163532495498657, "vis": 0.9992029070854187}, "9": {"x": 0.27695512771606445, "y": 0.5918284058570862, "z": 0.009399369359016418, "vis": 0.9990560412406921}, "10": {"x": 0.2740195393562317, "y": 0.5909889936447144, "z": -0.018730059266090393, "vis": 0.9993191957473755}, "11": {"x": 0.2431521862745285, "y": 0.6331089735031128, "z": 0.11144574731588364, "vis": 0.9980735778808594}, "12": {"x": 0.24625281989574432, "y": 0.6240699887275696, "z": -0.11908372491598129, "vis": 0.9996650218963623}, "13": {"x": 0.22608137130737305, "y": 0.7774417996406555, "z": 0.126934215426445, "vis": 0.032404545694589615}, "14": {"x": 0.24209606647491455, "y": 0.7668569087982178, "z": -0.1386144608259201, "vis": 0.40174585580825806}, "15": {"x": 0.2429283708333969, "y": 0.8548007607460022, "z": 0.10213129967451096, "vis": 0.01961926557123661}, "16": {"x": 0.25720158219337463, "y": 0.850365936756134, "z": -0.05677353963255882, "vis": 0.18227465450763702}, "17": {"x": 0.24793070554733276, "y": 0.8679029941558838, "z": 0.10773931443691254, "vis": 0.027562031522393227}, "18": {"x": 0.26534605026245117, "y": 0.8786136507987976, "z": -0.06270482391119003, "vis": 0.17759977281093597}, "19": {"x": 0.25094056129455566, "y": 0.8691765666007996, "z": 0.08810360729694366, "vis": 0.02687019668519497}, "20": {"x": 0.26601484417915344, "y": 0.8813138604164124, "z": -0.04794172942638397, "vis": 0.16296157240867615}, "21": {"x": 0.24934552609920502, "y": 0.8662816882133484, "z": 0.09150569885969162, "vis": 0.028406810015439987}, "22": {"x": 0.2631515860557556, "y": 0.876785159111023, "z": -0.04895029217004776, "vis": 0.16323263943195343}, "23": {"x": 0.18056464195251465, "y": 0.8487346172332764, "z": 0.07699357718229294, "vis": 0.9996660947799683}, "24": {"x": 0.18254485726356506, "y": 0.8373626470565796, "z": -0.07699636369943619, "vis": 0.9997969269752502}, "25": {"x": 0.2673007845878601, "y": 0.8860181570053101, "z": 0.09152142703533173, "vis": 0.44654229283332825}, "26": {"x": 0.29245343804359436, "y": 0.7612329721450806, "z": -0.09547679126262665, "vis": 0.9027857780456543}, "27": {"x": 0.18085777759552002, "y": 0.9012203216552734, "z": 0.08579786866903305, "vis": 0.4426688253879547}, "28": {"x": 0.2944769859313965, "y": 0.9875437021255493, "z": -0.027775246649980545, "vis": 0.851976215839386}, "29": {"x": 0.16745950281620026, "y": 0.9061313271522522, "z": 0.08818480372428894, "vis": 0.4732614755630493}, "30": {"x": 0.275730699300766, "y": 0.97703617811203, "z": -0.017660221084952354, "vis": 0.8203452825546265}, "31": {"x": 0.16979369521141052, "y": 0.9234428405761719, "z": 0.10079492628574371, "vis": 0.5362581014633179}, "32": {"x": 0.32554754614830017, "y": 0.991116464138031, "z": -0.014998265542089939, "vis": 0.8126364350318909}}