{"0": {"x": 0.23714293539524078, "y": 0.24927952885627747, "z": 0.1037670373916626, "vis": 0.9994670748710632}, "1": {"x": 0.23235149681568146, "y": 0.23385897278785706, "z": 0.0734173059463501, "vis": 0.9995317459106445}, "2": {"x": 0.2289150506258011, "y": 0.2342534214258194, "z": 0.07338326424360275, "vis": 0.999481737613678}, "3": {"x": 0.22579818964004517, "y": 0.23523849248886108, "z": 0.07331415265798569, "vis": 0.999521017074585}, "4": {"x": 0.2424672693014145, "y": 0.2344103455543518, "z": 0.07621467858552933, "vis": 0.9994288086891174}, "5": {"x": 0.24560514092445374, "y": 0.23482650518417358, "z": 0.07621756196022034, "vis": 0.9993281364440918}, "6": {"x": 0.2486904412508011, "y": 0.23561331629753113, "z": 0.07610409706830978, "vis": 0.999342143535614}, "7": {"x": 0.2228911817073822, "y": 0.24831072986125946, "z": -0.032616499811410904, "vis": 0.9996457099914551}, "8": {"x": 0.25350886583328247, "y": 0.2472972273826599, "z": -0.021879594773054123, "vis": 0.9995715022087097}, "9": {"x": 0.23262546956539154, "y": 0.26641368865966797, "z": 0.07183727622032166, "vis": 0.9995785355567932}, "10": {"x": 0.24339203536510468, "y": 0.2665178179740906, "z": 0.07496979832649231, "vis": 0.9995593428611755}, "11": {"x": 0.18432803452014923, "y": 0.36364907026290894, "z": -0.08260791003704071, "vis": 0.9997947812080383}, "12": {"x": 0.28401756286621094, "y": 0.3507372736930847, "z": -0.05538152530789375, "vis": 0.9998629093170166}, "13": {"x": 0.17194750905036926, "y": 0.5064088106155396, "z": -0.071929432451725, "vis": 0.972118079662323}, "14": {"x": 0.30404072999954224, "y": 0.49719345569610596, "z": -0.012044900096952915, "vis": 0.9817453026771545}, "15": {"x": 0.1673583984375, "y": 0.631361186504364, "z": 0.0018305820412933826, "vis": 0.5321732759475708}, "16": {"x": 0.3102685213088989, "y": 0.6271230578422546, "z": 0.0907442569732666, "vis": 0.7215233445167542}, "17": {"x": 0.1642867922782898, "y": 0.6653741598129272, "z": 0.0055809635668993, "vis": 0.37617629766464233}, "18": {"x": 0.3098618984222412, "y": 0.6599282026290894, "z": 0.10463927686214447, "vis": 0.5701318383216858}, "19": {"x": 0.17114244401454926, "y": 0.6636925339698792, "z": 0.005404656752943993, "vis": 0.3544713854789734}, "20": {"x": 0.3037540316581726, "y": 0.6588367819786072, "z": 0.10444483906030655, "vis": 0.5392426252365112}, "21": {"x": 0.17486777901649475, "y": 0.6512675285339355, "z": 0.0033847237937152386, "vis": 0.3268198072910309}, "22": {"x": 0.3019891679286957, "y": 0.6485218405723572, "z": 0.09307503700256348, "vis": 0.5113197565078735}, "23": {"x": 0.20445537567138672, "y": 0.623556911945343, "z": -0.014369693584740162, "vis": 0.9994495511054993}, "24": {"x": 0.2621206045150757, "y": 0.618398904800415, "z": 0.014202832244336605, "vis": 0.9990302324295044}, "25": {"x": 0.20789887011051178, "y": 0.8163368701934814, "z": 0.061293695122003555, "vis": 0.6550900936126709}, "26": {"x": 0.2654401659965515, "y": 0.8186826109886169, "z": 0.11831192672252655, "vis": 0.6071761846542358}, "27": {"x": 0.202476367354393, "y": 0.9818821549415588, "z": 0.14398279786109924, "vis": 0.41725170612335205}, "28": {"x": 0.2649053931236267, "y": 0.9765450954437256, "z": 0.19700945913791656, "vis": 0.33075836300849915}, "29": {"x": 0.20392990112304688, "y": 0.9946993589401245, "z": 0.1518886834383011, "vis": 0.582123875617981}, "30": {"x": 0.2599939703941345, "y": 0.9865494966506958, "z": 0.20643559098243713, "vis": 0.5730255842208862}, "31": {"x": 0.20225116610527039, "y": 0.9793257117271423, "z": 0.1392764002084732, "vis": 0.2399691641330719}, "32": {"x": 0.26524803042411804, "y": 0.9766002297401428, "z": 0.1961209625005722, "vis": 0.1518479883670807}}