{"0": {"x": 0.5235505104064941, "y": 0.49809926748275757, "z": 0.025464454665780067, "vis": 0.9988517761230469}, "1": {"x": 0.5266770124435425, "y": 0.4888477623462677, "z": 0.01383654959499836, "vis": 0.9991834759712219}, "2": {"x": 0.5274810194969177, "y": 0.48902276158332825, "z": 0.013816772028803825, "vis": 0.9991886019706726}, "3": {"x": 0.5283471345901489, "y": 0.48922261595726013, "z": 0.013817190192639828, "vis": 0.999480664730072}, "4": {"x": 0.5262884497642517, "y": 0.4884296655654907, "z": 0.03137364611029625, "vis": 0.9986715316772461}, "5": {"x": 0.526748538017273, "y": 0.4882596433162689, "z": 0.031359829008579254, "vis": 0.9982511401176453}, "6": {"x": 0.5273298025131226, "y": 0.4880114793777466, "z": 0.03129362687468529, "vis": 0.9987601041793823}, "7": {"x": 0.5349250435829163, "y": 0.49447184801101685, "z": -0.02450738288462162, "vis": 0.999402642250061}, "8": {"x": 0.5348003506660461, "y": 0.4924967586994171, "z": 0.052567433565855026, "vis": 0.9978426694869995}, "9": {"x": 0.5269495844841003, "y": 0.508185863494873, "z": 0.012751220725476742, "vis": 0.9985567927360535}, "10": {"x": 0.5262577533721924, "y": 0.507948637008667, "z": 0.03509005531668663, "vis": 0.9975966811180115}, "11": {"x": 0.5433165431022644, "y": 0.5490124225616455, "z": -0.07383635640144348, "vis": 0.9998646974563599}, "12": {"x": 0.5504772663116455, "y": 0.545030415058136, "z": 0.09763210266828537, "vis": 0.9985535740852356}, "13": {"x": 0.5482592582702637, "y": 0.6143839955329895, "z": -0.09689227491617203, "vis": 0.929364025592804}, "14": {"x": 0.5261266231536865, "y": 0.5643081665039062, "z": 0.14907673001289368, "vis": 0.11578769236803055}, "15": {"x": 0.5386365056037903, "y": 0.6807025671005249, "z": -0.07006926089525223, "vis": 0.8745400309562683}, "16": {"x": 0.49072444438934326, "y": 0.5634878873825073, "z": 0.16617298126220703, "vis": 0.12577982246875763}, "17": {"x": 0.5353922247886658, "y": 0.7051905989646912, "z": -0.0775195062160492, "vis": 0.8295236825942993}, "18": {"x": 0.4853937029838562, "y": 0.5561178922653198, "z": 0.17551720142364502, "vis": 0.12689492106437683}, "19": {"x": 0.5332891345024109, "y": 0.7030219435691833, "z": -0.08157135546207428, "vis": 0.8164142370223999}, "20": {"x": 0.4816633462905884, "y": 0.5585572123527527, "z": 0.16323822736740112, "vis": 0.13501602411270142}, "21": {"x": 0.5351272225379944, "y": 0.694514811038971, "z": -0.07020894438028336, "vis": 0.7360281944274902}, "22": {"x": 0.48626184463500977, "y": 0.5613125562667847, "z": 0.15977807343006134, "vis": 0.15466322004795074}, "23": {"x": 0.5486537218093872, "y": 0.6871525645256042, "z": -0.04476804658770561, "vis": 0.996920108795166}, "24": {"x": 0.555228590965271, "y": 0.6838449239730835, "z": 0.04471306502819061, "vis": 0.9971755743026733}, "25": {"x": 0.5513598322868347, "y": 0.7934787273406982, "z": -0.0654476210474968, "vis": 0.7671353220939636}, "26": {"x": 0.5500717163085938, "y": 0.7837927937507629, "z": 0.005870510824024677, "vis": 0.5498830676078796}, "27": {"x": 0.5562368631362915, "y": 0.8976258039474487, "z": -0.06075902655720711, "vis": 0.8501930832862854}, "28": {"x": 0.5529183745384216, "y": 0.8948242664337158, "z": 0.00726312305778265, "vis": 0.649920642375946}, "29": {"x": 0.5590428709983826, "y": 0.9127123951911926, "z": -0.062321990728378296, "vis": 0.8414872288703918}, "30": {"x": 0.5548739433288574, "y": 0.9122581481933594, "z": 0.0054715643636882305, "vis": 0.6165375113487244}, "31": {"x": 0.5482847690582275, "y": 0.9176093339920044, "z": -0.10648997873067856, "vis": 0.8718917369842529}, "32": {"x": 0.530802309513092, "y": 0.9158364534378052, "z": -0.031317658722400665, "vis": 0.7259472608566284}}