{"0": {"x": 0.36283057928085327, "y": 0.4990423023700714, "z": -0.024446116760373116, "vis": 0.9999899864196777}, "1": {"x": 0.3582403361797333, "y": 0.48741066455841064, "z": -0.012398607097566128, "vis": 0.9999935626983643}, "2": {"x": 0.3578416407108307, "y": 0.4871901869773865, "z": -0.012439782731235027, "vis": 0.9999891519546509}, "3": {"x": 0.35734912753105164, "y": 0.48681187629699707, "z": -0.012469366192817688, "vis": 0.9999946355819702}, "4": {"x": 0.356586754322052, "y": 0.48794257640838623, "z": -0.038760799914598465, "vis": 0.9999951124191284}, "5": {"x": 0.3548857271671295, "y": 0.48832008242607117, "z": -0.03878751024603844, "vis": 0.999991774559021}, "6": {"x": 0.35285404324531555, "y": 0.48867806792259216, "z": -0.038838520646095276, "vis": 0.9999943971633911}, "7": {"x": 0.3464805483818054, "y": 0.4936380982398987, "z": 0.04078192636370659, "vis": 0.9999958276748657}, "8": {"x": 0.341603547334671, "y": 0.4965098798274994, "z": -0.07625199854373932, "vis": 0.9999969005584717}, "9": {"x": 0.36099502444267273, "y": 0.5144440531730652, "z": -0.0031156784389168024, "vis": 0.9999939203262329}, "10": {"x": 0.35894322395324707, "y": 0.5145297050476074, "z": -0.036431506276130676, "vis": 0.9999954700469971}, "11": {"x": 0.3253101706504822, "y": 0.5683255791664124, "z": 0.12781460583209991, "vis": 0.9999837875366211}, "12": {"x": 0.32728683948516846, "y": 0.5774480104446411, "z": -0.14476384222507477, "vis": 0.9999861717224121}, "13": {"x": 0.31644734740257263, "y": 0.6873506903648376, "z": 0.1351691484451294, "vis": 0.0559908002614975}, "14": {"x": 0.31576064229011536, "y": 0.7059263586997986, "z": -0.12740950286388397, "vis": 0.9555227756500244}, "15": {"x": 0.3491910994052887, "y": 0.7472622394561768, "z": 0.037771474570035934, "vis": 0.15197426080703735}, "16": {"x": 0.3609527349472046, "y": 0.7504071593284607, "z": -0.03008730337023735, "vis": 0.8633210062980652}, "17": {"x": 0.36099329590797424, "y": 0.7631543278694153, "z": 0.01845187321305275, "vis": 0.18518325686454773}, "18": {"x": 0.3739158809185028, "y": 0.7641773819923401, "z": -0.03980832174420357, "vis": 0.8057183623313904}, "19": {"x": 0.3617927134037018, "y": 0.7568173408508301, "z": 0.0022489954717457294, "vis": 0.20155157148838043}, "20": {"x": 0.3773580491542816, "y": 0.7465381026268005, "z": -0.041055724024772644, "vis": 0.8035157322883606}, "21": {"x": 0.35658228397369385, "y": 0.7505788803100586, "z": 0.025154760107398033, "vis": 0.21456487476825714}, "22": {"x": 0.3707764744758606, "y": 0.7421499490737915, "z": -0.027202976867556572, "vis": 0.7950689792633057}, "23": {"x": 0.27576082944869995, "y": 0.7684268951416016, "z": 0.0871286690235138, "vis": 0.9999933242797852}, "24": {"x": 0.28946590423583984, "y": 0.7708898186683655, "z": -0.08725623786449432, "vis": 0.9999790191650391}, "25": {"x": 0.26056334376335144, "y": 0.9489580392837524, "z": 0.043334878981113434, "vis": 0.932275652885437}, "26": {"x": 0.38242486119270325, "y": 0.8177831172943115, "z": -0.07295902818441391, "vis": 0.9323871731758118}, "27": {"x": 0.17255060374736786, "y": 0.9613513946533203, "z": 0.07838205993175507, "vis": 0.9495560526847839}, "28": {"x": 0.32740095257759094, "y": 0.9350730180740356, "z": 0.05523752421140671, "vis": 0.915386438369751}, "29": {"x": 0.15357576310634613, "y": 0.9472050666809082, "z": 0.08195284008979797, "vis": 0.9694226384162903}, "30": {"x": 0.31268003582954407, "y": 0.9450511932373047, "z": 0.06822767853736877, "vis": 0.8900202512741089}, "31": {"x": 0.16056273877620697, "y": 1.0088313817977905, "z": 0.06145579740405083, "vis": 0.9350733757019043}, "32": {"x": 0.33936402201652527, "y": 0.9807842373847961, "z": 0.07863729447126389, "vis": 0.8838328719139099}}