{"0": {"x": 0.45204347372055054, "y": 0.551145613193512, "z": 0.2837751507759094, "vis": 0.9996216297149658}, "1": {"x": 0.4538382589817047, "y": 0.5427901744842529, "z": 0.27323612570762634, "vis": 0.9997503161430359}, "2": {"x": 0.4535072445869446, "y": 0.5429203510284424, "z": 0.27326735854148865, "vis": 0.9996786117553711}, "3": {"x": 0.4531750977039337, "y": 0.543032169342041, "z": 0.27326610684394836, "vis": 0.9997759461402893}, "4": {"x": 0.4563997983932495, "y": 0.542850911617279, "z": 0.28176984190940857, "vis": 0.9997110962867737}, "5": {"x": 0.4577479362487793, "y": 0.542760968208313, "z": 0.2817875146865845, "vis": 0.9995549321174622}, "6": {"x": 0.45906662940979004, "y": 0.5426181554794312, "z": 0.28174933791160583, "vis": 0.9997143149375916}, "7": {"x": 0.45835021138191223, "y": 0.5491725206375122, "z": 0.21890942752361298, "vis": 0.9997299313545227}, "8": {"x": 0.4677966237068176, "y": 0.5476490259170532, "z": 0.2582147717475891, "vis": 0.9996881484985352}, "9": {"x": 0.45314154028892517, "y": 0.5618897676467896, "z": 0.26470738649368286, "vis": 0.9996424913406372}, "10": {"x": 0.4554101824760437, "y": 0.5627403855323792, "z": 0.27606600522994995, "vis": 0.9996638298034668}, "11": {"x": 0.4552280604839325, "y": 0.6049773693084717, "z": 0.15877103805541992, "vis": 0.9999693632125854}, "12": {"x": 0.5039299130439758, "y": 0.6023694276809692, "z": 0.2000548094511032, "vis": 0.9999949932098389}, "13": {"x": 0.44343847036361694, "y": 0.6826962232589722, "z": 0.08700523525476456, "vis": 0.5383985638618469}, "14": {"x": 0.5396145582199097, "y": 0.6496720910072327, "z": 0.17437244951725006, "vis": 0.9776391386985779}, "15": {"x": 0.44382554292678833, "y": 0.7362790107727051, "z": 0.04688042774796486, "vis": 0.23270103335380554}, "16": {"x": 0.5469905734062195, "y": 0.6602648496627808, "z": 0.17885993421077728, "vis": 0.7180241346359253}, "17": {"x": 0.442414253950119, "y": 0.7535439729690552, "z": 0.03297792002558708, "vis": 0.2289382517337799}, "18": {"x": 0.5524805784225464, "y": 0.6607370972633362, "z": 0.1829902082681656, "vis": 0.7175223231315613}, "19": {"x": 0.4478780925273895, "y": 0.7441893219947815, "z": 0.039901990443468094, "vis": 0.2107846736907959}, "20": {"x": 0.5527366399765015, "y": 0.6645565032958984, "z": 0.1847091019153595, "vis": 0.675899088382721}, "21": {"x": 0.44825083017349243, "y": 0.7409365177154541, "z": 0.047716882079839706, "vis": 0.16449913382530212}, "22": {"x": 0.5498915910720825, "y": 0.6645057797431946, "z": 0.17943435907363892, "vis": 0.6067070364952087}, "23": {"x": 0.45078444480895996, "y": 0.743994951248169, "z": -0.003221918595954776, "vis": 0.9998849630355835}, "24": {"x": 0.4763428270816803, "y": 0.7440263628959656, "z": 0.0028930807020515203, "vis": 0.9999426603317261}, "25": {"x": 0.4587279260158539, "y": 0.8270028829574585, "z": -0.04782383516430855, "vis": 0.5053284764289856}, "26": {"x": 0.49219179153442383, "y": 0.8175060153007507, "z": -0.09438972920179367, "vis": 0.7997207045555115}, "27": {"x": 0.5006464123725891, "y": 0.9294153451919556, "z": -0.25697770714759827, "vis": 0.6339480876922607}, "28": {"x": 0.5101239681243896, "y": 0.9319048523902893, "z": -0.3307437300682068, "vis": 0.5806288123130798}, "29": {"x": 0.506754994392395, "y": 0.9477236270904541, "z": -0.28326159715652466, "vis": 0.9018552303314209}, "30": {"x": 0.5075365304946899, "y": 0.9499640464782715, "z": -0.35875603556632996, "vis": 0.9377644658088684}, "31": {"x": 0.5093331336975098, "y": 0.9423578977584839, "z": -0.33455878496170044, "vis": 0.8601670265197754}, "32": {"x": 0.52097487449646, "y": 0.947507381439209, "z": -0.41333499550819397, "vis": 0.8197272419929504}}