{"0": {"x": 0.23452337086200714, "y": 0.9310427308082581, "z": -0.16380208730697632, "vis": 0.9990943670272827}, "1": {"x": 0.2303541600704193, "y": 0.9348483085632324, "z": -0.17833635210990906, "vis": 0.9995909333229065}, "2": {"x": 0.228678897023201, "y": 0.933465301990509, "z": -0.17834629118442535, "vis": 0.9994389414787292}, "3": {"x": 0.2271922528743744, "y": 0.9329116344451904, "z": -0.17844460904598236, "vis": 0.999528169631958}, "4": {"x": 0.23459865152835846, "y": 0.9404557347297668, "z": -0.16271449625492096, "vis": 0.9993453621864319}, "5": {"x": 0.23530200123786926, "y": 0.9426630139350891, "z": -0.16280654072761536, "vis": 0.9990249872207642}, "6": {"x": 0.2361128181219101, "y": 0.9453404545783997, "z": -0.16285637021064758, "vis": 0.9992117881774902}, "7": {"x": 0.22133409976959229, "y": 0.9309249520301819, "z": -0.18821968138217926, "vis": 0.9991679191589355}, "8": {"x": 0.23031510412693024, "y": 0.9448400735855103, "z": -0.11784972250461578, "vis": 0.9983813762664795}, "9": {"x": 0.2307722568511963, "y": 0.9226014614105225, "z": -0.160723477602005, "vis": 0.9986845850944519}, "10": {"x": 0.23526355624198914, "y": 0.9263608455657959, "z": -0.14055560529232025, "vis": 0.9988740086555481}, "11": {"x": 0.22532041370868683, "y": 0.8756162524223328, "z": -0.1900169849395752, "vis": 0.9998088479042053}, "12": {"x": 0.2158302366733551, "y": 0.8839730024337769, "z": -0.03810286521911621, "vis": 0.9993011951446533}, "13": {"x": 0.2633877694606781, "y": 0.8231948018074036, "z": -0.22955802083015442, "vis": 0.8529511094093323}, "14": {"x": 0.23776736855506897, "y": 0.819098711013794, "z": -0.04860673099756241, "vis": 0.20105291903018951}, "15": {"x": 0.2601717412471771, "y": 0.930874228477478, "z": -0.22940915822982788, "vis": 0.7614890933036804}, "16": {"x": 0.20261405408382416, "y": 0.9482078552246094, "z": -0.10224571079015732, "vis": 0.2743464708328247}, "17": {"x": 0.2683084309101105, "y": 0.9629420638084412, "z": -0.24541202187538147, "vis": 0.6826419234275818}, "18": {"x": 0.1982318013906479, "y": 0.9638994932174683, "z": -0.10156439989805222, "vis": 0.2664729058742523}, "19": {"x": 0.2538497745990753, "y": 0.9633892178535461, "z": -0.2341480255126953, "vis": 0.6576468348503113}, "20": {"x": 0.2043209969997406, "y": 0.9692877531051636, "z": -0.1034281849861145, "vis": 0.24643300473690033}, "21": {"x": 0.25256702303886414, "y": 0.9578817486763, "z": -0.22449685633182526, "vis": 0.6086603403091431}, "22": {"x": 0.21461963653564453, "y": 0.958001434803009, "z": -0.10315033793449402, "vis": 0.22937843203544617}, "23": {"x": 0.23952144384384155, "y": 0.6573123335838318, "z": -0.05421634763479233, "vis": 0.9999909400939941}, "24": {"x": 0.23403233289718628, "y": 0.6803276538848877, "z": 0.05401735007762909, "vis": 0.9999490976333618}, "25": {"x": 0.2501676678657532, "y": 0.6764334440231323, "z": -0.11202844232320786, "vis": 0.8693605065345764}, "26": {"x": 0.2334916740655899, "y": 0.7645105123519897, "z": 0.1474650502204895, "vis": 0.14881190657615662}, "27": {"x": 0.2411399930715561, "y": 0.6180795431137085, "z": -0.032780326902866364, "vis": 0.5240835547447205}, "28": {"x": 0.2299407720565796, "y": 0.747107207775116, "z": 0.19344648718833923, "vis": 0.22600293159484863}, "29": {"x": 0.23632164299488068, "y": 0.6119491457939148, "z": -0.020346438512206078, "vis": 0.6494254469871521}, "30": {"x": 0.23000353574752808, "y": 0.7396659851074219, "z": 0.20128297805786133, "vis": 0.36880388855934143}, "31": {"x": 0.2428864687681198, "y": 0.5993316769599915, "z": -0.0030234986916184425, "vis": 0.6747837662696838}, "32": {"x": 0.23089484870433807, "y": 0.7503127455711365, "z": 0.21772153675556183, "vis": 0.40114057064056396}}