{"0": {"x": 0.41187822818756104, "y": 0.48806506395339966, "z": -0.05965716391801834, "vis": 0.9998599290847778}, "1": {"x": 0.41646701097488403, "y": 0.47938603162765503, "z": -0.06252674013376236, "vis": 0.9997698664665222}, "2": {"x": 0.4176516532897949, "y": 0.47983503341674805, "z": -0.06255177408456802, "vis": 0.9997970461845398}, "3": {"x": 0.4188383221626282, "y": 0.4803258776664734, "z": -0.0625806376338005, "vis": 0.9998241066932678}, "4": {"x": 0.41450420022010803, "y": 0.47842666506767273, "z": -0.050541575998067856, "vis": 0.9996795654296875}, "5": {"x": 0.41433313488960266, "y": 0.47820422053337097, "z": -0.050563134253025055, "vis": 0.9996111989021301}, "6": {"x": 0.41415685415267944, "y": 0.4779222309589386, "z": -0.05057170242071152, "vis": 0.9995490908622742}, "7": {"x": 0.42356640100479126, "y": 0.48464083671569824, "z": -0.04285468906164169, "vis": 0.9999212026596069}, "8": {"x": 0.41723278164863586, "y": 0.48116111755371094, "z": 0.01005873829126358, "vis": 0.9989809393882751}, "9": {"x": 0.41382700204849243, "y": 0.49963080883026123, "z": -0.04978552460670471, "vis": 0.9998904466629028}, "10": {"x": 0.41158655285835266, "y": 0.4977646470069885, "z": -0.03491216525435448, "vis": 0.9996115565299988}, "11": {"x": 0.439373254776001, "y": 0.5315625667572021, "z": -0.06119533255696297, "vis": 0.9999959468841553}, "12": {"x": 0.40846696496009827, "y": 0.5197102427482605, "z": 0.0887104943394661, "vis": 0.999500036239624}, "13": {"x": 0.46584072709083557, "y": 0.5948449969291687, "z": -0.11318685859441757, "vis": 0.9994389414787292}, "14": {"x": 0.40661653876304626, "y": 0.5598347783088684, "z": 0.07809163630008698, "vis": 0.19341468811035156}, "15": {"x": 0.43078821897506714, "y": 0.6206716895103455, "z": -0.13880428671836853, "vis": 0.9969218373298645}, "16": {"x": 0.3998439311981201, "y": 0.5537487268447876, "z": -0.011314303614199162, "vis": 0.32812604308128357}, "17": {"x": 0.42060914635658264, "y": 0.6277187466621399, "z": -0.15362194180488586, "vis": 0.9892207980155945}, "18": {"x": 0.3971134126186371, "y": 0.55448317527771, "z": -0.02072533406317234, "vis": 0.3212347626686096}, "19": {"x": 0.4168403744697571, "y": 0.6153212189674377, "z": -0.14645417034626007, "vis": 0.9880235195159912}, "20": {"x": 0.3986571133136749, "y": 0.5520543456077576, "z": -0.02525889128446579, "vis": 0.31351056694984436}, "21": {"x": 0.41988834738731384, "y": 0.6126614809036255, "z": -0.13342826068401337, "vis": 0.9758491516113281}, "22": {"x": 0.40067586302757263, "y": 0.5538042187690735, "z": -0.016125360503792763, "vis": 0.3025219738483429}, "23": {"x": 0.44329360127449036, "y": 0.6764824986457825, "z": -0.05040595680475235, "vis": 0.9994725584983826}, "24": {"x": 0.4293099045753479, "y": 0.6753325462341309, "z": 0.05040270835161209, "vis": 0.9990602135658264}, "25": {"x": 0.4552769660949707, "y": 0.7750710248947144, "z": -0.08897563070058823, "vis": 0.9724615812301636}, "26": {"x": 0.41805964708328247, "y": 0.7752621173858643, "z": -0.0058745876885950565, "vis": 0.6929777264595032}, "27": {"x": 0.4866633117198944, "y": 0.8701167106628418, "z": -0.08176123350858688, "vis": 0.9674100279808044}, "28": {"x": 0.40679481625556946, "y": 0.8927074670791626, "z": 0.01352306641638279, "vis": 0.8794512748718262}, "29": {"x": 0.49496686458587646, "y": 0.8825905919075012, "z": -0.08351951092481613, "vis": 0.8640618324279785}, "30": {"x": 0.4112321436405182, "y": 0.9124376773834229, "z": 0.011932260356843472, "vis": 0.844478189945221}, "31": {"x": 0.4697345495223999, "y": 0.9053981900215149, "z": -0.14467960596084595, "vis": 0.9573646187782288}, "32": {"x": 0.37573957443237305, "y": 0.9069991707801819, "z": -0.03810950368642807, "vis": 0.8856748938560486}}