{"0": {"x": 0.2457280308008194, "y": 0.29818564653396606, "z": 0.06284569203853607, "vis": 0.9994397759437561}, "1": {"x": 0.23879462480545044, "y": 0.28301912546157837, "z": 0.03678114712238312, "vis": 0.9995483756065369}, "2": {"x": 0.23545311391353607, "y": 0.2840985655784607, "z": 0.03675292804837227, "vis": 0.9994603991508484}, "3": {"x": 0.23221759498119354, "y": 0.2855290174484253, "z": 0.036661047488451004, "vis": 0.9995551705360413}, "4": {"x": 0.2488814890384674, "y": 0.2811044454574585, "z": 0.0355047732591629, "vis": 0.9994403719902039}, "5": {"x": 0.25177231431007385, "y": 0.2808308005332947, "z": 0.035517822951078415, "vis": 0.9992801547050476}, "6": {"x": 0.2544838786125183, "y": 0.28082650899887085, "z": 0.03540094569325447, "vis": 0.9993693232536316}, "7": {"x": 0.2282610535621643, "y": 0.2953481674194336, "z": -0.055725932121276855, "vis": 0.99964439868927}, "8": {"x": 0.25956857204437256, "y": 0.2893713414669037, "z": -0.06253690272569656, "vis": 0.9995939135551453}, "9": {"x": 0.24169375002384186, "y": 0.3174387514591217, "z": 0.03503480181097984, "vis": 0.9996022582054138}, "10": {"x": 0.2515742778778076, "y": 0.31414172053337097, "z": 0.033454928547143936, "vis": 0.9996296167373657}, "11": {"x": 0.1974916160106659, "y": 0.4312395453453064, "z": -0.08617031574249268, "vis": 0.9996979236602783}, "12": {"x": 0.2965570390224457, "y": 0.412487655878067, "z": -0.10475531220436096, "vis": 0.99980229139328}, "13": {"x": 0.19583210349082947, "y": 0.584095299243927, "z": -0.06628396362066269, "vis": 0.9034920930862427}, "14": {"x": 0.31989729404449463, "y": 0.5611532926559448, "z": -0.053952012211084366, "vis": 0.9495025277137756}, "15": {"x": 0.197688028216362, "y": 0.6994902491569519, "z": 0.007999394088983536, "vis": 0.3666563630104065}, "16": {"x": 0.3269802927970886, "y": 0.6559297442436218, "z": 0.06319619715213776, "vis": 0.6047134399414062}, "17": {"x": 0.19466519355773926, "y": 0.7390270233154297, "z": 0.012569475919008255, "vis": 0.272778183221817}, "18": {"x": 0.33171534538269043, "y": 0.6841215491294861, "z": 0.07394739240407944, "vis": 0.48557043075561523}, "19": {"x": 0.20086532831192017, "y": 0.7251884341239929, "z": 0.011485984548926353, "vis": 0.2564036250114441}, "20": {"x": 0.32549387216567993, "y": 0.6756885647773743, "z": 0.0759705975651741, "vis": 0.4708051383495331}, "21": {"x": 0.2024511843919754, "y": 0.7164908051490784, "z": 0.00913687888532877, "vis": 0.230897918343544}, "22": {"x": 0.3217344880104065, "y": 0.666132390499115, "z": 0.0661642923951149, "vis": 0.45250460505485535}, "23": {"x": 0.22543099522590637, "y": 0.6801720261573792, "z": 0.008479345589876175, "vis": 0.9993751645088196}, "24": {"x": 0.27769625186920166, "y": 0.677289605140686, "z": -0.008742330595850945, "vis": 0.9992153644561768}, "25": {"x": 0.22545987367630005, "y": 0.8468421697616577, "z": 0.12779918313026428, "vis": 0.6147655248641968}, "26": {"x": 0.2857416570186615, "y": 0.8547037839889526, "z": 0.12325390428304672, "vis": 0.5172434449195862}, "27": {"x": 0.22040854394435883, "y": 0.9957549571990967, "z": 0.24726253747940063, "vis": 0.5436385273933411}, "28": {"x": 0.2869034707546234, "y": 0.9942909479141235, "z": 0.23991398513317108, "vis": 0.3671191930770874}, "29": {"x": 0.22151145339012146, "y": 1.0350333452224731, "z": 0.25962913036346436, "vis": 0.6743661165237427}, "30": {"x": 0.28044748306274414, "y": 1.0389796495437622, "z": 0.25379678606987, "vis": 0.5321349501609802}, "31": {"x": 0.22027134895324707, "y": 0.9865223169326782, "z": 0.2654855251312256, "vis": 0.35329678654670715}, "32": {"x": 0.29511579871177673, "y": 1.0056878328323364, "z": 0.25739994645118713, "vis": 0.18080484867095947}}