{"0": {"x": 0.21270506083965302, "y": 0.6065026521682739, "z": 0.09231501072645187, "vis": 0.9998981952667236}, "1": {"x": 0.2089729905128479, "y": 0.5903877019882202, "z": 0.09156247973442078, "vis": 0.9999334812164307}, "2": {"x": 0.20713654160499573, "y": 0.5887083411216736, "z": 0.09148569405078888, "vis": 0.9999184608459473}, "3": {"x": 0.2053709626197815, "y": 0.5868196487426758, "z": 0.09138724207878113, "vis": 0.9999405145645142}, "4": {"x": 0.21127313375473022, "y": 0.5922349691390991, "z": 0.07408955693244934, "vis": 0.9999539852142334}, "5": {"x": 0.21101775765419006, "y": 0.5921171307563782, "z": 0.07403357326984406, "vis": 0.9999446868896484}, "6": {"x": 0.21078075468540192, "y": 0.5917394757270813, "z": 0.0739879310131073, "vis": 0.9999496936798096}, "7": {"x": 0.19813688099384308, "y": 0.5876330733299255, "z": 0.08487868309020996, "vis": 0.9999363422393799}, "8": {"x": 0.20568564534187317, "y": 0.5947070121765137, "z": 0.0073968893848359585, "vis": 0.999914288520813}, "9": {"x": 0.20744414627552032, "y": 0.6177223920822144, "z": 0.092017762362957, "vis": 0.9997202754020691}, "10": {"x": 0.2096734642982483, "y": 0.6194851994514465, "z": 0.0698230192065239, "vis": 0.9997926354408264}, "11": {"x": 0.16392800211906433, "y": 0.6406173706054688, "z": 0.1209702342748642, "vis": 0.9996706247329712}, "12": {"x": 0.19625765085220337, "y": 0.6648833155632019, "z": -0.07966800034046173, "vis": 0.9999209642410278}, "13": {"x": 0.17273344099521637, "y": 0.730553925037384, "z": 0.11804354935884476, "vis": 0.08711176365613937}, "14": {"x": 0.18756310641765594, "y": 0.796168863773346, "z": -0.10171974450349808, "vis": 0.8834737539291382}, "15": {"x": 0.19804301857948303, "y": 0.8059422969818115, "z": 0.10004106909036636, "vis": 0.2004292756319046}, "16": {"x": 0.19060242176055908, "y": 0.9202991724014282, "z": -0.035051487386226654, "vis": 0.6808106303215027}, "17": {"x": 0.20575925707817078, "y": 0.816100537776947, "z": 0.10925007611513138, "vis": 0.21807479858398438}, "18": {"x": 0.19836585223674774, "y": 0.9384226202964783, "z": -0.03683948889374733, "vis": 0.5826391577720642}, "19": {"x": 0.20850509405136108, "y": 0.8200777769088745, "z": 0.09906640648841858, "vis": 0.21882426738739014}, "20": {"x": 0.2008838951587677, "y": 0.937960147857666, "z": -0.023661019280552864, "vis": 0.5568546652793884}, "21": {"x": 0.20508962869644165, "y": 0.8211193084716797, "z": 0.09480934590101242, "vis": 0.2082580178976059}, "22": {"x": 0.19013315439224243, "y": 0.9404311180114746, "z": -0.028545601293444633, "vis": 0.5154798626899719}, "23": {"x": 0.08124038577079773, "y": 0.8239863514900208, "z": 0.06735902279615402, "vis": 0.9999840259552002}, "24": {"x": 0.09940839558839798, "y": 0.8198583722114563, "z": -0.06778950244188309, "vis": 0.9999727010726929}, "25": {"x": 0.15022234618663788, "y": 0.8512023687362671, "z": 0.19863629341125488, "vis": 0.5251922607421875}, "26": {"x": 0.20246589183807373, "y": 0.7998248338699341, "z": 0.0199139304459095, "vis": 0.821583092212677}, "27": {"x": 0.0647154450416565, "y": 0.8780026435852051, "z": 0.0762983113527298, "vis": 0.8400087356567383}, "28": {"x": 0.1332937479019165, "y": 0.9080009460449219, "z": -0.04191150888800621, "vis": 0.9133270978927612}, "29": {"x": 0.049108315259218216, "y": 0.8640936017036438, "z": 0.06631586700677872, "vis": 0.8944642543792725}, "30": {"x": 0.11524266749620438, "y": 0.9130674600601196, "z": -0.044480662792921066, "vis": 0.8955945372581482}, "31": {"x": 0.04589838907122612, "y": 0.9135172963142395, "z": 0.08548202365636826, "vis": 0.899019181728363}, "32": {"x": 0.14319175481796265, "y": 0.9701900482177734, "z": -0.019953332841396332, "vis": 0.9009420275688171}}