{"0": {"x": 0.2748124599456787, "y": 0.39382264018058777, "z": 0.4146447777748108, "vis": 0.9994761347770691}, "1": {"x": 0.2711130976676941, "y": 0.38123181462287903, "z": 0.4057866036891937, "vis": 0.999679684638977}, "2": {"x": 0.2683115005493164, "y": 0.38252022862434387, "z": 0.4057709574699402, "vis": 0.999672532081604}, "3": {"x": 0.26545438170433044, "y": 0.38420620560646057, "z": 0.4057018756866455, "vis": 0.9997764229774475}, "4": {"x": 0.27957165241241455, "y": 0.3793514668941498, "z": 0.4053734540939331, "vis": 0.9995087385177612}, "5": {"x": 0.2824612855911255, "y": 0.3793101906776428, "z": 0.4054030179977417, "vis": 0.999404788017273}, "6": {"x": 0.28556719422340393, "y": 0.37957993149757385, "z": 0.40537723898887634, "vis": 0.9995915293693542}, "7": {"x": 0.2607470750808716, "y": 0.3982558250427246, "z": 0.3233168423175812, "vis": 0.9996604919433594}, "8": {"x": 0.2906174063682556, "y": 0.3938068747520447, "z": 0.3219618499279022, "vis": 0.9994328618049622}, "9": {"x": 0.27024751901626587, "y": 0.4097813069820404, "z": 0.3844853639602661, "vis": 0.998824417591095}, "10": {"x": 0.2801399827003479, "y": 0.41027581691741943, "z": 0.3843059241771698, "vis": 0.9983710646629333}, "11": {"x": 0.23009216785430908, "y": 0.49370503425598145, "z": 0.24159318208694458, "vis": 0.9990952014923096}, "12": {"x": 0.31724655628204346, "y": 0.49364539980888367, "z": 0.22387441992759705, "vis": 0.9985705614089966}, "13": {"x": 0.22617107629776, "y": 0.6221084594726562, "z": 0.21835465729236603, "vis": 0.10550621151924133}, "14": {"x": 0.31696808338165283, "y": 0.6238954067230225, "z": 0.19987094402313232, "vis": 0.3540048599243164}, "15": {"x": 0.24674753844738007, "y": 0.7236438393592834, "z": 0.2577533423900604, "vis": 0.06016329675912857}, "16": {"x": 0.31732961535453796, "y": 0.7257111668586731, "z": 0.23406319320201874, "vis": 0.202511265873909}, "17": {"x": 0.24823400378227234, "y": 0.7427195310592651, "z": 0.26403653621673584, "vis": 0.05759916454553604}, "18": {"x": 0.31889039278030396, "y": 0.7477509379386902, "z": 0.23946528136730194, "vis": 0.18278594315052032}, "19": {"x": 0.25687694549560547, "y": 0.7420127987861633, "z": 0.26731058955192566, "vis": 0.05421825125813484}, "20": {"x": 0.3131604790687561, "y": 0.7484992146492004, "z": 0.24264000356197357, "vis": 0.18217305839061737}, "21": {"x": 0.25823864340782166, "y": 0.7349992990493774, "z": 0.2593209147453308, "vis": 0.06062106415629387}, "22": {"x": 0.3101048469543457, "y": 0.7367358207702637, "z": 0.23521840572357178, "vis": 0.19788923859596252}, "23": {"x": 0.23819835484027863, "y": 0.6798886656761169, "z": -0.00045373733155429363, "vis": 0.9997028708457947}, "24": {"x": 0.2925650477409363, "y": 0.6827027201652527, "z": 0.0002862095134332776, "vis": 0.9988784193992615}, "25": {"x": 0.23427262902259827, "y": 0.8086853623390198, "z": 0.06117641553282738, "vis": 0.8852713108062744}, "26": {"x": 0.29976686835289, "y": 0.8052699565887451, "z": 0.05310177057981491, "vis": 0.6961812973022461}, "27": {"x": 0.23031999170780182, "y": 0.9463232755661011, "z": -0.15123151242733002, "vis": 0.9668323993682861}, "28": {"x": 0.30708327889442444, "y": 0.9386247396469116, "z": -0.1588406264781952, "vis": 0.9386971592903137}, "29": {"x": 0.23474013805389404, "y": 0.971178412437439, "z": -0.1805076152086258, "vis": 0.978702187538147}, "30": {"x": 0.2997048795223236, "y": 0.9586098790168762, "z": -0.18441376090049744, "vis": 0.9557158946990967}, "31": {"x": 0.22814352810382843, "y": 0.9681798815727234, "z": -0.22125659883022308, "vis": 0.9057444334030151}, "32": {"x": 0.31060171127319336, "y": 0.983148455619812, "z": -0.2191925346851349, "vis": 0.8898007273674011}}