{"0": {"x": 0.342612087726593, "y": 0.5379388332366943, "z": -0.003160573774948716, "vis": 0.9990631937980652}, "1": {"x": 0.3379611372947693, "y": 0.5191816091537476, "z": 0.0095822187140584, "vis": 0.9994390606880188}, "2": {"x": 0.3376583456993103, "y": 0.5185787677764893, "z": 0.009493001736700535, "vis": 0.9991751313209534}, "3": {"x": 0.3373372554779053, "y": 0.5180816650390625, "z": 0.009417587891221046, "vis": 0.999649167060852}, "4": {"x": 0.33598819375038147, "y": 0.5191314220428467, "z": -0.014993908815085888, "vis": 0.9995498061180115}, "5": {"x": 0.33425095677375793, "y": 0.5186790227890015, "z": -0.015047922730445862, "vis": 0.9992678761482239}, "6": {"x": 0.33237582445144653, "y": 0.5183881521224976, "z": -0.015110790729522705, "vis": 0.9995101690292358}, "7": {"x": 0.32730987668037415, "y": 0.5234705209732056, "z": 0.06424037367105484, "vis": 0.9995930790901184}, "8": {"x": 0.321242094039917, "y": 0.524459719657898, "z": -0.04321576654911041, "vis": 0.9994879961013794}, "9": {"x": 0.3400326371192932, "y": 0.5516328811645508, "z": 0.018933720886707306, "vis": 0.9989998936653137}, "10": {"x": 0.337690144777298, "y": 0.5523317456245422, "z": -0.011792940087616444, "vis": 0.9993736147880554}, "11": {"x": 0.3099709451198578, "y": 0.6066097021102905, "z": 0.14211505651474, "vis": 0.9994083642959595}, "12": {"x": 0.30579182505607605, "y": 0.6021868586540222, "z": -0.11714644730091095, "vis": 0.9994577765464783}, "13": {"x": 0.2953662872314453, "y": 0.7200694680213928, "z": 0.15128129720687866, "vis": 0.025114767253398895}, "14": {"x": 0.28786322474479675, "y": 0.7286286354064941, "z": -0.12474291026592255, "vis": 0.6785737872123718}, "15": {"x": 0.32395440340042114, "y": 0.7934068441390991, "z": 0.08230700343847275, "vis": 0.04113336279988289}, "16": {"x": 0.3362114727497101, "y": 0.7722707390785217, "z": -0.0477667860686779, "vis": 0.3751862049102783}, "17": {"x": 0.33201664686203003, "y": 0.8110636472702026, "z": 0.07190914452075958, "vis": 0.07203445583581924}, "18": {"x": 0.34417951107025146, "y": 0.7879149913787842, "z": -0.05723363533616066, "vis": 0.38610029220581055}, "19": {"x": 0.3347683548927307, "y": 0.8034788370132446, "z": 0.056272462010383606, "vis": 0.07637740671634674}, "20": {"x": 0.34987884759902954, "y": 0.7709100842475891, "z": -0.054432254284620285, "vis": 0.3920484483242035}, "21": {"x": 0.33062922954559326, "y": 0.7962841987609863, "z": 0.07105237990617752, "vis": 0.0855264887213707}, "22": {"x": 0.34519389271736145, "y": 0.7651256322860718, "z": -0.04427892714738846, "vis": 0.40321651101112366}, "23": {"x": 0.26166480779647827, "y": 0.8179652690887451, "z": 0.08232130110263824, "vis": 0.9997817873954773}, "24": {"x": 0.2686038315296173, "y": 0.8157049417495728, "z": -0.08221061527729034, "vis": 0.9996557235717773}, "25": {"x": 0.2747732400894165, "y": 0.964565634727478, "z": 0.03950967639684677, "vis": 0.830668032169342}, "26": {"x": 0.3784363269805908, "y": 0.8111112117767334, "z": -0.10829389840364456, "vis": 0.900526225566864}, "27": {"x": 0.1892741471529007, "y": 0.9573748707771301, "z": 0.08069364726543427, "vis": 0.7192962169647217}, "28": {"x": 0.3253595232963562, "y": 0.9790099859237671, "z": -0.02851475216448307, "vis": 0.8124064803123474}, "29": {"x": 0.1765727698802948, "y": 0.9384036660194397, "z": 0.08620645850896835, "vis": 0.7902369499206543}, "30": {"x": 0.30193665623664856, "y": 0.9836027026176453, "z": -0.017866985872387886, "vis": 0.8308338522911072}, "31": {"x": 0.16203546524047852, "y": 0.9939007759094238, "z": 0.07851170003414154, "vis": 0.6363064646720886}, "32": {"x": 0.33634430170059204, "y": 1.045038104057312, "z": -0.01068914495408535, "vis": 0.7588824033737183}}