{"0": {"x": 0.5051444172859192, "y": 0.46922627091407776, "z": -0.06677532196044922, "vis": 0.9992530941963196}, "1": {"x": 0.5096887350082397, "y": 0.4608626663684845, "z": -0.0791073888540268, "vis": 0.9992750287055969}, "2": {"x": 0.5107555389404297, "y": 0.46109259128570557, "z": -0.07915753871202469, "vis": 0.9994035959243774}, "3": {"x": 0.5119311213493347, "y": 0.46137768030166626, "z": -0.07919877767562866, "vis": 0.9994701743125916}, "4": {"x": 0.5090460777282715, "y": 0.46030211448669434, "z": -0.05729338899254799, "vis": 0.9988040924072266}, "5": {"x": 0.509571373462677, "y": 0.4600136876106262, "z": -0.057269029319286346, "vis": 0.9986288547515869}, "6": {"x": 0.5102022886276245, "y": 0.45964986085891724, "z": -0.057272858917713165, "vis": 0.9982951283454895}, "7": {"x": 0.5201923251152039, "y": 0.46799081563949585, "z": -0.10921600461006165, "vis": 0.9996126294136047}, "8": {"x": 0.5182691812515259, "y": 0.46536850929260254, "z": -0.009493746794760227, "vis": 0.9973803162574768}, "9": {"x": 0.5076773166656494, "y": 0.4794917404651642, "z": -0.07582781463861465, "vis": 0.9996500015258789}, "10": {"x": 0.5064879059791565, "y": 0.4794670045375824, "z": -0.04709239304065704, "vis": 0.9988681077957153}, "11": {"x": 0.5381626486778259, "y": 0.5269198417663574, "z": -0.14657799899578094, "vis": 0.9999947547912598}, "12": {"x": 0.5214186906814575, "y": 0.5177286267280579, "z": 0.04799256846308708, "vis": 0.9990324974060059}, "13": {"x": 0.5467625260353088, "y": 0.5988231301307678, "z": -0.1828136146068573, "vis": 0.9951558113098145}, "14": {"x": 0.51927250623703, "y": 0.5902349948883057, "z": 0.08556469529867172, "vis": 0.023386556655168533}, "15": {"x": 0.5204839110374451, "y": 0.6404327750205994, "z": -0.17928306758403778, "vis": 0.9863385558128357}, "16": {"x": 0.5061030983924866, "y": 0.6400009989738464, "z": 0.0486040897667408, "vis": 0.04186335951089859}, "17": {"x": 0.5106067657470703, "y": 0.65323805809021, "z": -0.20074546337127686, "vis": 0.969788134098053}, "18": {"x": 0.5004085302352905, "y": 0.6525189876556396, "z": 0.04330790415406227, "vis": 0.054967813193798065}, "19": {"x": 0.5079787373542786, "y": 0.6432443857192993, "z": -0.19496141374111176, "vis": 0.9667457938194275}, "20": {"x": 0.5004871487617493, "y": 0.6509003639221191, "z": 0.025678269565105438, "vis": 0.056867342442274094}, "21": {"x": 0.5110531449317932, "y": 0.6398491859436035, "z": -0.17576123774051666, "vis": 0.9345777034759521}, "22": {"x": 0.49813711643218994, "y": 0.6472834944725037, "z": 0.03876930847764015, "vis": 0.06318708509206772}, "23": {"x": 0.5272796750068665, "y": 0.6771583557128906, "z": -0.05705096200108528, "vis": 0.9998708963394165}, "24": {"x": 0.5149616003036499, "y": 0.6705241799354553, "z": 0.05701960623264313, "vis": 0.9990829229354858}, "25": {"x": 0.5347164273262024, "y": 0.7796227931976318, "z": 0.0004910743446089327, "vis": 0.9811297059059143}, "26": {"x": 0.5175923705101013, "y": 0.753788948059082, "z": 0.16693341732025146, "vis": 0.6833176016807556}, "27": {"x": 0.5427253246307373, "y": 0.8743736147880554, "z": 0.06737671047449112, "vis": 0.9858384728431702}, "28": {"x": 0.5353658199310303, "y": 0.8426027297973633, "z": 0.2899239659309387, "vis": 0.7778151631355286}, "29": {"x": 0.5484938025474548, "y": 0.887112557888031, "z": 0.07211463898420334, "vis": 0.9611141085624695}, "30": {"x": 0.5389078855514526, "y": 0.8493849635124207, "z": 0.3010511100292206, "vis": 0.7946138381958008}, "31": {"x": 0.523621141910553, "y": 0.8868316411972046, "z": 0.02045627497136593, "vis": 0.9844931364059448}, "32": {"x": 0.5160726308822632, "y": 0.8657570481300354, "z": 0.2845209240913391, "vis": 0.8885020017623901}}