{"0": {"x": 0.24317440390586853, "y": 0.3192594051361084, "z": 0.06922005861997604, "vis": 0.9982728958129883}, "1": {"x": 0.23639576137065887, "y": 0.29897961020469666, "z": 0.051264844834804535, "vis": 0.9988797307014465}, "2": {"x": 0.23194243013858795, "y": 0.2986099421977997, "z": 0.05117097869515419, "vis": 0.9986233711242676}, "3": {"x": 0.22699418663978577, "y": 0.29848355054855347, "z": 0.051049526780843735, "vis": 0.9989945292472839}, "4": {"x": 0.244071826338768, "y": 0.2998507618904114, "z": 0.046175479888916016, "vis": 0.998511016368866}, "5": {"x": 0.24522706866264343, "y": 0.3000127971172333, "z": 0.04625755921006203, "vis": 0.9979787468910217}, "6": {"x": 0.24619069695472717, "y": 0.3001508116722107, "z": 0.04619627445936203, "vis": 0.9984192848205566}, "7": {"x": 0.21677236258983612, "y": 0.3084454834461212, "z": -0.01621759682893753, "vis": 0.9993435740470886}, "8": {"x": 0.24068450927734375, "y": 0.3095252513885498, "z": -0.040174491703510284, "vis": 0.9990032315254211}, "9": {"x": 0.23505844175815582, "y": 0.33970364928245544, "z": 0.049879562109708786, "vis": 0.9983273148536682}, "10": {"x": 0.2431236356496811, "y": 0.3393513858318329, "z": 0.04310449957847595, "vis": 0.9982150793075562}, "11": {"x": 0.17837406694889069, "y": 0.4374496340751648, "z": -0.031107965856790543, "vis": 0.9993329644203186}, "12": {"x": 0.2572041153907776, "y": 0.4381696879863739, "z": -0.08058175444602966, "vis": 0.9994671940803528}, "13": {"x": 0.17829366028308868, "y": 0.5733292698860168, "z": 0.0009387459140270948, "vis": 0.4898175895214081}, "14": {"x": 0.26648446917533875, "y": 0.597281813621521, "z": -0.07212220877408981, "vis": 0.9412801861763}, "15": {"x": 0.19607877731323242, "y": 0.6725203990936279, "z": 0.054374177008867264, "vis": 0.06533322483301163}, "16": {"x": 0.27064013481140137, "y": 0.7408691048622131, "z": -0.020493948832154274, "vis": 0.8977375626564026}, "17": {"x": 0.2016499936580658, "y": 0.6929143071174622, "z": 0.06177586317062378, "vis": 0.05871065333485603}, "18": {"x": 0.2690901458263397, "y": 0.7780879735946655, "z": -0.017595509067177773, "vis": 0.8522710204124451}, "19": {"x": 0.20298536121845245, "y": 0.6864280700683594, "z": 0.05364026874303818, "vis": 0.05829312279820442}, "20": {"x": 0.26749497652053833, "y": 0.7792201638221741, "z": -0.009301837533712387, "vis": 0.8323956727981567}, "21": {"x": 0.20262600481510162, "y": 0.6810468435287476, "z": 0.052049148827791214, "vis": 0.06958752870559692}, "22": {"x": 0.2664387822151184, "y": 0.7678551077842712, "z": -0.016498371958732605, "vis": 0.7870476245880127}, "23": {"x": 0.18985357880592346, "y": 0.7019342184066772, "z": -0.008982716128230095, "vis": 0.9978570342063904}, "24": {"x": 0.23652417957782745, "y": 0.7038273215293884, "z": 0.009080394171178341, "vis": 0.9949216246604919}, "25": {"x": 0.17520630359649658, "y": 0.8794505596160889, "z": 0.032930340617895126, "vis": 0.6274986267089844}, "26": {"x": 0.2372227907180786, "y": 0.8869545459747314, "z": 0.08285818994045258, "vis": 0.24268773198127747}, "27": {"x": 0.19356094300746918, "y": 1.0544847249984741, "z": 0.11221808195114136, "vis": 0.2541346549987793}, "28": {"x": 0.23384054005146027, "y": 1.048183798789978, "z": 0.1608101725578308, "vis": 0.1743374913930893}, "29": {"x": 0.19748184084892273, "y": 1.0908842086791992, "z": 0.11883900314569473, "vis": 0.38880655169487}, "30": {"x": 0.2335704267024994, "y": 1.0801984071731567, "z": 0.16937139630317688, "vis": 0.22959576547145844}, "31": {"x": 0.19373060762882233, "y": 1.0645970106124878, "z": 0.11225710064172745, "vis": 0.17091727256774902}, "32": {"x": 0.23644788563251495, "y": 1.0662896633148193, "z": 0.1612711399793625, "vis": 0.11394286900758743}}