{"0": {"x": 0.06593839824199677, "y": 0.4502464234828949, "z": -0.0028049719985574484, "vis": 0.9998225569725037}, "1": {"x": 0.06818722933530807, "y": 0.4408617317676544, "z": -0.014269206672906876, "vis": 0.9998244643211365}, "2": {"x": 0.06885509192943573, "y": 0.44083869457244873, "z": -0.014293309301137924, "vis": 0.9998045563697815}, "3": {"x": 0.06956450641155243, "y": 0.44091787934303284, "z": -0.01429606880992651, "vis": 0.9998723268508911}, "4": {"x": 0.06801962107419968, "y": 0.44014471769332886, "z": 0.007493072189390659, "vis": 0.9998631477355957}, "5": {"x": 0.06856664270162582, "y": 0.43956053256988525, "z": 0.00749737024307251, "vis": 0.9998278617858887}, "6": {"x": 0.06922312080860138, "y": 0.4390619397163391, "z": 0.007456972263753414, "vis": 0.9998712539672852}, "7": {"x": 0.07721931487321854, "y": 0.44324085116386414, "z": -0.043413784354925156, "vis": 0.9998095631599426}, "8": {"x": 0.07782456278800964, "y": 0.44164273142814636, "z": 0.05206675827503204, "vis": 0.9997444748878479}, "9": {"x": 0.06965148448944092, "y": 0.4620761573314667, "z": -0.01222934853285551, "vis": 0.9998140931129456}, "10": {"x": 0.0694790929555893, "y": 0.46153032779693604, "z": 0.015612257644534111, "vis": 0.999701201915741}, "11": {"x": 0.08689655363559723, "y": 0.4933129847049713, "z": -0.10616938024759293, "vis": 0.9999704360961914}, "12": {"x": 0.09411729127168655, "y": 0.4945056438446045, "z": 0.12232668697834015, "vis": 0.9995512366294861}, "13": {"x": 0.0942470133304596, "y": 0.571492612361908, "z": -0.13653939962387085, "vis": 0.9897950291633606}, "14": {"x": 0.09773176163434982, "y": 0.5735616683959961, "z": 0.1451190710067749, "vis": 0.077735036611557}, "15": {"x": 0.07317492365837097, "y": 0.6225547790527344, "z": -0.11502698063850403, "vis": 0.9743022322654724}, "16": {"x": 0.07366234809160233, "y": 0.6343438625335693, "z": 0.09768549352884293, "vis": 0.12948772311210632}, "17": {"x": 0.06712193787097931, "y": 0.6393628716468811, "z": -0.134169802069664, "vis": 0.9539118409156799}, "18": {"x": 0.06771495938301086, "y": 0.6478750109672546, "z": 0.0991605892777443, "vis": 0.1353015899658203}, "19": {"x": 0.06206449493765831, "y": 0.6272181272506714, "z": -0.12886376678943634, "vis": 0.9487810730934143}, "20": {"x": 0.06502103060483932, "y": 0.6456097960472107, "z": 0.08002740144729614, "vis": 0.13824591040611267}, "21": {"x": 0.06390553712844849, "y": 0.6219116449356079, "z": -0.11144250631332397, "vis": 0.9075897336006165}, "22": {"x": 0.06713590770959854, "y": 0.6411027908325195, "z": 0.08770590275526047, "vis": 0.14683347940444946}, "23": {"x": 0.11259748041629791, "y": 0.6358439922332764, "z": -0.06784821301698685, "vis": 0.9987229704856873}, "24": {"x": 0.12289156764745712, "y": 0.6354666352272034, "z": 0.067884661257267, "vis": 0.9968994855880737}, "25": {"x": 0.08138620853424072, "y": 0.7491312026977539, "z": -0.07900424301624298, "vis": 0.9617898464202881}, "26": {"x": 0.10320567339658737, "y": 0.7460232973098755, "z": 0.08393754065036774, "vis": 0.4974197447299957}, "27": {"x": 0.08141352236270905, "y": 0.8836180567741394, "z": -0.07002902776002884, "vis": 0.9845341444015503}, "28": {"x": 0.12932094931602478, "y": 0.8575146198272705, "z": 0.10128100961446762, "vis": 0.7164162397384644}, "29": {"x": 0.08798989653587341, "y": 0.9020819664001465, "z": -0.07056406885385513, "vis": 0.9801794290542603}, "30": {"x": 0.14054158329963684, "y": 0.8737058043479919, "z": 0.10104003548622131, "vis": 0.7637997269630432}, "31": {"x": 0.04806938022375107, "y": 0.9003962874412537, "z": -0.1020970568060875, "vis": 0.9727500081062317}, "32": {"x": 0.10762851685285568, "y": 0.8823108673095703, "z": 0.0804666057229042, "vis": 0.7048494815826416}}