{"0": {"x": 0.1486435979604721, "y": 0.3247781991958618, "z": 0.3256617486476898, "vis": 0.9999903440475464}, "1": {"x": 0.14310669898986816, "y": 0.3132166564464569, "z": 0.3035682439804077, "vis": 0.9999926090240479}, "2": {"x": 0.13976848125457764, "y": 0.3132564425468445, "z": 0.3035990297794342, "vis": 0.9999935626983643}, "3": {"x": 0.13669198751449585, "y": 0.31348446011543274, "z": 0.3035614788532257, "vis": 0.9999942779541016}, "4": {"x": 0.1528598666191101, "y": 0.3124373257160187, "z": 0.3030877411365509, "vis": 0.9999929666519165}, "5": {"x": 0.15580561757087708, "y": 0.31195035576820374, "z": 0.3031291663646698, "vis": 0.9999936819076538}, "6": {"x": 0.15860849618911743, "y": 0.31163960695266724, "z": 0.30306991934776306, "vis": 0.9999948740005493}, "7": {"x": 0.13258370757102966, "y": 0.32276543974876404, "z": 0.21060249209403992, "vis": 0.9999932050704956}, "8": {"x": 0.1635684221982956, "y": 0.32045358419418335, "z": 0.20654886960983276, "vis": 0.9999911785125732}, "9": {"x": 0.14305269718170166, "y": 0.3364463448524475, "z": 0.2962210178375244, "vis": 0.9999486207962036}, "10": {"x": 0.15366527438163757, "y": 0.3365771472454071, "z": 0.2947565019130707, "vis": 0.999954104423523}, "11": {"x": 0.10356950014829636, "y": 0.4117555022239685, "z": 0.13882315158843994, "vis": 0.9998807907104492}, "12": {"x": 0.19389094412326813, "y": 0.4006671905517578, "z": 0.13211503624916077, "vis": 0.9999713897705078}, "13": {"x": 0.08751031756401062, "y": 0.5311945080757141, "z": 0.22412626445293427, "vis": 0.8420566320419312}, "14": {"x": 0.23657575249671936, "y": 0.4585689902305603, "z": 0.15449579060077667, "vis": 0.9990804195404053}, "15": {"x": 0.11758545786142349, "y": 0.5582307577133179, "z": 0.38783758878707886, "vis": 0.04759768396615982}, "16": {"x": 0.26947081089019775, "y": 0.47450879216194153, "z": 0.23567897081375122, "vis": 0.8933524489402771}, "17": {"x": 0.12039979547262192, "y": 0.5601544976234436, "z": 0.41055601835250854, "vis": 0.0390084944665432}, "18": {"x": 0.27845078706741333, "y": 0.4735240042209625, "z": 0.24505041539669037, "vis": 0.7794485688209534}, "19": {"x": 0.12720103561878204, "y": 0.5581102967262268, "z": 0.4055609405040741, "vis": 0.03550391271710396}, "20": {"x": 0.2729438543319702, "y": 0.46933653950691223, "z": 0.25730058550834656, "vis": 0.7633590698242188}, "21": {"x": 0.1257164180278778, "y": 0.5553454160690308, "z": 0.3909775912761688, "vis": 0.04077515751123428}, "22": {"x": 0.2691929042339325, "y": 0.4705941081047058, "z": 0.24381941556930542, "vis": 0.6951674818992615}, "23": {"x": 0.12952658534049988, "y": 0.6163197159767151, "z": -0.009350192733108997, "vis": 0.9993908405303955}, "24": {"x": 0.18390658497810364, "y": 0.615196704864502, "z": 0.009219883009791374, "vis": 0.9996533393859863}, "25": {"x": 0.09400925040245056, "y": 0.7456571459770203, "z": -0.017354752868413925, "vis": 0.9963913559913635}, "26": {"x": 0.21141400933265686, "y": 0.7518538236618042, "z": -0.0006997627206146717, "vis": 0.9898484349250793}, "27": {"x": 0.07396577298641205, "y": 0.9460625648498535, "z": -0.11202467978000641, "vis": 0.9866132140159607}, "28": {"x": 0.22471274435520172, "y": 0.9384356141090393, "z": -0.13496866822242737, "vis": 0.9822267293930054}, "29": {"x": 0.07669621706008911, "y": 0.976141631603241, "z": -0.12192769348621368, "vis": 0.9861288070678711}, "30": {"x": 0.2197585105895996, "y": 0.9717019200325012, "z": -0.1492236852645874, "vis": 0.9729321002960205}, "31": {"x": 0.06643731892108917, "y": 0.9472089409828186, "z": -0.1268768310546875, "vis": 0.9216155409812927}, "32": {"x": 0.24843865633010864, "y": 0.951863169670105, "z": -0.16051748394966125, "vis": 0.9036784172058105}}