{"0": {"x": 0.24679085612297058, "y": 0.3429698646068573, "z": 0.06729859113693237, "vis": 0.9995457530021667}, "1": {"x": 0.2409864068031311, "y": 0.32620593905448914, "z": 0.044177304953336716, "vis": 0.9997932314872742}, "2": {"x": 0.23671160638332367, "y": 0.32613566517829895, "z": 0.044121719896793365, "vis": 0.999737560749054}, "3": {"x": 0.23281902074813843, "y": 0.32637953758239746, "z": 0.04401244595646858, "vis": 0.9997815489768982}, "4": {"x": 0.2517138123512268, "y": 0.32701578736305237, "z": 0.039182692766189575, "vis": 0.9997314810752869}, "5": {"x": 0.25443530082702637, "y": 0.32754069566726685, "z": 0.03919710963964462, "vis": 0.9996340274810791}, "6": {"x": 0.25714758038520813, "y": 0.32819002866744995, "z": 0.03910726681351662, "vis": 0.9996949434280396}, "7": {"x": 0.226453959941864, "y": 0.3363138437271118, "z": -0.028214668855071068, "vis": 0.9997872710227966}, "8": {"x": 0.25794148445129395, "y": 0.3392697870731354, "z": -0.05238958075642586, "vis": 0.9998030066490173}, "9": {"x": 0.23953251540660858, "y": 0.3600878417491913, "z": 0.04822872579097748, "vis": 0.999579131603241}, "10": {"x": 0.25028523802757263, "y": 0.3606504201889038, "z": 0.04135717451572418, "vis": 0.9995637536048889}, "11": {"x": 0.1811213344335556, "y": 0.45631733536720276, "z": -0.05771719664335251, "vis": 0.9997425675392151}, "12": {"x": 0.2783537805080414, "y": 0.45253902673721313, "z": -0.0777246356010437, "vis": 0.9996365308761597}, "13": {"x": 0.1561645269393921, "y": 0.5959945917129517, "z": -0.002119629643857479, "vis": 0.8667876720428467}, "14": {"x": 0.30152925848960876, "y": 0.5965759754180908, "z": -0.0017047363799065351, "vis": 0.9202944040298462}, "15": {"x": 0.18634724617004395, "y": 0.6335975527763367, "z": 0.11756760627031326, "vis": 0.08123957365751266}, "16": {"x": 0.28527361154556274, "y": 0.6235702037811279, "z": 0.14746855199337006, "vis": 0.26333004236221313}, "17": {"x": 0.1899595856666565, "y": 0.6492190957069397, "z": 0.13355597853660583, "vis": 0.06358760595321655}, "18": {"x": 0.27799153327941895, "y": 0.6391184329986572, "z": 0.16631951928138733, "vis": 0.22546663880348206}, "19": {"x": 0.2031414955854416, "y": 0.6369391083717346, "z": 0.13178829848766327, "vis": 0.06222650036215782}, "20": {"x": 0.27652761340141296, "y": 0.625518262386322, "z": 0.1719413846731186, "vis": 0.22839140892028809}, "21": {"x": 0.20070545375347137, "y": 0.6321691870689392, "z": 0.1201658695936203, "vis": 0.0668078064918518}, "22": {"x": 0.2755146324634552, "y": 0.6223450899124146, "z": 0.15364958345890045, "vis": 0.22673626244068146}, "23": {"x": 0.1996307075023651, "y": 0.7186586856842041, "z": -0.010188091546297073, "vis": 0.9995067119598389}, "24": {"x": 0.2518754303455353, "y": 0.7150444984436035, "z": 0.00997739378362894, "vis": 0.998528003692627}, "25": {"x": 0.19023820757865906, "y": 0.8732372522354126, "z": 0.10926924645900726, "vis": 0.9413195848464966}, "26": {"x": 0.27649402618408203, "y": 0.855911374092102, "z": 0.15697075426578522, "vis": 0.5920833349227905}, "27": {"x": 0.1995578557252884, "y": 1.0146757364273071, "z": 0.199018657207489, "vis": 0.7589361667633057}, "28": {"x": 0.2918653190135956, "y": 0.9747916460037231, "z": 0.28008201718330383, "vis": 0.2869519889354706}, "29": {"x": 0.20294122397899628, "y": 1.066444754600525, "z": 0.21058283746242523, "vis": 0.7975158095359802}, "30": {"x": 0.29277557134628296, "y": 0.9908130764961243, "z": 0.29630225896835327, "vis": 0.41746190190315247}, "31": {"x": 0.18797938525676727, "y": 1.0183701515197754, "z": 0.23226112127304077, "vis": 0.44592350721359253}, "32": {"x": 0.293829083442688, "y": 0.960634708404541, "z": 0.33609911799430847, "vis": 0.19753041863441467}}