{"0": {"x": 0.271929532289505, "y": 0.5718485116958618, "z": 0.1256684809923172, "vis": 0.9996311664581299}, "1": {"x": 0.2683473825454712, "y": 0.5578442811965942, "z": 0.09814560413360596, "vis": 0.9997777342796326}, "2": {"x": 0.2650704085826874, "y": 0.5573402047157288, "z": 0.09818164259195328, "vis": 0.9997348189353943}, "3": {"x": 0.2618691623210907, "y": 0.5569468140602112, "z": 0.09813166409730911, "vis": 0.9997544884681702}, "4": {"x": 0.2785506844520569, "y": 0.5598204135894775, "z": 0.10405246913433075, "vis": 0.9998148083686829}, "5": {"x": 0.2822054922580719, "y": 0.5606712102890015, "z": 0.10401768237352371, "vis": 0.9998071789741516}, "6": {"x": 0.2860742211341858, "y": 0.5614739656448364, "z": 0.10389156639575958, "vis": 0.999817430973053}, "7": {"x": 0.25700125098228455, "y": 0.565462589263916, "z": -0.004987306892871857, "vis": 0.9997889399528503}, "8": {"x": 0.291084885597229, "y": 0.5697101354598999, "z": 0.022483574226498604, "vis": 0.999776303768158}, "9": {"x": 0.26721373200416565, "y": 0.5829447507858276, "z": 0.09327444434165955, "vis": 0.9983460903167725}, "10": {"x": 0.27739229798316956, "y": 0.5869344472885132, "z": 0.10134086012840271, "vis": 0.9984350800514221}, "11": {"x": 0.2277517020702362, "y": 0.6607398986816406, "z": -0.012357787229120731, "vis": 0.9991410970687866}, "12": {"x": 0.30558761954307556, "y": 0.6733807921409607, "z": 0.0055902679450809956, "vis": 0.9990676045417786}, "13": {"x": 0.25140249729156494, "y": 0.6962476968765259, "z": 0.07427028566598892, "vis": 0.08421897143125534}, "14": {"x": 0.2974090278148651, "y": 0.7490695118904114, "z": 0.11255554109811783, "vis": 0.015754254534840584}, "15": {"x": 0.27253010869026184, "y": 0.6199359893798828, "z": 0.23274096846580505, "vis": 0.09740037471055984}, "16": {"x": 0.2812654674053192, "y": 0.6998395323753357, "z": 0.2935441732406616, "vis": 0.006817975081503391}, "17": {"x": 0.2726720869541168, "y": 0.6040276288986206, "z": 0.261828750371933, "vis": 0.1256943941116333}, "18": {"x": 0.2811422646045685, "y": 0.690859317779541, "z": 0.3322717547416687, "vis": 0.013054371811449528}, "19": {"x": 0.27876684069633484, "y": 0.5922370553016663, "z": 0.27117401361465454, "vis": 0.1228514239192009}, "20": {"x": 0.2753821611404419, "y": 0.6828312277793884, "z": 0.33462995290756226, "vis": 0.01222227979451418}, "21": {"x": 0.2813979685306549, "y": 0.5996335744857788, "z": 0.24262180924415588, "vis": 0.0939379334449768}, "22": {"x": 0.2731858491897583, "y": 0.6852970123291016, "z": 0.3006274104118347, "vis": 0.012717989273369312}, "23": {"x": 0.218916654586792, "y": 0.889342725276947, "z": 0.0034049046225845814, "vis": 0.9999648332595825}, "24": {"x": 0.2762698531150818, "y": 0.8958587646484375, "z": -0.00437820004299283, "vis": 0.9999529123306274}, "25": {"x": 0.20389609038829803, "y": 0.857205331325531, "z": 0.253805011510849, "vis": 0.5314134955406189}, "26": {"x": 0.34398776292800903, "y": 0.8419932126998901, "z": 0.23119813203811646, "vis": 0.42854058742523193}, "27": {"x": 0.2141231894493103, "y": 0.9723228812217712, "z": 0.19431006908416748, "vis": 0.6321534514427185}, "28": {"x": 0.2923078238964081, "y": 0.9733203649520874, "z": 0.18255184590816498, "vis": 0.5830613374710083}, "29": {"x": 0.21650570631027222, "y": 0.9806144833564758, "z": 0.19358471035957336, "vis": 0.6880062222480774}, "30": {"x": 0.28655654191970825, "y": 0.9794677495956421, "z": 0.18318846821784973, "vis": 0.611516535282135}, "31": {"x": 0.217074915766716, "y": 0.9923175573348999, "z": 0.2350621074438095, "vis": 0.5820179581642151}, "32": {"x": 0.2808445990085602, "y": 1.0234464406967163, "z": 0.24079160392284393, "vis": 0.5204975605010986}}