{"0": {"x": 0.3053252398967743, "y": 0.4922676682472229, "z": -0.07049030810594559, "vis": 0.9997797608375549}, "1": {"x": 0.3026719093322754, "y": 0.47525861859321594, "z": -0.05542652681469917, "vis": 0.9998292922973633}, "2": {"x": 0.3030286133289337, "y": 0.47505414485931396, "z": -0.05549197643995285, "vis": 0.9997616410255432}, "3": {"x": 0.30339959263801575, "y": 0.47481846809387207, "z": -0.05554606765508652, "vis": 0.9998378753662109}, "4": {"x": 0.2984001040458679, "y": 0.475578248500824, "z": -0.07729393988847733, "vis": 0.9999099969863892}, "5": {"x": 0.29535067081451416, "y": 0.4757588505744934, "z": -0.07736902683973312, "vis": 0.9998838901519775}, "6": {"x": 0.29188594222068787, "y": 0.47621580958366394, "z": -0.07740046828985214, "vis": 0.9999244213104248}, "7": {"x": 0.29389894008636475, "y": 0.4804571568965912, "z": 0.01564004458487034, "vis": 0.999721348285675}, "8": {"x": 0.27914905548095703, "y": 0.4849497377872467, "z": -0.07904014736413956, "vis": 0.9999314546585083}, "9": {"x": 0.3036344647407532, "y": 0.5092280507087708, "z": -0.04217982664704323, "vis": 0.9995808005332947}, "10": {"x": 0.2990752160549164, "y": 0.5091769695281982, "z": -0.06921269744634628, "vis": 0.9999054670333862}, "11": {"x": 0.2788005769252777, "y": 0.5683035254478455, "z": 0.1117049902677536, "vis": 0.9991846680641174}, "12": {"x": 0.2643539309501648, "y": 0.5765981674194336, "z": -0.14091241359710693, "vis": 0.9999265670776367}, "13": {"x": 0.2591917812824249, "y": 0.6848441958427429, "z": 0.12469743937253952, "vis": 0.03545621410012245}, "14": {"x": 0.2497287094593048, "y": 0.703885018825531, "z": -0.1470191776752472, "vis": 0.9726029634475708}, "15": {"x": 0.2723122835159302, "y": 0.7475425601005554, "z": 0.038090601563453674, "vis": 0.04458056390285492}, "16": {"x": 0.29940301179885864, "y": 0.7588602304458618, "z": -0.08508549630641937, "vis": 0.8232216238975525}, "17": {"x": 0.2824245095252991, "y": 0.775325357913971, "z": 0.024507923051714897, "vis": 0.0696628987789154}, "18": {"x": 0.31060025095939636, "y": 0.770004391670227, "z": -0.09596207737922668, "vis": 0.7719436883926392}, "19": {"x": 0.2860706150531769, "y": 0.7712904214859009, "z": 0.01082539837807417, "vis": 0.06885668635368347}, "20": {"x": 0.3150140345096588, "y": 0.7541131973266602, "z": -0.09288987517356873, "vis": 0.7710651755332947}, "21": {"x": 0.2808401584625244, "y": 0.7633511424064636, "z": 0.02711256965994835, "vis": 0.07286560535430908}, "22": {"x": 0.30966511368751526, "y": 0.7484694719314575, "z": -0.08005651831626892, "vis": 0.7539234161376953}, "23": {"x": 0.24272418022155762, "y": 0.7929553985595703, "z": 0.08241685479879379, "vis": 0.9998393058776855}, "24": {"x": 0.23904074728488922, "y": 0.7963858246803284, "z": -0.08235911279916763, "vis": 0.9998985528945923}, "25": {"x": 0.26130738854408264, "y": 0.9569392204284668, "z": 0.027229679748415947, "vis": 0.9320766925811768}, "26": {"x": 0.3241144120693207, "y": 0.7953909635543823, "z": -0.10564456135034561, "vis": 0.9720748066902161}, "27": {"x": 0.1763782501220703, "y": 0.9364112615585327, "z": 0.09084337949752808, "vis": 0.8509601950645447}, "28": {"x": 0.3218083083629608, "y": 0.9597449898719788, "z": -0.025494884699583054, "vis": 0.9594446420669556}, "29": {"x": 0.16235285997390747, "y": 0.9096473455429077, "z": 0.09953577816486359, "vis": 0.8521950244903564}, "30": {"x": 0.30756840109825134, "y": 0.9790564179420471, "z": -0.015618552453815937, "vis": 0.9226189851760864}, "31": {"x": 0.1582929641008377, "y": 0.9768037796020508, "z": 0.09607478231191635, "vis": 0.8426586389541626}, "32": {"x": 0.36105480790138245, "y": 0.9818919897079468, "z": -0.028781719505786896, "vis": 0.9471660256385803}}