{"0": {"x": 0.2526055574417114, "y": 0.31500551104545593, "z": 0.10985156148672104, "vis": 0.9984299540519714}, "1": {"x": 0.24744516611099243, "y": 0.3013593852519989, "z": 0.08981752395629883, "vis": 0.9992220401763916}, "2": {"x": 0.2437163144350052, "y": 0.30135244131088257, "z": 0.08981131762266159, "vis": 0.9990239143371582}, "3": {"x": 0.24043652415275574, "y": 0.30178219079971313, "z": 0.089757040143013, "vis": 0.9991980195045471}, "4": {"x": 0.25827115774154663, "y": 0.30177605152130127, "z": 0.08486282825469971, "vis": 0.999017596244812}, "5": {"x": 0.26120811700820923, "y": 0.30182576179504395, "z": 0.08487427979707718, "vis": 0.9987266659736633}, "6": {"x": 0.2639898657798767, "y": 0.30207663774490356, "z": 0.08476758003234863, "vis": 0.9989690780639648}, "7": {"x": 0.23539292812347412, "y": 0.31183868646621704, "z": 0.018181387335062027, "vis": 0.9988564252853394}, "8": {"x": 0.266496866941452, "y": 0.3109899163246155, "z": -0.005293184891343117, "vis": 0.9991150498390198}, "9": {"x": 0.24633577466011047, "y": 0.3286513686180115, "z": 0.08957257866859436, "vis": 0.9982179999351501}, "10": {"x": 0.25738415122032166, "y": 0.32984164357185364, "z": 0.08288978040218353, "vis": 0.9984477758407593}, "11": {"x": 0.19771938025951385, "y": 0.4160231053829193, "z": -0.003761979751288891, "vis": 0.9989147186279297}, "12": {"x": 0.286835640668869, "y": 0.41391465067863464, "z": -0.05650723725557327, "vis": 0.9991942048072815}, "13": {"x": 0.18625247478485107, "y": 0.5501607060432434, "z": 0.016012117266654968, "vis": 0.4718967378139496}, "14": {"x": 0.2832956314086914, "y": 0.5422269701957703, "z": -0.012796727009117603, "vis": 0.8072618246078491}, "15": {"x": 0.21861810982227325, "y": 0.5968182682991028, "z": 0.06793809682130814, "vis": 0.016525402665138245}, "16": {"x": 0.27139291167259216, "y": 0.6216298341751099, "z": 0.09883396327495575, "vis": 0.05476897582411766}, "17": {"x": 0.22343659400939941, "y": 0.6275319457054138, "z": 0.07404670119285583, "vis": 0.014447282068431377}, "18": {"x": 0.2688097655773163, "y": 0.6412254571914673, "z": 0.11678207665681839, "vis": 0.043661344796419144}, "19": {"x": 0.2305641621351242, "y": 0.6240976452827454, "z": 0.07537925243377686, "vis": 0.013684534467756748}, "20": {"x": 0.2661481201648712, "y": 0.6333611607551575, "z": 0.11668328195810318, "vis": 0.04173755273222923}, "21": {"x": 0.22873729467391968, "y": 0.6167394518852234, "z": 0.068857342004776, "vis": 0.015520723536610603}, "22": {"x": 0.2655012905597687, "y": 0.6250343918800354, "z": 0.10247284173965454, "vis": 0.04365498200058937}, "23": {"x": 0.21580342948436737, "y": 0.6470409035682678, "z": 0.016584772616624832, "vis": 0.9979070425033569}, "24": {"x": 0.26469647884368896, "y": 0.6395085453987122, "z": -0.016707323491573334, "vis": 0.9967784285545349}, "25": {"x": 0.21479415893554688, "y": 0.8174413442611694, "z": 0.06329692155122757, "vis": 0.8691884279251099}, "26": {"x": 0.2936067283153534, "y": 0.7985142469406128, "z": 0.06228404864668846, "vis": 0.6993915438652039}, "27": {"x": 0.21799395978450775, "y": 0.966089129447937, "z": 0.1014033854007721, "vis": 0.6740494966506958}, "28": {"x": 0.2851395905017853, "y": 0.9546447992324829, "z": 0.1132936179637909, "vis": 0.4901683032512665}, "29": {"x": 0.21354225277900696, "y": 1.0025110244750977, "z": 0.10502390563488007, "vis": 0.7049856185913086}, "30": {"x": 0.2826337516307831, "y": 0.9825023412704468, "z": 0.1197073683142662, "vis": 0.5289902687072754}, "31": {"x": 0.21868199110031128, "y": 0.9657391905784607, "z": 0.09811092913150787, "vis": 0.2748681306838989}, "32": {"x": 0.29044169187545776, "y": 0.9591814279556274, "z": 0.12047390639781952, "vis": 0.20418433845043182}}