{"0": {"x": 0.7547426223754883, "y": 0.629371702671051, "z": 0.0643964558839798, "vis": 0.9998871088027954}, "1": {"x": 0.7558588981628418, "y": 0.6135276556015015, "z": 0.05159926414489746, "vis": 0.9999418258666992}, "2": {"x": 0.7565380930900574, "y": 0.613182544708252, "z": 0.051614195108413696, "vis": 0.9999325275421143}, "3": {"x": 0.7572594285011292, "y": 0.6127888560295105, "z": 0.051613252609968185, "vis": 0.9999336004257202}, "4": {"x": 0.7563798427581787, "y": 0.6125955581665039, "z": 0.0691041424870491, "vis": 0.9999315738677979}, "5": {"x": 0.7574009299278259, "y": 0.6115524768829346, "z": 0.06908873468637466, "vis": 0.9999244213104248}, "6": {"x": 0.7585241198539734, "y": 0.610378086566925, "z": 0.06902948021888733, "vis": 0.9999552965164185}, "7": {"x": 0.7663310766220093, "y": 0.612579882144928, "z": 0.014759947545826435, "vis": 0.9998735189437866}, "8": {"x": 0.7677046060562134, "y": 0.6090473532676697, "z": 0.09032201766967773, "vis": 0.9999697208404541}, "9": {"x": 0.7591699957847595, "y": 0.6412363052368164, "z": 0.05252119526267052, "vis": 0.9997946619987488}, "10": {"x": 0.7595769762992859, "y": 0.640533447265625, "z": 0.07483407855033875, "vis": 0.9997971653938293}, "11": {"x": 0.7815058827400208, "y": 0.6586893200874329, "z": -0.031161123886704445, "vis": 0.999762237071991}, "12": {"x": 0.7992135882377625, "y": 0.6514298915863037, "z": 0.14360959827899933, "vis": 0.9996621608734131}, "13": {"x": 0.817852258682251, "y": 0.7248885631561279, "z": -0.11302614212036133, "vis": 0.8450049757957458}, "14": {"x": 0.7845439314842224, "y": 0.7492862343788147, "z": 0.15458960831165314, "vis": 0.5103623867034912}, "15": {"x": 0.8069121837615967, "y": 0.75581294298172, "z": -0.1670692265033722, "vis": 0.8963923454284668}, "16": {"x": 0.7348743081092834, "y": 0.7283624410629272, "z": 0.13179297745227814, "vis": 0.9039655923843384}, "17": {"x": 0.8042730689048767, "y": 0.7668451070785522, "z": -0.17745545506477356, "vis": 0.8367403149604797}, "18": {"x": 0.7238122224807739, "y": 0.712419867515564, "z": 0.14025893807411194, "vis": 0.8556634783744812}, "19": {"x": 0.8016078472137451, "y": 0.7622102499008179, "z": -0.17358951270580292, "vis": 0.8327812552452087}, "20": {"x": 0.724361002445221, "y": 0.7054457664489746, "z": 0.14160272479057312, "vis": 0.8470107316970825}, "21": {"x": 0.8017171025276184, "y": 0.7579939961433411, "z": -0.16471904516220093, "vis": 0.7932292819023132}, "22": {"x": 0.7282086610794067, "y": 0.7091862559318542, "z": 0.13239973783493042, "vis": 0.8308095932006836}, "23": {"x": 0.8305568695068359, "y": 0.8445272445678711, "z": -0.0528063029050827, "vis": 0.9980206489562988}, "24": {"x": 0.8562340140342712, "y": 0.8381052613258362, "z": 0.05256672948598862, "vis": 0.9995678067207336}, "25": {"x": 0.7654916048049927, "y": 0.9370772242546082, "z": -0.011166484095156193, "vis": 0.9333176016807556}, "26": {"x": 0.883506178855896, "y": 0.97520512342453, "z": 0.08105473220348358, "vis": 0.7870035767555237}, "27": {"x": 0.7950427532196045, "y": 1.055769443511963, "z": -0.033863723278045654, "vis": 0.6529039740562439}, "28": {"x": 0.922215461730957, "y": 1.0538935661315918, "z": -0.03045971691608429, "vis": 0.5686870813369751}, "29": {"x": 0.806904137134552, "y": 1.0630024671554565, "z": -0.03353429213166237, "vis": 0.6942219734191895}, "30": {"x": 0.9324828386306763, "y": 1.0642600059509277, "z": -0.04139065742492676, "vis": 0.5812172889709473}, "31": {"x": 0.7796764373779297, "y": 1.0925427675247192, "z": -0.010245087556540966, "vis": 0.5076372623443604}, "32": {"x": 0.9215087294578552, "y": 1.0818369388580322, "z": -0.05157922953367233, "vis": 0.38651585578918457}}