{"0": {"x": 0.20941084623336792, "y": 0.30724066495895386, "z": 0.0415908508002758, "vis": 0.9991223216056824}, "1": {"x": 0.201058492064476, "y": 0.2897765040397644, "z": 0.01718772202730179, "vis": 0.9992423057556152}, "2": {"x": 0.19639691710472107, "y": 0.2900731563568115, "z": 0.017132820561528206, "vis": 0.99905925989151}, "3": {"x": 0.19211705029010773, "y": 0.29080039262771606, "z": 0.017017094418406487, "vis": 0.9992303848266602}, "4": {"x": 0.21297304332256317, "y": 0.29007992148399353, "z": 0.017275666818022728, "vis": 0.9991029500961304}, "5": {"x": 0.21576711535453796, "y": 0.2901926636695862, "z": 0.017308836802840233, "vis": 0.9987542629241943}, "6": {"x": 0.21827192604541779, "y": 0.2903050482273102, "z": 0.01720360666513443, "vis": 0.9988470077514648}, "7": {"x": 0.18535199761390686, "y": 0.30212634801864624, "z": -0.07059462368488312, "vis": 0.9995162487030029}, "8": {"x": 0.21947942674160004, "y": 0.30065006017684937, "z": -0.07109764963388443, "vis": 0.999202311038971}, "9": {"x": 0.20215976238250732, "y": 0.3270339369773865, "z": 0.01559928897768259, "vis": 0.999079704284668}, "10": {"x": 0.21428194642066956, "y": 0.32614150643348694, "z": 0.015742581337690353, "vis": 0.9990099668502808}, "11": {"x": 0.15238340198993683, "y": 0.44530466198921204, "z": -0.10563527047634125, "vis": 0.9994800686836243}, "12": {"x": 0.2533985376358032, "y": 0.430753231048584, "z": -0.09915842860937119, "vis": 0.9994356036186218}, "13": {"x": 0.14039386808872223, "y": 0.6038159132003784, "z": -0.09923562407493591, "vis": 0.9263701438903809}, "14": {"x": 0.26578038930892944, "y": 0.5932837724685669, "z": -0.08834122121334076, "vis": 0.971930742263794}, "15": {"x": 0.13182209432125092, "y": 0.7491075992584229, "z": -0.04590897634625435, "vis": 0.5773470401763916}, "16": {"x": 0.272606760263443, "y": 0.7346101999282837, "z": -0.03570616617798805, "vis": 0.9349898099899292}, "17": {"x": 0.12783585488796234, "y": 0.784050703048706, "z": -0.047081418335437775, "vis": 0.4185541868209839}, "18": {"x": 0.2750420570373535, "y": 0.775509238243103, "z": -0.03244154900312424, "vis": 0.8853499293327332}, "19": {"x": 0.13246378302574158, "y": 0.7860091924667358, "z": -0.04840046912431717, "vis": 0.4052465260028839}, "20": {"x": 0.27063047885894775, "y": 0.7732145190238953, "z": -0.033241912722587585, "vis": 0.873948335647583}, "21": {"x": 0.13616321980953217, "y": 0.7714623808860779, "z": -0.04589052125811577, "vis": 0.3944891393184662}, "22": {"x": 0.26817768812179565, "y": 0.7612144351005554, "z": -0.03574272617697716, "vis": 0.8339493274688721}, "23": {"x": 0.1701459139585495, "y": 0.70028156042099, "z": -0.015196925960481167, "vis": 0.9983394145965576}, "24": {"x": 0.2278757393360138, "y": 0.7032456994056702, "z": 0.015127436257898808, "vis": 0.9959386587142944}, "25": {"x": 0.17177261412143707, "y": 0.8835246562957764, "z": 0.05226617678999901, "vis": 0.5860815644264221}, "26": {"x": 0.21744491159915924, "y": 0.8968493342399597, "z": 0.11335436254739761, "vis": 0.41641291975975037}, "27": {"x": 0.16902467608451843, "y": 1.0617172718048096, "z": 0.1599881798028946, "vis": 0.3732345998287201}, "28": {"x": 0.21395142376422882, "y": 1.0713502168655396, "z": 0.19805502891540527, "vis": 0.2483607828617096}, "29": {"x": 0.170852929353714, "y": 1.1025495529174805, "z": 0.16891558468341827, "vis": 0.5094798803329468}, "30": {"x": 0.21183548867702484, "y": 1.1070810556411743, "z": 0.2071133702993393, "vis": 0.40590155124664307}, "31": {"x": 0.16317680478096008, "y": 1.0599770545959473, "z": 0.15698371827602386, "vis": 0.27477580308914185}, "32": {"x": 0.21683526039123535, "y": 1.0812705755233765, "z": 0.19114556908607483, "vis": 0.1449616253376007}}