{"0": {"x": 0.29426267743110657, "y": 0.9497721195220947, "z": -0.06479059904813766, "vis": 0.9818904399871826}, "1": {"x": 0.29403331875801086, "y": 0.9636285901069641, "z": -0.08956978470087051, "vis": 0.9882646799087524}, "2": {"x": 0.2944810688495636, "y": 0.9635714292526245, "z": -0.08960995823144913, "vis": 0.9888285994529724}, "3": {"x": 0.2949405312538147, "y": 0.9634392261505127, "z": -0.08968645334243774, "vis": 0.991400420665741}, "4": {"x": 0.2911751866340637, "y": 0.9638341665267944, "z": -0.08079292625188828, "vis": 0.9803180694580078}, "5": {"x": 0.29010069370269775, "y": 0.9639518857002258, "z": -0.08080657571554184, "vis": 0.9725324511528015}, "6": {"x": 0.2889415919780731, "y": 0.9640721678733826, "z": -0.08090848475694656, "vis": 0.9760869145393372}, "7": {"x": 0.2936064302921295, "y": 0.9553633332252502, "z": -0.14747850596904755, "vis": 0.9809081554412842}, "8": {"x": 0.28403961658477783, "y": 0.9559216499328613, "z": -0.10839308053255081, "vis": 0.9740580916404724}, "9": {"x": 0.29423582553863525, "y": 0.9364990592002869, "z": -0.0767689198255539, "vis": 0.9666938781738281}, "10": {"x": 0.29253482818603516, "y": 0.9366238117218018, "z": -0.06559501588344574, "vis": 0.9642861485481262}, "11": {"x": 0.31427451968193054, "y": 0.9004638195037842, "z": -0.1683645099401474, "vis": 0.9996387958526611}, "12": {"x": 0.25178611278533936, "y": 0.8974786400794983, "z": -0.05706420913338661, "vis": 0.9969226717948914}, "13": {"x": 0.36903509497642517, "y": 0.8449002504348755, "z": -0.15013496577739716, "vis": 0.8535677790641785}, "14": {"x": 0.254813551902771, "y": 0.8500857353210449, "z": 0.0881788581609726, "vis": 0.20453965663909912}, "15": {"x": 0.3453688621520996, "y": 0.9574814438819885, "z": -0.1377754956483841, "vis": 0.8449086546897888}, "16": {"x": 0.2556964159011841, "y": 0.9550425410270691, "z": 0.21507029235363007, "vis": 0.2365759313106537}, "17": {"x": 0.3455459475517273, "y": 0.9759200811386108, "z": -0.15536311268806458, "vis": 0.8588865995407104}, "18": {"x": 0.24975183606147766, "y": 0.9675504565238953, "z": 0.22576874494552612, "vis": 0.2981417179107666}, "19": {"x": 0.33261311054229736, "y": 0.9818969368934631, "z": -0.16291287541389465, "vis": 0.8663894534111023}, "20": {"x": 0.26060056686401367, "y": 0.9756467938423157, "z": 0.2211495190858841, "vis": 0.29664716124534607}, "21": {"x": 0.3291739821434021, "y": 0.9744361639022827, "z": -0.1405852884054184, "vis": 0.8265041708946228}, "22": {"x": 0.26454249024391174, "y": 0.9654868245124817, "z": 0.21642084419727325, "vis": 0.2754608690738678}, "23": {"x": 0.3043215274810791, "y": 0.6916757225990295, "z": -0.045053377747535706, "vis": 0.9996258020401001}, "24": {"x": 0.27857115864753723, "y": 0.6937742233276367, "z": 0.045010775327682495, "vis": 0.9990711212158203}, "25": {"x": 0.32648736238479614, "y": 0.6682308912277222, "z": 0.13579823076725006, "vis": 0.3462723195552826}, "26": {"x": 0.30257484316825867, "y": 0.6647723913192749, "z": 0.2468506395816803, "vis": 0.04521770402789116}, "27": {"x": 0.31235983967781067, "y": 0.6144942045211792, "z": 0.3289037048816681, "vis": 0.23649059236049652}, "28": {"x": 0.3015284538269043, "y": 0.6144590973854065, "z": 0.41841915249824524, "vis": 0.09832950681447983}, "29": {"x": 0.3038690388202667, "y": 0.5989311337471008, "z": 0.353793203830719, "vis": 0.45507073402404785}, "30": {"x": 0.30638715624809265, "y": 0.5884228944778442, "z": 0.43869563937187195, "vis": 0.21134735643863678}, "31": {"x": 0.32316628098487854, "y": 0.6230714321136475, "z": 0.380532830953598, "vis": 0.21819190680980682}, "32": {"x": 0.3237972855567932, "y": 0.6032199859619141, "z": 0.45441657304763794, "vis": 0.0915362685918808}}