{"0": {"x": 0.05703559145331383, "y": 0.4454692602157593, "z": 0.0198612492531538, "vis": 0.9995902180671692}, "1": {"x": 0.05818811058998108, "y": 0.4343276023864746, "z": 0.0052229268476367, "vis": 0.9995680451393127}, "2": {"x": 0.0587926022708416, "y": 0.43412715196609497, "z": 0.005206382367759943, "vis": 0.999524712562561}, "3": {"x": 0.05941784754395485, "y": 0.43395185470581055, "z": 0.0052094231359660625, "vis": 0.9996522665023804}, "4": {"x": 0.05836476385593414, "y": 0.4335620403289795, "z": 0.027026819065213203, "vis": 0.9996216297149658}, "5": {"x": 0.059093017131090164, "y": 0.43281885981559753, "z": 0.0270365122705698, "vis": 0.9995794892311096}, "6": {"x": 0.05991233512759209, "y": 0.43198490142822266, "z": 0.026995642110705376, "vis": 0.9996688365936279}, "7": {"x": 0.06705831736326218, "y": 0.435982346534729, "z": -0.037782374769449234, "vis": 0.9995162487030029}, "8": {"x": 0.06937682628631592, "y": 0.43301159143447876, "z": 0.05876358225941658, "vis": 0.9992601275444031}, "9": {"x": 0.06150336563587189, "y": 0.4552820324897766, "z": 0.005895713809877634, "vis": 0.9994315505027771}, "10": {"x": 0.061614591628313065, "y": 0.45473891496658325, "z": 0.03398287668824196, "vis": 0.9992648959159851}, "11": {"x": 0.0767732784152031, "y": 0.48489469289779663, "z": -0.10153094679117203, "vis": 0.999961256980896}, "12": {"x": 0.09299275279045105, "y": 0.48459315299987793, "z": 0.11915239691734314, "vis": 0.9992907047271729}, "13": {"x": 0.08157238364219666, "y": 0.5680495500564575, "z": -0.12772874534130096, "vis": 0.9887328147888184}, "14": {"x": 0.09823142737150192, "y": 0.5703132748603821, "z": 0.14472436904907227, "vis": 0.05103659629821777}, "15": {"x": 0.061125729233026505, "y": 0.613264262676239, "z": -0.09486895799636841, "vis": 0.9769894480705261}, "16": {"x": 0.08362868428230286, "y": 0.6271953582763672, "z": 0.1100170835852623, "vis": 0.11084204167127609}, "17": {"x": 0.05166478082537651, "y": 0.6265876889228821, "z": -0.11267457902431488, "vis": 0.9569277763366699}, "18": {"x": 0.07464995235204697, "y": 0.6325830817222595, "z": 0.11542557179927826, "vis": 0.12374850362539291}, "19": {"x": 0.048952557146549225, "y": 0.6179024577140808, "z": -0.10387606173753738, "vis": 0.9514623880386353}, "20": {"x": 0.07078449428081512, "y": 0.6310440897941589, "z": 0.09486779570579529, "vis": 0.12394515424966812}, "21": {"x": 0.052064765244722366, "y": 0.6133499145507812, "z": -0.08989131450653076, "vis": 0.9152205586433411}, "22": {"x": 0.0717587023973465, "y": 0.6278882622718811, "z": 0.10035178810358047, "vis": 0.12983576953411102}, "23": {"x": 0.09831982851028442, "y": 0.6319662928581238, "z": -0.06281310319900513, "vis": 0.9982030391693115}, "24": {"x": 0.11329621076583862, "y": 0.6285622715950012, "z": 0.06283444911241531, "vis": 0.9957388639450073}, "25": {"x": 0.09075745195150375, "y": 0.7495572566986084, "z": -0.05298003554344177, "vis": 0.9479460716247559}, "26": {"x": 0.10494306683540344, "y": 0.7434117794036865, "z": 0.08185850083827972, "vis": 0.47111332416534424}, "27": {"x": 0.07802356779575348, "y": 0.8766312599182129, "z": -0.03283591568470001, "vis": 0.9595655202865601}, "28": {"x": 0.10022404789924622, "y": 0.8577352166175842, "z": 0.09768379479646683, "vis": 0.6947327852249146}, "29": {"x": 0.0826585590839386, "y": 0.894334077835083, "z": -0.03294126316905022, "vis": 0.9439311027526855}, "30": {"x": 0.10579267144203186, "y": 0.8784034848213196, "z": 0.09772136062383652, "vis": 0.7575628161430359}, "31": {"x": 0.05187929421663284, "y": 0.8955568075180054, "z": -0.06335311383008957, "vis": 0.9282834529876709}, "32": {"x": 0.08916885405778885, "y": 0.8791555166244507, "z": 0.07706429809331894, "vis": 0.7025726437568665}}