{"0": {"x": 0.5436751246452332, "y": 0.4602939486503601, "z": -0.03978561609983444, "vis": 0.9997097849845886}, "1": {"x": 0.547187089920044, "y": 0.4510188400745392, "z": -0.05177277699112892, "vis": 0.9998192191123962}, "2": {"x": 0.5483345985412598, "y": 0.45109015703201294, "z": -0.05178016051650047, "vis": 0.9998315572738647}, "3": {"x": 0.5495681762695312, "y": 0.4511643946170807, "z": -0.05177922919392586, "vis": 0.9998562335968018}, "4": {"x": 0.5461045503616333, "y": 0.450702428817749, "z": -0.03147542104125023, "vis": 0.9996935129165649}, "5": {"x": 0.5463976263999939, "y": 0.45054367184638977, "z": -0.031487829983234406, "vis": 0.9996625185012817}, "6": {"x": 0.5468059778213501, "y": 0.450243204832077, "z": -0.03151416778564453, "vis": 0.9997178912162781}, "7": {"x": 0.5577091574668884, "y": 0.45616093277931213, "z": -0.08467300981283188, "vis": 0.9998738765716553}, "8": {"x": 0.5548909902572632, "y": 0.4531862139701843, "z": 0.004095336422324181, "vis": 0.9997130036354065}, "9": {"x": 0.5470961332321167, "y": 0.471628338098526, "z": -0.050313547253608704, "vis": 0.9998138546943665}, "10": {"x": 0.5455334782600403, "y": 0.4707082211971283, "z": -0.0245683491230011, "vis": 0.9997130036354065}, "11": {"x": 0.566601574420929, "y": 0.5133520364761353, "z": -0.127000629901886, "vis": 0.9999469518661499}, "12": {"x": 0.5647532939910889, "y": 0.49872466921806335, "z": 0.06321867555379868, "vis": 0.9995984435081482}, "13": {"x": 0.573486864566803, "y": 0.5889001488685608, "z": -0.16475440561771393, "vis": 0.9752036333084106}, "14": {"x": 0.5358351469039917, "y": 0.48310989141464233, "z": 0.14374488592147827, "vis": 0.40743201971054077}, "15": {"x": 0.5582342147827148, "y": 0.6579512357711792, "z": -0.158285453915596, "vis": 0.9485886096954346}, "16": {"x": 0.5056360363960266, "y": 0.4774601459503174, "z": 0.1788245588541031, "vis": 0.5417740345001221}, "17": {"x": 0.5540160536766052, "y": 0.6788166761398315, "z": -0.17354297637939453, "vis": 0.9173843860626221}, "18": {"x": 0.4967570900917053, "y": 0.47052299976348877, "z": 0.18939855694770813, "vis": 0.5073872208595276}, "19": {"x": 0.5521277189254761, "y": 0.6739048361778259, "z": -0.17744608223438263, "vis": 0.9114646315574646}, "20": {"x": 0.4940336048603058, "y": 0.4694499969482422, "z": 0.17350620031356812, "vis": 0.5314369797706604}, "21": {"x": 0.5538386702537537, "y": 0.668714165687561, "z": -0.15896821022033691, "vis": 0.8530139327049255}, "22": {"x": 0.49931472539901733, "y": 0.4773738384246826, "z": 0.17163145542144775, "vis": 0.5719457864761353}, "23": {"x": 0.5734943747520447, "y": 0.6525312066078186, "z": -0.0567721389234066, "vis": 0.9989857077598572}, "24": {"x": 0.5785458087921143, "y": 0.6484869122505188, "z": 0.05678073689341545, "vis": 0.998786985874176}, "25": {"x": 0.5705432891845703, "y": 0.7461447715759277, "z": -0.05743196979165077, "vis": 0.8429078459739685}, "26": {"x": 0.5781940221786499, "y": 0.744628369808197, "z": 0.049873776733875275, "vis": 0.4217740297317505}, "27": {"x": 0.5704569816589355, "y": 0.8655693531036377, "z": -0.03222526237368584, "vis": 0.9424108266830444}, "28": {"x": 0.5803499817848206, "y": 0.8576315641403198, "z": 0.07642810791730881, "vis": 0.5800119042396545}, "29": {"x": 0.5743749737739563, "y": 0.8811330199241638, "z": -0.03194538131356239, "vis": 0.942264974117279}, "30": {"x": 0.5833305716514587, "y": 0.8730813264846802, "z": 0.0766468271613121, "vis": 0.6317735910415649}, "31": {"x": 0.5476645827293396, "y": 0.8811519742012024, "z": -0.07930075377225876, "vis": 0.9434914588928223}, "32": {"x": 0.5627158880233765, "y": 0.8770902156829834, "z": 0.04137776046991348, "vis": 0.7174134254455566}}