{"0": {"x": 0.232374370098114, "y": 0.3230034410953522, "z": 0.03435957059264183, "vis": 0.9987047910690308}, "1": {"x": 0.22713586688041687, "y": 0.3032955527305603, "z": 0.01720595359802246, "vis": 0.9990737438201904}, "2": {"x": 0.22423630952835083, "y": 0.3026726245880127, "z": 0.017147518694400787, "vis": 0.9988651275634766}, "3": {"x": 0.2209067940711975, "y": 0.30215984582901, "z": 0.017069704830646515, "vis": 0.9990167617797852}, "4": {"x": 0.23143373429775238, "y": 0.3033852279186249, "z": 0.006994219496846199, "vis": 0.9989294409751892}, "5": {"x": 0.2317190170288086, "y": 0.3028072416782379, "z": 0.006985653191804886, "vis": 0.9985193610191345}, "6": {"x": 0.23189528286457062, "y": 0.30221205949783325, "z": 0.006855487357825041, "vis": 0.9986322522163391}, "7": {"x": 0.2099885493516922, "y": 0.3096441924571991, "z": -0.03897872194647789, "vis": 0.9992764592170715}, "8": {"x": 0.22483959794044495, "y": 0.30782151222229004, "z": -0.08618219196796417, "vis": 0.999221682548523}, "9": {"x": 0.2240745574235916, "y": 0.34011030197143555, "z": 0.020338762551546097, "vis": 0.9991186261177063}, "10": {"x": 0.22855055332183838, "y": 0.3392581045627594, "z": 0.006953425705432892, "vis": 0.9991262555122375}, "11": {"x": 0.1558317244052887, "y": 0.44529080390930176, "z": -0.0678948312997818, "vis": 0.9998062252998352}, "12": {"x": 0.25284454226493835, "y": 0.41785183548927307, "z": -0.1059826910495758, "vis": 0.9997041821479797}, "13": {"x": 0.1446555256843567, "y": 0.5902156829833984, "z": -0.0679410994052887, "vis": 0.899623453617096}, "14": {"x": 0.2785118818283081, "y": 0.5647242069244385, "z": -0.03456674516201019, "vis": 0.9144543409347534}, "15": {"x": 0.13643507659435272, "y": 0.7263208627700806, "z": -0.017223788425326347, "vis": 0.3069581985473633}, "16": {"x": 0.26390618085861206, "y": 0.6515069007873535, "z": 0.1295650601387024, "vis": 0.4799267053604126}, "17": {"x": 0.13571712374687195, "y": 0.7551798224449158, "z": -0.014758674427866936, "vis": 0.21639803051948547}, "18": {"x": 0.25948652625083923, "y": 0.6687045693397522, "z": 0.15109379589557648, "vis": 0.421123743057251}, "19": {"x": 0.14548930525779724, "y": 0.7662186622619629, "z": -0.009311230853199959, "vis": 0.20066258311271667}, "20": {"x": 0.2517157196998596, "y": 0.6540372371673584, "z": 0.14943988621234894, "vis": 0.41569316387176514}, "21": {"x": 0.1438964307308197, "y": 0.7409528493881226, "z": -0.014856605790555477, "vis": 0.17970572412014008}, "22": {"x": 0.25083836913108826, "y": 0.6528156399726868, "z": 0.1327185481786728, "vis": 0.3935694992542267}, "23": {"x": 0.19191378355026245, "y": 0.7039529085159302, "z": 0.007800914812833071, "vis": 0.9994039535522461}, "24": {"x": 0.24448223412036896, "y": 0.689112663269043, "z": -0.008060449734330177, "vis": 0.9983989596366882}, "25": {"x": 0.19361577928066254, "y": 0.8655811548233032, "z": 0.10956646502017975, "vis": 0.8298472762107849}, "26": {"x": 0.2637200653553009, "y": 0.8686146140098572, "z": 0.10884316265583038, "vis": 0.6379404067993164}, "27": {"x": 0.19810213148593903, "y": 1.0349292755126953, "z": 0.21377377212047577, "vis": 0.6408566832542419}, "28": {"x": 0.26723912358283997, "y": 1.0022635459899902, "z": 0.21572181582450867, "vis": 0.28895315527915955}, "29": {"x": 0.20028933882713318, "y": 1.0749882459640503, "z": 0.22455860674381256, "vis": 0.7664231657981873}, "30": {"x": 0.2629576027393341, "y": 1.0675933361053467, "z": 0.22837546467781067, "vis": 0.5146730542182922}, "31": {"x": 0.19674649834632874, "y": 1.028745174407959, "z": 0.22865088284015656, "vis": 0.4644298553466797}, "32": {"x": 0.2745526432991028, "y": 1.033496618270874, "z": 0.22884111106395721, "vis": 0.18233180046081543}}