{"0": {"x": 0.2953958809375763, "y": 0.48292627930641174, "z": -0.18593381345272064, "vis": 0.9999758005142212}, "1": {"x": 0.29353487491607666, "y": 0.4659750759601593, "z": -0.1666989028453827, "vis": 0.9999510049819946}, "2": {"x": 0.29443633556365967, "y": 0.4655470848083496, "z": -0.16674689948558807, "vis": 0.999934196472168}, "3": {"x": 0.2953190505504608, "y": 0.4649776220321655, "z": -0.16683454811573029, "vis": 0.9999309778213501}, "4": {"x": 0.2874920070171356, "y": 0.4660145342350006, "z": -0.18256762623786926, "vis": 0.9999756813049316}, "5": {"x": 0.28382089734077454, "y": 0.4658268094062805, "z": -0.18258455395698547, "vis": 0.9999737739562988}, "6": {"x": 0.27978771924972534, "y": 0.46623024344444275, "z": -0.18253199756145477, "vis": 0.9999785423278809}, "7": {"x": 0.2880987524986267, "y": 0.4699285924434662, "z": -0.06964638084173203, "vis": 0.9998856782913208}, "8": {"x": 0.2687549591064453, "y": 0.47409263253211975, "z": -0.13691718876361847, "vis": 0.9999810457229614}, "9": {"x": 0.2954275608062744, "y": 0.49897560477256775, "z": -0.14765416085720062, "vis": 0.9997462630271912}, "10": {"x": 0.28815722465515137, "y": 0.49921658635139465, "z": -0.1667066216468811, "vis": 0.9999251365661621}, "11": {"x": 0.27297794818878174, "y": 0.5518675446510315, "z": 0.061775822192430496, "vis": 0.9993699193000793}, "12": {"x": 0.2586807906627655, "y": 0.5637516975402832, "z": -0.178484246134758, "vis": 0.9999262094497681}, "13": {"x": 0.2591138184070587, "y": 0.6681635975837708, "z": 0.08933910727500916, "vis": 0.055254578590393066}, "14": {"x": 0.2497658133506775, "y": 0.6887241005897522, "z": -0.19291667640209198, "vis": 0.9973586201667786}, "15": {"x": 0.2867202162742615, "y": 0.7288662195205688, "z": 0.0012902577873319387, "vis": 0.145559161901474}, "16": {"x": 0.31084683537483215, "y": 0.7417657971382141, "z": -0.1724865585565567, "vis": 0.9759101867675781}, "17": {"x": 0.29513978958129883, "y": 0.7545195817947388, "z": -0.009956181049346924, "vis": 0.19284403324127197}, "18": {"x": 0.32521456480026245, "y": 0.7601941227912903, "z": -0.19180291891098022, "vis": 0.9544900059700012}, "19": {"x": 0.3009530305862427, "y": 0.7504202127456665, "z": -0.02805575542151928, "vis": 0.1927862912416458}, "20": {"x": 0.3307337760925293, "y": 0.7434613704681396, "z": -0.18183191120624542, "vis": 0.954683244228363}, "21": {"x": 0.29605093598365784, "y": 0.7431113719940186, "z": -0.010749230161309242, "vis": 0.1798180788755417}, "22": {"x": 0.32340389490127563, "y": 0.7346169352531433, "z": -0.16628511250019073, "vis": 0.9427576065063477}, "23": {"x": 0.2411498874425888, "y": 0.7788220047950745, "z": 0.07900836318731308, "vis": 0.9978445768356323}, "24": {"x": 0.23693928122520447, "y": 0.7873018383979797, "z": -0.0789787545800209, "vis": 0.9983362555503845}, "25": {"x": 0.2528091371059418, "y": 0.9378737211227417, "z": 0.08311720192432404, "vis": 0.6854069232940674}, "26": {"x": 0.28969433903694153, "y": 0.8954370021820068, "z": -0.0706486850976944, "vis": 0.9777501225471497}, "27": {"x": 0.17401275038719177, "y": 0.9257586598396301, "z": 0.16653089225292206, "vis": 0.6475118398666382}, "28": {"x": 0.2572326362133026, "y": 0.9740134477615356, "z": 0.02332144044339657, "vis": 0.9379414916038513}, "29": {"x": 0.16038712859153748, "y": 0.8973970413208008, "z": 0.17450831830501556, "vis": 0.6160861253738403}, "30": {"x": 0.2458869218826294, "y": 0.9765744209289551, "z": 0.033574651926755905, "vis": 0.9051865339279175}, "31": {"x": 0.1628091037273407, "y": 0.9798895120620728, "z": 0.17477476596832275, "vis": 0.6481079459190369}, "32": {"x": 0.2738717198371887, "y": 1.0277856588363647, "z": 0.022664686664938927, "vis": 0.9127932190895081}}