{"0": {"x": 0.2835333049297333, "y": 0.38554951548576355, "z": 0.08225154131650925, "vis": 0.9988521337509155}, "1": {"x": 0.2785583734512329, "y": 0.36966827511787415, "z": 0.05726006627082825, "vis": 0.9993653893470764}, "2": {"x": 0.2742846608161926, "y": 0.36889633536338806, "z": 0.05721019580960274, "vis": 0.9991903901100159}, "3": {"x": 0.27021434903144836, "y": 0.36858171224594116, "z": 0.05712441727519035, "vis": 0.9993183612823486}, "4": {"x": 0.2890106439590454, "y": 0.3730396032333374, "z": 0.05648527294397354, "vis": 0.9992998838424683}, "5": {"x": 0.29189956188201904, "y": 0.37426888942718506, "z": 0.05650996416807175, "vis": 0.9990369081497192}, "6": {"x": 0.2948860228061676, "y": 0.37554168701171875, "z": 0.05643218010663986, "vis": 0.999247670173645}, "7": {"x": 0.2633441984653473, "y": 0.37752243876457214, "z": -0.022636720910668373, "vis": 0.9993196725845337}, "8": {"x": 0.2969198226928711, "y": 0.38677510619163513, "z": -0.026443732902407646, "vis": 0.9993093013763428}, "9": {"x": 0.27673012018203735, "y": 0.39952364563941956, "z": 0.06072807312011719, "vis": 0.9976508021354675}, "10": {"x": 0.2881444990634918, "y": 0.40315553545951843, "z": 0.05978685989975929, "vis": 0.9977790713310242}, "11": {"x": 0.2151186764240265, "y": 0.48269468545913696, "z": -0.058581992983818054, "vis": 0.9990664124488831}, "12": {"x": 0.3154985308647156, "y": 0.49825844168663025, "z": -0.05334005132317543, "vis": 0.9994151592254639}, "13": {"x": 0.17813533544540405, "y": 0.6084821820259094, "z": 0.011163956485688686, "vis": 0.8616843819618225}, "14": {"x": 0.33533576130867004, "y": 0.6288095116615295, "z": 0.02850959822535515, "vis": 0.8622139692306519}, "15": {"x": 0.22013595700263977, "y": 0.6151750087738037, "z": 0.1501951962709427, "vis": 0.032702889293432236}, "16": {"x": 0.2992297112941742, "y": 0.6304641962051392, "z": 0.16217923164367676, "vis": 0.15398578345775604}, "17": {"x": 0.22784335911273956, "y": 0.6195344924926758, "z": 0.16739636659622192, "vis": 0.025481868535280228}, "18": {"x": 0.2900606393814087, "y": 0.633338212966919, "z": 0.17980128526687622, "vis": 0.12921863794326782}, "19": {"x": 0.23380433022975922, "y": 0.6098416447639465, "z": 0.1661919504404068, "vis": 0.02518942952156067}, "20": {"x": 0.28544101119041443, "y": 0.6194118857383728, "z": 0.1839083731174469, "vis": 0.13404953479766846}, "21": {"x": 0.23259508609771729, "y": 0.6074211001396179, "z": 0.15391767024993896, "vis": 0.031301818788051605}, "22": {"x": 0.2876777648925781, "y": 0.6168535947799683, "z": 0.16727733612060547, "vis": 0.13634958863258362}, "23": {"x": 0.22208534181118011, "y": 0.7350897192955017, "z": -0.0048524243757128716, "vis": 0.9981240630149841}, "24": {"x": 0.2753576636314392, "y": 0.7426512241363525, "z": 0.0046369582414627075, "vis": 0.9978101849555969}, "25": {"x": 0.2110525667667389, "y": 0.8861432671546936, "z": 0.1268441379070282, "vis": 0.6631557941436768}, "26": {"x": 0.307179719209671, "y": 0.8821117877960205, "z": 0.15957576036453247, "vis": 0.3938075602054596}, "27": {"x": 0.20997436344623566, "y": 0.9775679111480713, "z": 0.19604165852069855, "vis": 0.37921035289764404}, "28": {"x": 0.3135932981967926, "y": 0.9814764261245728, "z": 0.23497803509235382, "vis": 0.22061072289943695}, "29": {"x": 0.20282186567783356, "y": 1.0217657089233398, "z": 0.20652872323989868, "vis": 0.4682038128376007}, "30": {"x": 0.31063300371170044, "y": 0.9907538890838623, "z": 0.24641026556491852, "vis": 0.35145699977874756}, "31": {"x": 0.2024293839931488, "y": 0.9736493825912476, "z": 0.24169614911079407, "vis": 0.16942939162254333}, "32": {"x": 0.31878116726875305, "y": 0.9734357595443726, "z": 0.2878870964050293, "vis": 0.12619362771511078}}