{"0": {"x": 0.27251431345939636, "y": 0.3984014391899109, "z": 0.025738103315234184, "vis": 0.997911274433136}, "1": {"x": 0.2715570330619812, "y": 0.37650251388549805, "z": 0.027204323559999466, "vis": 0.9983747005462646}, "2": {"x": 0.26976925134658813, "y": 0.374319851398468, "z": 0.027162237092852592, "vis": 0.9976682066917419}, "3": {"x": 0.26782310009002686, "y": 0.3718021512031555, "z": 0.027084955945611, "vis": 0.9984777569770813}, "4": {"x": 0.27318844199180603, "y": 0.37697669863700867, "z": 4.470993371796794e-05, "vis": 0.9983460903167725}, "5": {"x": 0.2726331353187561, "y": 0.37526077032089233, "z": 7.475978782167658e-05, "vis": 0.9974715709686279}, "6": {"x": 0.2720102071762085, "y": 0.37327009439468384, "z": 1.6455274817417376e-05, "vis": 0.9982174038887024}, "7": {"x": 0.2504745125770569, "y": 0.36091259121894836, "z": 0.042783305048942566, "vis": 0.9976863861083984}, "8": {"x": 0.25810906291007996, "y": 0.3652600049972534, "z": -0.08075296878814697, "vis": 0.9983004927635193}, "9": {"x": 0.263153076171875, "y": 0.4087176024913788, "z": 0.037365853786468506, "vis": 0.9975422620773315}, "10": {"x": 0.2642906606197357, "y": 0.4093453586101532, "z": 0.0016989889554679394, "vis": 0.9981263279914856}, "11": {"x": 0.19072483479976654, "y": 0.4480057954788208, "z": 0.08889095485210419, "vis": 0.9993125200271606}, "12": {"x": 0.2536889910697937, "y": 0.45235854387283325, "z": -0.14098413288593292, "vis": 0.9999597072601318}, "13": {"x": 0.19153951108455658, "y": 0.5920237898826599, "z": 0.11788808554410934, "vis": 0.05047312378883362}, "14": {"x": 0.26805704832077026, "y": 0.612657368183136, "z": -0.13715283572673798, "vis": 0.9749574661254883}, "15": {"x": 0.21867229044437408, "y": 0.6839199066162109, "z": 0.11196459829807281, "vis": 0.02459164336323738}, "16": {"x": 0.2830619513988495, "y": 0.7547377943992615, "z": -0.05409405753016472, "vis": 0.9043235182762146}, "17": {"x": 0.22396636009216309, "y": 0.7063885927200317, "z": 0.11916955560445786, "vis": 0.03160614147782326}, "18": {"x": 0.28879857063293457, "y": 0.7976912260055542, "z": -0.05748343840241432, "vis": 0.8592368960380554}, "19": {"x": 0.23078399896621704, "y": 0.7027226686477661, "z": 0.10687083750963211, "vis": 0.031205464154481888}, "20": {"x": 0.2989680767059326, "y": 0.785841166973114, "z": -0.045433733612298965, "vis": 0.8478670716285706}, "21": {"x": 0.229619562625885, "y": 0.6966168880462646, "z": 0.10553295165300369, "vis": 0.0347503125667572}, "22": {"x": 0.28491488099098206, "y": 0.779825747013092, "z": -0.04631267488002777, "vis": 0.7913042306900024}, "23": {"x": 0.18420901894569397, "y": 0.7347437143325806, "z": 0.061016883701086044, "vis": 0.9823280572891235}, "24": {"x": 0.22214478254318237, "y": 0.7378438711166382, "z": -0.0610930509865284, "vis": 0.9843563437461853}, "25": {"x": 0.18769587576389313, "y": 0.9268550872802734, "z": 0.10360119491815567, "vis": 0.09135835617780685}, "26": {"x": 0.23502874374389648, "y": 0.9282002449035645, "z": -0.006547418422996998, "vis": 0.24099555611610413}, "27": {"x": 0.189875066280365, "y": 1.0904384851455688, "z": 0.17547067999839783, "vis": 0.037423182278871536}, "28": {"x": 0.2222118079662323, "y": 1.1093238592147827, "z": 0.06573882699012756, "vis": 0.10834630578756332}, "29": {"x": 0.18269361555576324, "y": 1.1214685440063477, "z": 0.17945462465286255, "vis": 0.0694139152765274}, "30": {"x": 0.212970569729805, "y": 1.1399379968643188, "z": 0.07289016246795654, "vis": 0.1443980187177658}, "31": {"x": 0.20980402827262878, "y": 1.1157399415969849, "z": 0.15283389389514923, "vis": 0.049294162541627884}, "32": {"x": 0.2478710263967514, "y": 1.1388238668441772, "z": 0.044981688261032104, "vis": 0.08674528449773788}}