{"0": {"x": 0.28408941626548767, "y": 0.9377957582473755, "z": -0.20169077813625336, "vis": 0.9960271120071411}, "1": {"x": 0.28062817454338074, "y": 0.9521503448486328, "z": -0.217882439494133, "vis": 0.9978238344192505}, "2": {"x": 0.27943676710128784, "y": 0.9517920017242432, "z": -0.21787090599536896, "vis": 0.9977006316184998}, "3": {"x": 0.27828866243362427, "y": 0.9513551592826843, "z": -0.21794484555721283, "vis": 0.998078465461731}, "4": {"x": 0.2820016145706177, "y": 0.9529754519462585, "z": -0.20598365366458893, "vis": 0.9964266419410706}, "5": {"x": 0.28232789039611816, "y": 0.9532327651977539, "z": -0.20602138340473175, "vis": 0.9946455955505371}, "6": {"x": 0.2825690805912018, "y": 0.953507661819458, "z": -0.2060459554195404, "vis": 0.9952208399772644}, "7": {"x": 0.2742101550102234, "y": 0.9416277408599854, "z": -0.23008814454078674, "vis": 0.9954467415809631}, "8": {"x": 0.2786937654018402, "y": 0.9432981610298157, "z": -0.17594009637832642, "vis": 0.9943593144416809}, "9": {"x": 0.2818506956100464, "y": 0.9224591851234436, "z": -0.19711531698703766, "vis": 0.9926043748855591}, "10": {"x": 0.28468215465545654, "y": 0.9237015843391418, "z": -0.1815963089466095, "vis": 0.9933788776397705}, "11": {"x": 0.28957438468933105, "y": 0.8806147575378418, "z": -0.22209732234477997, "vis": 0.9996126294136047}, "12": {"x": 0.2612893581390381, "y": 0.884964644908905, "z": -0.08327720314264297, "vis": 0.9982802867889404}, "13": {"x": 0.3505837023258209, "y": 0.8476855754852295, "z": -0.23077841103076935, "vis": 0.7985594272613525}, "14": {"x": 0.2870402932167053, "y": 0.8424011468887329, "z": 0.023677729070186615, "vis": 0.12894105911254883}, "15": {"x": 0.3311212956905365, "y": 0.9554541110992432, "z": -0.25070473551750183, "vis": 0.796707272529602}, "16": {"x": 0.2707958221435547, "y": 0.9447833299636841, "z": 0.09013242274522781, "vis": 0.13810119032859802}, "17": {"x": 0.3287457823753357, "y": 0.9775240421295166, "z": -0.27817031741142273, "vis": 0.77683025598526}, "18": {"x": 0.25188326835632324, "y": 0.9681546688079834, "z": 0.09858334809541702, "vis": 0.15737584233283997}, "19": {"x": 0.3167532980442047, "y": 0.9790521264076233, "z": -0.2799358367919922, "vis": 0.7846865057945251}, "20": {"x": 0.2678062319755554, "y": 0.9806807041168213, "z": 0.08728591352701187, "vis": 0.15589988231658936}, "21": {"x": 0.31299543380737305, "y": 0.9725907444953918, "z": -0.25294506549835205, "vis": 0.7202574014663696}, "22": {"x": 0.27242979407310486, "y": 0.9728294610977173, "z": 0.08839701861143112, "vis": 0.1477125585079193}, "23": {"x": 0.29821309447288513, "y": 0.6870952844619751, "z": -0.05222965031862259, "vis": 0.9988201260566711}, "24": {"x": 0.27877408266067505, "y": 0.7031838297843933, "z": 0.052336275577545166, "vis": 0.9970678687095642}, "25": {"x": 0.31851598620414734, "y": 0.764033317565918, "z": 0.01694961078464985, "vis": 0.17435508966445923}, "26": {"x": 0.2788275182247162, "y": 0.7681897878646851, "z": 0.1803511381149292, "vis": 0.024371832609176636}, "27": {"x": 0.29908880591392517, "y": 0.7528622150421143, "z": 0.22976195812225342, "vis": 0.08021979033946991}, "28": {"x": 0.29135674238204956, "y": 0.7675904035568237, "z": 0.3771599531173706, "vis": 0.01488663163036108}, "29": {"x": 0.2926101088523865, "y": 0.7409754991531372, "z": 0.25351953506469727, "vis": 0.16141557693481445}, "30": {"x": 0.29102882742881775, "y": 0.7594720125198364, "z": 0.3994967043399811, "vis": 0.03244370222091675}, "31": {"x": 0.299606055021286, "y": 0.7859137654304504, "z": 0.2667313516139984, "vis": 0.1231384351849556}, "32": {"x": 0.30445393919944763, "y": 0.7921440005302429, "z": 0.42132124304771423, "vis": 0.03416848182678223}}