{"0": {"x": 0.11234115809202194, "y": 0.37696200609207153, "z": 0.11545579880475998, "vis": 0.9979549646377563}, "1": {"x": 0.10967977344989777, "y": 0.36869773268699646, "z": 0.09120297431945801, "vis": 0.9981185793876648}, "2": {"x": 0.10806912928819656, "y": 0.3689284920692444, "z": 0.09121298789978027, "vis": 0.9980024695396423}, "3": {"x": 0.10651728510856628, "y": 0.3693545162677765, "z": 0.09118389338254929, "vis": 0.9980949759483337}, "4": {"x": 0.11496614664793015, "y": 0.3680958151817322, "z": 0.0968187227845192, "vis": 0.9984537363052368}, "5": {"x": 0.11688005924224854, "y": 0.3678372800350189, "z": 0.09677296131849289, "vis": 0.9984962940216064}, "6": {"x": 0.1189519613981247, "y": 0.3677396774291992, "z": 0.09671196341514587, "vis": 0.998650848865509}, "7": {"x": 0.1050519123673439, "y": 0.376234769821167, "z": 0.0101423729211092, "vis": 0.9973978996276855}, "8": {"x": 0.12352917343378067, "y": 0.3738231062889099, "z": 0.03318086639046669, "vis": 0.9980079531669617}, "9": {"x": 0.11021240800619125, "y": 0.38551896810531616, "z": 0.0902559757232666, "vis": 0.9955434203147888}, "10": {"x": 0.11627976596355438, "y": 0.3853676915168762, "z": 0.09671742469072342, "vis": 0.9964532852172852}, "11": {"x": 0.08933338522911072, "y": 0.440127432346344, "z": -0.046237073838710785, "vis": 0.9975513815879822}, "12": {"x": 0.14268872141838074, "y": 0.4287387728691101, "z": 0.04076011851429939, "vis": 0.990415096282959}, "13": {"x": 0.08694153279066086, "y": 0.5254936814308167, "z": 0.028282061219215393, "vis": 0.7148352265357971}, "14": {"x": 0.1430610716342926, "y": 0.506426215171814, "z": 0.12857843935489655, "vis": 0.3179236352443695}, "15": {"x": 0.09730735421180725, "y": 0.5275623202323914, "z": 0.17393846809864044, "vis": 0.03627747669816017}, "16": {"x": 0.1230115070939064, "y": 0.5019566416740417, "z": 0.2633013427257538, "vis": 0.017192211002111435}, "17": {"x": 0.10022099316120148, "y": 0.5272542238235474, "z": 0.1895023137331009, "vis": 0.0333881638944149}, "18": {"x": 0.11641275882720947, "y": 0.5078794360160828, "z": 0.28898435831069946, "vis": 0.022398851811885834}, "19": {"x": 0.102780282497406, "y": 0.5229294300079346, "z": 0.18672537803649902, "vis": 0.034646108746528625}, "20": {"x": 0.11320137977600098, "y": 0.5008636116981506, "z": 0.28438201546669006, "vis": 0.02299078181385994}, "21": {"x": 0.10305279493331909, "y": 0.5231963396072388, "z": 0.17631858587265015, "vis": 0.03857758268713951}, "22": {"x": 0.11333192884922028, "y": 0.4983597993850708, "z": 0.26469290256500244, "vis": 0.024846898391842842}, "23": {"x": 0.10506042838096619, "y": 0.6052059531211853, "z": -0.0435577929019928, "vis": 0.9983351826667786}, "24": {"x": 0.13272327184677124, "y": 0.6021730303764343, "z": 0.0436018742620945, "vis": 0.9959855675697327}, "25": {"x": 0.10144983977079391, "y": 0.7147493362426758, "z": -0.031825434416532516, "vis": 0.981427788734436}, "26": {"x": 0.1264285296201706, "y": 0.7086672782897949, "z": 0.0729517787694931, "vis": 0.900952935218811}, "27": {"x": 0.10989238321781158, "y": 0.833772599697113, "z": -0.03222476318478584, "vis": 0.9699761867523193}, "28": {"x": 0.1305026262998581, "y": 0.8153762817382812, "z": 0.088335782289505, "vis": 0.8925439119338989}, "29": {"x": 0.11646458506584167, "y": 0.8463290929794312, "z": -0.030910562723875046, "vis": 0.9863651990890503}, "30": {"x": 0.13187284767627716, "y": 0.8306761980056763, "z": 0.09038122743368149, "vis": 0.9279989004135132}, "31": {"x": 0.09752653539180756, "y": 0.8511950373649597, "z": -0.03986785560846329, "vis": 0.8358240127563477}, "32": {"x": 0.11571656167507172, "y": 0.838750422000885, "z": 0.08667267858982086, "vis": 0.6068986654281616}}