{"0": {"x": 0.22094190120697021, "y": 0.30741843581199646, "z": 0.07393556833267212, "vis": 0.998751163482666}, "1": {"x": 0.21388600766658783, "y": 0.2921009659767151, "z": 0.046395525336265564, "vis": 0.9990096092224121}, "2": {"x": 0.20898284018039703, "y": 0.29278886318206787, "z": 0.046328019350767136, "vis": 0.9988793730735779}, "3": {"x": 0.204413503408432, "y": 0.29384714365005493, "z": 0.04620594531297684, "vis": 0.9990895986557007}, "4": {"x": 0.2251616269350052, "y": 0.291873037815094, "z": 0.04767446964979172, "vis": 0.9986995458602905}, "5": {"x": 0.22772780060768127, "y": 0.2920513451099396, "z": 0.047722116112709045, "vis": 0.9983092546463013}, "6": {"x": 0.23008184134960175, "y": 0.29231151938438416, "z": 0.04762508347630501, "vis": 0.9984439015388489}, "7": {"x": 0.19762055575847626, "y": 0.30554354190826416, "z": -0.05564553663134575, "vis": 0.9994799494743347}, "8": {"x": 0.2304796576499939, "y": 0.30374038219451904, "z": -0.05019412562251091, "vis": 0.9991828799247742}, "9": {"x": 0.21321141719818115, "y": 0.32758036255836487, "z": 0.04309055209159851, "vis": 0.9991365075111389}, "10": {"x": 0.2250024676322937, "y": 0.3261357545852661, "z": 0.044991105794906616, "vis": 0.9989810585975647}, "11": {"x": 0.16331875324249268, "y": 0.4449727237224579, "z": -0.0928507149219513, "vis": 0.9996329545974731}, "12": {"x": 0.25575366616249084, "y": 0.4329385459423065, "z": -0.08603937178850174, "vis": 0.9993892908096313}, "13": {"x": 0.1495758295059204, "y": 0.6109077334403992, "z": -0.08135533332824707, "vis": 0.9638702273368835}, "14": {"x": 0.26956337690353394, "y": 0.5976086854934692, "z": -0.06571290642023087, "vis": 0.9671729207038879}, "15": {"x": 0.14716583490371704, "y": 0.7472596764564514, "z": -0.020729834213852882, "vis": 0.6210899949073792}, "16": {"x": 0.27180948853492737, "y": 0.7355948090553284, "z": 0.003421624656766653, "vis": 0.9247209429740906}, "17": {"x": 0.14419019222259521, "y": 0.7797255516052246, "z": -0.019894741475582123, "vis": 0.4244857728481293}, "18": {"x": 0.2729988396167755, "y": 0.7773041725158691, "z": 0.0082383519038558, "vis": 0.8599602580070496}, "19": {"x": 0.15210020542144775, "y": 0.7783920168876648, "z": -0.02224552445113659, "vis": 0.4109591245651245}, "20": {"x": 0.270058274269104, "y": 0.7823514938354492, "z": 0.008842092007398605, "vis": 0.8443968296051025}, "21": {"x": 0.15500225126743317, "y": 0.7646030187606812, "z": -0.020764721557497978, "vis": 0.4078615605831146}, "22": {"x": 0.2671823501586914, "y": 0.7659984827041626, "z": 0.004125919658690691, "vis": 0.8136302828788757}, "23": {"x": 0.1799420267343521, "y": 0.6995137333869934, "z": -0.013084650970995426, "vis": 0.9988552331924438}, "24": {"x": 0.23180082440376282, "y": 0.6975084543228149, "z": 0.013060322031378746, "vis": 0.9966717958450317}, "25": {"x": 0.173654705286026, "y": 0.8977696895599365, "z": 0.0798499584197998, "vis": 0.7810707688331604}, "26": {"x": 0.22866863012313843, "y": 0.9032371640205383, "z": 0.12517252564430237, "vis": 0.5159056782722473}, "27": {"x": 0.1795584112405777, "y": 1.0588552951812744, "z": 0.2010101079940796, "vis": 0.5387455224990845}, "28": {"x": 0.21734575927257538, "y": 1.069692611694336, "z": 0.2248702198266983, "vis": 0.32853543758392334}, "29": {"x": 0.18246616423130035, "y": 1.102678656578064, "z": 0.21156559884548187, "vis": 0.5928557515144348}, "30": {"x": 0.2150799185037613, "y": 1.106687068939209, "z": 0.23536670207977295, "vis": 0.43826204538345337}, "31": {"x": 0.1755613386631012, "y": 1.0457756519317627, "z": 0.20323292911052704, "vis": 0.3522682785987854}, "32": {"x": 0.22265595197677612, "y": 1.0717626810073853, "z": 0.21703588962554932, "vis": 0.16780127584934235}}