{"0": {"x": 0.2555805742740631, "y": 0.3288344740867615, "z": 0.1147976741194725, "vis": 0.999591052532196}, "1": {"x": 0.2504974603652954, "y": 0.3166443407535553, "z": 0.09602738916873932, "vis": 0.9996968507766724}, "2": {"x": 0.24751578271389008, "y": 0.3169178366661072, "z": 0.09600146859884262, "vis": 0.9996306896209717}, "3": {"x": 0.24474301934242249, "y": 0.31760281324386597, "z": 0.09592436999082565, "vis": 0.9996803998947144}, "4": {"x": 0.26109638810157776, "y": 0.3163788318634033, "z": 0.09328348934650421, "vis": 0.9997046589851379}, "5": {"x": 0.2644907832145691, "y": 0.31632450222969055, "z": 0.09329863637685776, "vis": 0.9996544122695923}, "6": {"x": 0.26770302653312683, "y": 0.31643086671829224, "z": 0.09325818717479706, "vis": 0.9997110962867737}, "7": {"x": 0.2410135418176651, "y": 0.3290468752384186, "z": 0.0213679950684309, "vis": 0.9995751976966858}, "8": {"x": 0.2723706364631653, "y": 0.32488274574279785, "z": 0.008558548055589199, "vis": 0.9997438788414001}, "9": {"x": 0.24992817640304565, "y": 0.34232351183891296, "z": 0.0930538922548294, "vis": 0.9991291165351868}, "10": {"x": 0.2611256539821625, "y": 0.343454509973526, "z": 0.08956822007894516, "vis": 0.9992027878761292}, "11": {"x": 0.20718316733837128, "y": 0.4351802170276642, "z": 0.004653859417885542, "vis": 0.9992876648902893}, "12": {"x": 0.29843538999557495, "y": 0.4309738278388977, "z": -0.04641121253371239, "vis": 0.9995861649513245}, "13": {"x": 0.20162667334079742, "y": 0.5692625045776367, "z": 0.023024266585707664, "vis": 0.5156354308128357}, "14": {"x": 0.2960902154445648, "y": 0.5607410073280334, "z": -0.025636497884988785, "vis": 0.8631398677825928}, "15": {"x": 0.23002657294273376, "y": 0.6427320241928101, "z": 0.0872068852186203, "vis": 0.04483581334352493}, "16": {"x": 0.28892913460731506, "y": 0.6648110151290894, "z": 0.047560423612594604, "vis": 0.21026863157749176}, "17": {"x": 0.23520499467849731, "y": 0.6612625122070312, "z": 0.10143547505140305, "vis": 0.03985917195677757}, "18": {"x": 0.2878015339374542, "y": 0.686748206615448, "z": 0.06192053109407425, "vis": 0.1650635153055191}, "19": {"x": 0.2409297525882721, "y": 0.6563339829444885, "z": 0.10520566999912262, "vis": 0.037617843598127365}, "20": {"x": 0.28062254190444946, "y": 0.6911572217941284, "z": 0.06622523814439774, "vis": 0.15527695417404175}, "21": {"x": 0.24115557968616486, "y": 0.6489962935447693, "z": 0.09036524593830109, "vis": 0.04213808476924896}, "22": {"x": 0.27947455644607544, "y": 0.676607608795166, "z": 0.05098457261919975, "vis": 0.14258509874343872}, "23": {"x": 0.22367572784423828, "y": 0.6540259122848511, "z": 0.0200828667730093, "vis": 0.9997130036354065}, "24": {"x": 0.27479472756385803, "y": 0.6483848690986633, "z": -0.020328201353549957, "vis": 0.9992750287055969}, "25": {"x": 0.22592778503894806, "y": 0.8065156936645508, "z": 0.10538452863693237, "vis": 0.9352808594703674}, "26": {"x": 0.2956092655658722, "y": 0.7988334894180298, "z": 0.04438634589314461, "vis": 0.8266105055809021}, "27": {"x": 0.22278526425361633, "y": 0.944534420967102, "z": -0.002759004710242152, "vis": 0.9740076661109924}, "28": {"x": 0.29174745082855225, "y": 0.9147332906723022, "z": -0.035832684487104416, "vis": 0.9539808034896851}, "29": {"x": 0.22464525699615479, "y": 0.9696689248085022, "z": -0.014637305401265621, "vis": 0.9799484014511108}, "30": {"x": 0.28571659326553345, "y": 0.9225654602050781, "z": -0.04223979637026787, "vis": 0.9386013746261597}, "31": {"x": 0.22379563748836517, "y": 0.984092116355896, "z": -0.03914643079042435, "vis": 0.9039484262466431}, "32": {"x": 0.2987142503261566, "y": 0.970486581325531, "z": -0.05083512142300606, "vis": 0.8994362354278564}}