{"0": {"x": 0.056781474500894547, "y": 0.45862776041030884, "z": 0.03649352118372917, "vis": 0.9995946288108826}, "1": {"x": 0.05764825642108917, "y": 0.4472753405570984, "z": 0.022911159321665764, "vis": 0.9995835423469543}, "2": {"x": 0.0580008439719677, "y": 0.4472384452819824, "z": 0.02290116809308529, "vis": 0.9995278120040894}, "3": {"x": 0.05839943513274193, "y": 0.44716569781303406, "z": 0.022909076884388924, "vis": 0.9996720552444458}, "4": {"x": 0.05889681354165077, "y": 0.4465993344783783, "z": 0.043568339198827744, "vis": 0.9996590614318848}, "5": {"x": 0.06008207052946091, "y": 0.44593292474746704, "z": 0.04356988146901131, "vis": 0.9995893836021423}, "6": {"x": 0.06132994592189789, "y": 0.44516289234161377, "z": 0.043513476848602295, "vis": 0.9996960163116455}, "7": {"x": 0.06555716693401337, "y": 0.4497470557689667, "z": -0.018411440774798393, "vis": 0.9994893074035645}, "8": {"x": 0.06909464299678802, "y": 0.4470732808113098, "z": 0.07298271358013153, "vis": 0.999326229095459}, "9": {"x": 0.06031059846282005, "y": 0.4687318801879883, "z": 0.02285950630903244, "vis": 0.9994151592254639}, "10": {"x": 0.06147914007306099, "y": 0.46814578771591187, "z": 0.04944188520312309, "vis": 0.9991868138313293}, "11": {"x": 0.07500065863132477, "y": 0.49552398920059204, "z": -0.08490005135536194, "vis": 0.9999527931213379}, "12": {"x": 0.09068834036588669, "y": 0.4955604076385498, "z": 0.12671269476413727, "vis": 0.9990768432617188}, "13": {"x": 0.08209526538848877, "y": 0.575497031211853, "z": -0.1262657344341278, "vis": 0.9884003400802612}, "14": {"x": 0.09882911294698715, "y": 0.5739758610725403, "z": 0.15631207823753357, "vis": 0.04476745426654816}, "15": {"x": 0.06443919241428375, "y": 0.6243101358413696, "z": -0.115299291908741, "vis": 0.9717665910720825}, "16": {"x": 0.07888679951429367, "y": 0.6309947371482849, "z": 0.12992632389068604, "vis": 0.11999358981847763}, "17": {"x": 0.05695882812142372, "y": 0.639853835105896, "z": -0.13372310996055603, "vis": 0.9494116306304932}, "18": {"x": 0.07409730553627014, "y": 0.6466913819313049, "z": 0.13704268634319305, "vis": 0.1400204300880432}, "19": {"x": 0.052597977221012115, "y": 0.6300570964813232, "z": -0.12417260557413101, "vis": 0.9426538944244385}, "20": {"x": 0.07174751162528992, "y": 0.64208984375, "z": 0.11637251079082489, "vis": 0.14220836758613586}, "21": {"x": 0.0549771673977375, "y": 0.6244497895240784, "z": -0.11027302592992783, "vis": 0.9029637575149536}, "22": {"x": 0.07270216196775436, "y": 0.6383346915245056, "z": 0.12086218595504761, "vis": 0.14758062362670898}, "23": {"x": 0.09993481636047363, "y": 0.6401293277740479, "z": -0.06487337499856949, "vis": 0.9992458820343018}, "24": {"x": 0.11407444626092911, "y": 0.6392078995704651, "z": 0.06490311026573181, "vis": 0.9976931214332581}, "25": {"x": 0.07572420686483383, "y": 0.7538650631904602, "z": -0.07243341952562332, "vis": 0.9719077944755554}, "26": {"x": 0.09824589639902115, "y": 0.75259929895401, "z": 0.08906692266464233, "vis": 0.3548790514469147}, "27": {"x": 0.07465421408414841, "y": 0.8889147639274597, "z": -0.06953103095293045, "vis": 0.9702298045158386}, "28": {"x": 0.10328253358602524, "y": 0.8730520606040955, "z": 0.10129040479660034, "vis": 0.5963445901870728}, "29": {"x": 0.08057352155447006, "y": 0.9079583883285522, "z": -0.07028428465127945, "vis": 0.9609974026679993}, "30": {"x": 0.10941291600465775, "y": 0.8935429453849792, "z": 0.10123859345912933, "vis": 0.6971451044082642}, "31": {"x": 0.04346960783004761, "y": 0.9067637324333191, "z": -0.0965757817029953, "vis": 0.9428777694702148}, "32": {"x": 0.08531112968921661, "y": 0.8865457773208618, "z": 0.08413795381784439, "vis": 0.6133323907852173}}