{"0": {"x": 0.2565012276172638, "y": 0.424481064081192, "z": 0.32318630814552307, "vis": 0.9975026249885559}, "1": {"x": 0.2514956593513489, "y": 0.4120981991291046, "z": 0.3069372773170471, "vis": 0.9983928799629211}, "2": {"x": 0.24860858917236328, "y": 0.4124521017074585, "z": 0.3068619668483734, "vis": 0.9979442954063416}, "3": {"x": 0.2459055483341217, "y": 0.4131072759628296, "z": 0.3067917823791504, "vis": 0.9986363053321838}, "4": {"x": 0.26240694522857666, "y": 0.41205236315727234, "z": 0.30500084161758423, "vis": 0.9979056119918823}, "5": {"x": 0.26641419529914856, "y": 0.4123895466327667, "z": 0.30501654744148254, "vis": 0.9970592260360718}, "6": {"x": 0.27022984623908997, "y": 0.41284412145614624, "z": 0.30494070053100586, "vis": 0.99809330701828}, "7": {"x": 0.24196507036685944, "y": 0.4224291145801544, "z": 0.2185550481081009, "vis": 0.9968323111534119}, "8": {"x": 0.27683666348457336, "y": 0.42348185181617737, "z": 0.21217204630374908, "vis": 0.9958353042602539}, "9": {"x": 0.2517552673816681, "y": 0.4382818937301636, "z": 0.2939593195915222, "vis": 0.9932650327682495}, "10": {"x": 0.26385942101478577, "y": 0.43991589546203613, "z": 0.2922888696193695, "vis": 0.9921644926071167}, "11": {"x": 0.2107306867837906, "y": 0.5233888030052185, "z": 0.17113637924194336, "vis": 0.9944126009941101}, "12": {"x": 0.3023180067539215, "y": 0.5212587118148804, "z": 0.12729647755622864, "vis": 0.9979044198989868}, "13": {"x": 0.21153107285499573, "y": 0.6381692886352539, "z": 0.15854951739311218, "vis": 0.07994535565376282}, "14": {"x": 0.30662959814071655, "y": 0.6289056539535522, "z": 0.13813848793506622, "vis": 0.08882638812065125}, "15": {"x": 0.2446851283311844, "y": 0.632883608341217, "z": 0.20911873877048492, "vis": 0.03777250647544861}, "16": {"x": 0.285025417804718, "y": 0.6340823173522949, "z": 0.20652255415916443, "vis": 0.02214975841343403}, "17": {"x": 0.2491842359304428, "y": 0.6275184154510498, "z": 0.22739475965499878, "vis": 0.042441871017217636}, "18": {"x": 0.28296443819999695, "y": 0.6298415064811707, "z": 0.2242009937763214, "vis": 0.02859743870794773}, "19": {"x": 0.2611882984638214, "y": 0.6183332204818726, "z": 0.23253871500492096, "vis": 0.04206198453903198}, "20": {"x": 0.27239540219306946, "y": 0.6200485229492188, "z": 0.23228371143341064, "vis": 0.029617736116051674}, "21": {"x": 0.2611750066280365, "y": 0.6200451850891113, "z": 0.21395625174045563, "vis": 0.04353002458810806}, "22": {"x": 0.2705429494380951, "y": 0.6221139430999756, "z": 0.21215781569480896, "vis": 0.03468522056937218}, "23": {"x": 0.2144542783498764, "y": 0.7320558428764343, "z": 0.020619787275791168, "vis": 0.99774169921875}, "24": {"x": 0.2776716649532318, "y": 0.7340161204338074, "z": -0.02101675048470497, "vis": 0.9977965354919434}, "25": {"x": 0.209084153175354, "y": 0.8251938819885254, "z": 0.15537838637828827, "vis": 0.5086280703544617}, "26": {"x": 0.30779704451560974, "y": 0.8513443470001221, "z": 0.036304160952568054, "vis": 0.45535406470298767}, "27": {"x": 0.19764313101768494, "y": 0.9400858879089355, "z": -0.1564268171787262, "vis": 0.8733013868331909}, "28": {"x": 0.3189542889595032, "y": 0.9735920429229736, "z": -0.3118055462837219, "vis": 0.8802838921546936}, "29": {"x": 0.18813814222812653, "y": 0.980747401714325, "z": -0.19209139049053192, "vis": 0.9508914947509766}, "30": {"x": 0.3148731291294098, "y": 0.9805922508239746, "z": -0.34784579277038574, "vis": 0.9329230189323425}, "31": {"x": 0.19123923778533936, "y": 0.9913588762283325, "z": -0.20995235443115234, "vis": 0.8580693602561951}, "32": {"x": 0.3246825635433197, "y": 0.9886060953140259, "z": -0.3694876432418823, "vis": 0.8889877796173096}}