{"0": {"x": 0.12098665535449982, "y": 0.35622429847717285, "z": 0.09846791625022888, "vis": 0.9986162185668945}, "1": {"x": 0.11802137643098831, "y": 0.3492633104324341, "z": 0.07602351158857346, "vis": 0.998498797416687}, "2": {"x": 0.11618582904338837, "y": 0.34963738918304443, "z": 0.07601472735404968, "vis": 0.9985330104827881}, "3": {"x": 0.11446830630302429, "y": 0.35040220618247986, "z": 0.07598666101694107, "vis": 0.9985535740852356}, "4": {"x": 0.12361423671245575, "y": 0.34880802035331726, "z": 0.07788225263357162, "vis": 0.9987905621528625}, "5": {"x": 0.12545888125896454, "y": 0.34876397252082825, "z": 0.07786495238542557, "vis": 0.9988868832588196}, "6": {"x": 0.12737621366977692, "y": 0.3489207923412323, "z": 0.07781738042831421, "vis": 0.9989299178123474}, "7": {"x": 0.11221062391996384, "y": 0.357638955116272, "z": 0.005173111334443092, "vis": 0.9982903599739075}, "8": {"x": 0.13089872896671295, "y": 0.3549512028694153, "z": 0.012292180210351944, "vis": 0.9984036087989807}, "9": {"x": 0.11859837919473648, "y": 0.36510545015335083, "z": 0.07758121937513351, "vis": 0.9965119957923889}, "10": {"x": 0.12450730055570602, "y": 0.3640294373035431, "z": 0.07942865788936615, "vis": 0.9968522191047668}, "11": {"x": 0.09109163284301758, "y": 0.42100441455841064, "z": -0.027943620458245277, "vis": 0.9970192909240723}, "12": {"x": 0.14861969649791718, "y": 0.4095480442047119, "z": 0.007523444481194019, "vis": 0.9938404560089111}, "13": {"x": 0.0853295773267746, "y": 0.5001408457756042, "z": 0.05432472378015518, "vis": 0.7547948956489563}, "14": {"x": 0.15426690876483917, "y": 0.470940500497818, "z": 0.0792602002620697, "vis": 0.617477297782898}, "15": {"x": 0.10110688954591751, "y": 0.47763198614120483, "z": 0.1923309564590454, "vis": 0.02840898558497429}, "16": {"x": 0.13771602511405945, "y": 0.42789557576179504, "z": 0.20166896283626556, "vis": 0.047458466142416}, "17": {"x": 0.10370603948831558, "y": 0.47301924228668213, "z": 0.2121494561433792, "vis": 0.024931447580456734}, "18": {"x": 0.13540367782115936, "y": 0.417580246925354, "z": 0.22312350571155548, "vis": 0.052414678037166595}, "19": {"x": 0.1064438447356224, "y": 0.4645892083644867, "z": 0.20887665450572968, "vis": 0.025334473699331284}, "20": {"x": 0.12985900044441223, "y": 0.4110521078109741, "z": 0.22217655181884766, "vis": 0.05175292119383812}, "21": {"x": 0.10559450834989548, "y": 0.46531200408935547, "z": 0.19520799815654755, "vis": 0.029842793941497803}, "22": {"x": 0.12945717573165894, "y": 0.4146846532821655, "z": 0.20466405153274536, "vis": 0.04978274181485176}, "23": {"x": 0.10627634078264236, "y": 0.5794788002967834, "z": -0.016604196280241013, "vis": 0.9967201352119446}, "24": {"x": 0.13645491003990173, "y": 0.5753002166748047, "z": 0.01658182218670845, "vis": 0.9945337772369385}, "25": {"x": 0.11156269162893295, "y": 0.6929107904434204, "z": -0.008607083931565285, "vis": 0.9535161852836609}, "26": {"x": 0.136965811252594, "y": 0.6871590614318848, "z": 0.036367930471897125, "vis": 0.9341031908988953}, "27": {"x": 0.1194346472620964, "y": 0.8113211393356323, "z": -0.014409632422029972, "vis": 0.9336789846420288}, "28": {"x": 0.14258436858654022, "y": 0.8011191487312317, "z": 0.03344853222370148, "vis": 0.89776611328125}, "29": {"x": 0.12046220153570175, "y": 0.8284308910369873, "z": -0.014113055542111397, "vis": 0.9667003750801086}, "30": {"x": 0.14108538627624512, "y": 0.8164654970169067, "z": 0.03333733230829239, "vis": 0.9042930006980896}, "31": {"x": 0.11792179942131042, "y": 0.8276435136795044, "z": -0.0164047759026289, "vis": 0.7536314129829407}, "32": {"x": 0.13895034790039062, "y": 0.8192546963691711, "z": 0.029931044206023216, "vis": 0.6393836140632629}}