{"0": {"x": 0.26557254791259766, "y": 0.4744923710823059, "z": 0.2272266000509262, "vis": 0.9994431138038635}, "1": {"x": 0.2605333626270294, "y": 0.46036291122436523, "z": 0.20860429108142853, "vis": 0.999671459197998}, "2": {"x": 0.2572057545185089, "y": 0.45921993255615234, "z": 0.20855426788330078, "vis": 0.9994889497756958}, "3": {"x": 0.25412213802337646, "y": 0.45871269702911377, "z": 0.2085513472557068, "vis": 0.9996397495269775}, "4": {"x": 0.270635724067688, "y": 0.4643285572528839, "z": 0.20576389133930206, "vis": 0.9996374845504761}, "5": {"x": 0.2737520933151245, "y": 0.465635746717453, "z": 0.2057497650384903, "vis": 0.999504804611206}, "6": {"x": 0.2760027348995209, "y": 0.46663698554039, "z": 0.20563088357448578, "vis": 0.9996742010116577}, "7": {"x": 0.24790889024734497, "y": 0.4645255506038666, "z": 0.12412967532873154, "vis": 0.9993964433670044}, "8": {"x": 0.2770204246044159, "y": 0.4747541546821594, "z": 0.1126830130815506, "vis": 0.9995136260986328}, "9": {"x": 0.2582339644432068, "y": 0.4842483401298523, "z": 0.19935715198516846, "vis": 0.9990367889404297}, "10": {"x": 0.26863712072372437, "y": 0.48869648575782776, "z": 0.19636636972427368, "vis": 0.999113142490387}, "11": {"x": 0.214586541056633, "y": 0.5457720160484314, "z": 0.11014381051063538, "vis": 0.9986323714256287}, "12": {"x": 0.28802964091300964, "y": 0.5632517337799072, "z": 0.03190487623214722, "vis": 0.9995334148406982}, "13": {"x": 0.22752036154270172, "y": 0.6185036897659302, "z": 0.14235541224479675, "vis": 0.043515197932720184}, "14": {"x": 0.28490114212036133, "y": 0.6723828315734863, "z": 0.060025036334991455, "vis": 0.09660345315933228}, "15": {"x": 0.24198856949806213, "y": 0.6258668303489685, "z": 0.20130501687526703, "vis": 0.04098193347454071}, "16": {"x": 0.2690942883491516, "y": 0.6820111870765686, "z": 0.1389109343290329, "vis": 0.029585979878902435}, "17": {"x": 0.24154040217399597, "y": 0.6252942085266113, "z": 0.21259719133377075, "vis": 0.05005248263478279}, "18": {"x": 0.26883623003959656, "y": 0.6845226287841797, "z": 0.15053625404834747, "vis": 0.040799934417009354}, "19": {"x": 0.24754445254802704, "y": 0.6229128241539001, "z": 0.21671846508979797, "vis": 0.05000854283571243}, "20": {"x": 0.26387691497802734, "y": 0.6769967675209045, "z": 0.14741535484790802, "vis": 0.04141424968838692}, "21": {"x": 0.24882157146930695, "y": 0.6239264607429504, "z": 0.20402953028678894, "vis": 0.04899873584508896}, "22": {"x": 0.2618298828601837, "y": 0.6758798956871033, "z": 0.1394149363040924, "vis": 0.05090195685625076}, "23": {"x": 0.1954033076763153, "y": 0.7510406374931335, "z": 0.03633540868759155, "vis": 0.9999591112136841}, "24": {"x": 0.253913938999176, "y": 0.7463801503181458, "z": -0.0368281826376915, "vis": 0.9999552965164185}, "25": {"x": 0.18827539682388306, "y": 0.8060279488563538, "z": 0.2587796449661255, "vis": 0.7993427515029907}, "26": {"x": 0.30466413497924805, "y": 0.7809550762176514, "z": 0.13293476402759552, "vis": 0.9132044911384583}, "27": {"x": 0.19727393984794617, "y": 0.9444040656089783, "z": 0.10398663580417633, "vis": 0.9874080419540405}, "28": {"x": 0.29183152318000793, "y": 0.9521340131759644, "z": -0.01278954092413187, "vis": 0.9889636039733887}, "29": {"x": 0.19615808129310608, "y": 0.9779456853866577, "z": 0.08903476595878601, "vis": 0.9944327473640442}, "30": {"x": 0.2853206694126129, "y": 0.9764276146888733, "z": -0.024748150259256363, "vis": 0.9934786558151245}, "31": {"x": 0.2100432813167572, "y": 0.9740498065948486, "z": 0.10089759528636932, "vis": 0.9632184505462646}, "32": {"x": 0.318305641412735, "y": 0.9811325073242188, "z": -0.006272728089243174, "vis": 0.9471866488456726}}