{"0": {"x": 0.22022661566734314, "y": 0.30411067605018616, "z": 0.07753739506006241, "vis": 0.9991783499717712}, "1": {"x": 0.21499142050743103, "y": 0.28814229369163513, "z": 0.04866764321923256, "vis": 0.99947589635849}, "2": {"x": 0.21223010122776031, "y": 0.2890871465206146, "z": 0.04861282557249069, "vis": 0.9994103908538818}, "3": {"x": 0.20935563743114471, "y": 0.2904731035232544, "z": 0.04846223443746567, "vis": 0.9994521737098694}, "4": {"x": 0.22314491868019104, "y": 0.2874865233898163, "z": 0.052331145852804184, "vis": 0.9994427561759949}, "5": {"x": 0.22597870230674744, "y": 0.28764039278030396, "z": 0.052405115216970444, "vis": 0.9993624091148376}, "6": {"x": 0.22887368500232697, "y": 0.288108229637146, "z": 0.05234747380018234, "vis": 0.9993826150894165}, "7": {"x": 0.20542964339256287, "y": 0.30301782488822937, "z": -0.04680655524134636, "vis": 0.9996265172958374}, "8": {"x": 0.23586784303188324, "y": 0.2995448410511017, "z": -0.03074595332145691, "vis": 0.9995152950286865}, "9": {"x": 0.2170034497976303, "y": 0.3227311372756958, "z": 0.05034784600138664, "vis": 0.998676598072052}, "10": {"x": 0.22573134303092957, "y": 0.32220229506492615, "z": 0.054985903203487396, "vis": 0.9986680746078491}, "11": {"x": 0.1777619570493698, "y": 0.4341915547847748, "z": -0.07086526602506638, "vis": 0.999196469783783}, "12": {"x": 0.2776187062263489, "y": 0.4128536581993103, "z": -0.062203794717788696, "vis": 0.9991542100906372}, "13": {"x": 0.17012113332748413, "y": 0.5695149898529053, "z": 0.03509298339486122, "vis": 0.8760359883308411}, "14": {"x": 0.2906601130962372, "y": 0.5597741007804871, "z": -0.007454611361026764, "vis": 0.8487797379493713}, "15": {"x": 0.19225259125232697, "y": 0.5490587949752808, "z": 0.21576713025569916, "vis": 0.09198957681655884}, "16": {"x": 0.28916460275650024, "y": 0.6866041421890259, "z": 0.08756198734045029, "vis": 0.3482356667518616}, "17": {"x": 0.19630272686481476, "y": 0.5422738790512085, "z": 0.2417994737625122, "vis": 0.07017653435468674}, "18": {"x": 0.2903327941894531, "y": 0.7235207557678223, "z": 0.10120996087789536, "vis": 0.28552868962287903}, "19": {"x": 0.2083195596933365, "y": 0.5299515128135681, "z": 0.24006539583206177, "vis": 0.06863316893577576}, "20": {"x": 0.28681617975234985, "y": 0.723280668258667, "z": 0.10483433306217194, "vis": 0.26690855622291565}, "21": {"x": 0.2089998871088028, "y": 0.5340918898582458, "z": 0.22071951627731323, "vis": 0.07407970726490021}, "22": {"x": 0.2853180766105652, "y": 0.7141726016998291, "z": 0.0911359041929245, "vis": 0.25660979747772217}, "23": {"x": 0.20702001452445984, "y": 0.6917206645011902, "z": -0.012532788328826427, "vis": 0.9992881417274475}, "24": {"x": 0.26398393511772156, "y": 0.6838222146034241, "z": 0.012435982935130596, "vis": 0.9982668161392212}, "25": {"x": 0.2073894590139389, "y": 0.8499689102172852, "z": 0.1212192252278328, "vis": 0.758143424987793}, "26": {"x": 0.25907713174819946, "y": 0.8586297631263733, "z": 0.17488937079906464, "vis": 0.5228973627090454}, "27": {"x": 0.2131887525320053, "y": 1.0070164203643799, "z": 0.2423027604818344, "vis": 0.5543175339698792}, "28": {"x": 0.2692238688468933, "y": 1.0011216402053833, "z": 0.2893886864185333, "vis": 0.4481215476989746}, "29": {"x": 0.21827858686447144, "y": 1.064190149307251, "z": 0.2559102177619934, "vis": 0.5897566080093384}, "30": {"x": 0.26545146107673645, "y": 1.042859435081482, "z": 0.30425533652305603, "vis": 0.5842931866645813}, "31": {"x": 0.2042727917432785, "y": 1.0183300971984863, "z": 0.27108174562454224, "vis": 0.33829212188720703}, "32": {"x": 0.26952064037323, "y": 0.9859699010848999, "z": 0.3262137770652771, "vis": 0.27739250659942627}}