{"0": {"x": 0.5373239517211914, "y": 0.5030220746994019, "z": 0.014901957474648952, "vis": 0.9995249509811401}, "1": {"x": 0.5402785539627075, "y": 0.4918147325515747, "z": 0.0027993989642709494, "vis": 0.9996531009674072}, "2": {"x": 0.5410205125808716, "y": 0.4917944073677063, "z": 0.0027813699562102556, "vis": 0.9996837377548218}, "3": {"x": 0.5418522953987122, "y": 0.4917849004268646, "z": 0.0027846258599311113, "vis": 0.9997212290763855}, "4": {"x": 0.540127694606781, "y": 0.49145033955574036, "z": 0.023278765380382538, "vis": 0.9995771050453186}, "5": {"x": 0.540683388710022, "y": 0.49112528562545776, "z": 0.02329765260219574, "vis": 0.999542236328125}, "6": {"x": 0.5413573384284973, "y": 0.4906914234161377, "z": 0.02324574626982212, "vis": 0.999599039554596}, "7": {"x": 0.5501475930213928, "y": 0.4969005286693573, "z": -0.039208997040987015, "vis": 0.9997844099998474}, "8": {"x": 0.5499902963638306, "y": 0.49449247121810913, "z": 0.05154171586036682, "vis": 0.9992749094963074}, "9": {"x": 0.5402382016181946, "y": 0.5145480632781982, "z": 0.00021870776254218072, "vis": 0.9993656277656555}, "10": {"x": 0.5395973324775696, "y": 0.5141733288764954, "z": 0.026525406166911125, "vis": 0.9990580677986145}, "11": {"x": 0.558025062084198, "y": 0.5557705760002136, "z": -0.10179759562015533, "vis": 0.9999327659606934}, "12": {"x": 0.5654252767562866, "y": 0.5545220375061035, "z": 0.10004208236932755, "vis": 0.999060332775116}, "13": {"x": 0.5567166805267334, "y": 0.6314030289649963, "z": -0.12252090871334076, "vis": 0.9660165905952454}, "14": {"x": 0.5652967095375061, "y": 0.624090313911438, "z": 0.10479143261909485, "vis": 0.040077708661556244}, "15": {"x": 0.5536016821861267, "y": 0.6989825963973999, "z": -0.09184952080249786, "vis": 0.8888612985610962}, "16": {"x": 0.5606541633605957, "y": 0.6849730014801025, "z": 0.07720032334327698, "vis": 0.028739631175994873}, "17": {"x": 0.5505802631378174, "y": 0.7199302911758423, "z": -0.10453716665506363, "vis": 0.8305646777153015}, "18": {"x": 0.5564309358596802, "y": 0.7060949206352234, "z": 0.08364462852478027, "vis": 0.03386356309056282}, "19": {"x": 0.5507980585098267, "y": 0.7179357409477234, "z": -0.10142042487859726, "vis": 0.8113114237785339}, "20": {"x": 0.5529034733772278, "y": 0.7074481844902039, "z": 0.0691060796380043, "vis": 0.03240698203444481}, "21": {"x": 0.5520232319831848, "y": 0.7103073000907898, "z": -0.0899081900715828, "vis": 0.73239666223526}, "22": {"x": 0.5537184476852417, "y": 0.7021204829216003, "z": 0.06937060505151749, "vis": 0.03438295051455498}, "23": {"x": 0.5670375823974609, "y": 0.6901944279670715, "z": -0.058228135108947754, "vis": 0.9993695616722107}, "24": {"x": 0.572650671005249, "y": 0.6879755854606628, "z": 0.058176781982183456, "vis": 0.9984245300292969}, "25": {"x": 0.5716740489006042, "y": 0.7877205014228821, "z": -0.1082836464047432, "vis": 0.97322016954422}, "26": {"x": 0.5652000308036804, "y": 0.7904962301254272, "z": 0.03841974958777428, "vis": 0.7511768937110901}, "27": {"x": 0.5757799744606018, "y": 0.9024684429168701, "z": -0.11083803325891495, "vis": 0.9655054807662964}, "28": {"x": 0.5643214583396912, "y": 0.8973721265792847, "z": 0.015638627111911774, "vis": 0.7878674864768982}, "29": {"x": 0.5794016122817993, "y": 0.9211525917053223, "z": -0.1134222149848938, "vis": 0.9542690515518188}, "30": {"x": 0.5693456530570984, "y": 0.9190984964370728, "z": 0.011381926015019417, "vis": 0.7390706539154053}, "31": {"x": 0.5582599639892578, "y": 0.922959566116333, "z": -0.16083502769470215, "vis": 0.9651806354522705}, "32": {"x": 0.5450419187545776, "y": 0.9158986806869507, "z": -0.02218056283891201, "vis": 0.8454626798629761}}