{"0": {"x": 0.06360756605863571, "y": 0.4309893548488617, "z": 0.03617369011044502, "vis": 0.9989829659461975}, "1": {"x": 0.06396207958459854, "y": 0.419579416513443, "z": 0.019642986357212067, "vis": 0.9989374279975891}, "2": {"x": 0.06434357166290283, "y": 0.4195028245449066, "z": 0.01963033154606819, "vis": 0.9986306428909302}, "3": {"x": 0.0647800862789154, "y": 0.4194142818450928, "z": 0.019623396918177605, "vis": 0.9989014863967896}, "4": {"x": 0.06477652490139008, "y": 0.4188568890094757, "z": 0.03922610729932785, "vis": 0.9991427659988403}, "5": {"x": 0.06572696566581726, "y": 0.418234646320343, "z": 0.039224255830049515, "vis": 0.9990506768226624}, "6": {"x": 0.06681070476770401, "y": 0.41751864552497864, "z": 0.039169225841760635, "vis": 0.9992982149124146}, "7": {"x": 0.07147830724716187, "y": 0.4221193194389343, "z": -0.031559091061353683, "vis": 0.9985525012016296}, "8": {"x": 0.07497861981391907, "y": 0.4191269278526306, "z": 0.055051255971193314, "vis": 0.9984591007232666}, "9": {"x": 0.0676833838224411, "y": 0.4399917721748352, "z": 0.019470851868391037, "vis": 0.9983365535736084}, "10": {"x": 0.0685570240020752, "y": 0.4395851492881775, "z": 0.04464888945221901, "vis": 0.9985373020172119}, "11": {"x": 0.08129338920116425, "y": 0.4715496897697449, "z": -0.0933593139052391, "vis": 0.9997469782829285}, "12": {"x": 0.09982652962207794, "y": 0.4661051630973816, "z": 0.10342226177453995, "vis": 0.9991726279258728}, "13": {"x": 0.08087809383869171, "y": 0.5576542615890503, "z": -0.0873444452881813, "vis": 0.9410085082054138}, "14": {"x": 0.1026536300778389, "y": 0.5535396337509155, "z": 0.12539471685886383, "vis": 0.07031815499067307}, "15": {"x": 0.05928531289100647, "y": 0.5935776233673096, "z": 0.0006784421275369823, "vis": 0.821908175945282}, "16": {"x": 0.082909494638443, "y": 0.6092478632926941, "z": 0.10776469111442566, "vis": 0.06846894323825836}, "17": {"x": 0.0521455816924572, "y": 0.6041622757911682, "z": -0.005239852704107761, "vis": 0.7433574795722961}, "18": {"x": 0.07546356320381165, "y": 0.6192722916603088, "z": 0.11641299724578857, "vis": 0.07539847493171692}, "19": {"x": 0.05067749321460724, "y": 0.5937278866767883, "z": 0.004486212506890297, "vis": 0.72807776927948}, "20": {"x": 0.07235221564769745, "y": 0.6170085668563843, "z": 0.09915583580732346, "vis": 0.07432309538125992}, "21": {"x": 0.05280036851763725, "y": 0.5903659462928772, "z": 0.0073887063190341, "vis": 0.6592153906822205}, "22": {"x": 0.07343342900276184, "y": 0.6127634644508362, "z": 0.09985585510730743, "vis": 0.08416637778282166}, "23": {"x": 0.10326886922121048, "y": 0.61716228723526, "z": -0.05964815244078636, "vis": 0.9972309470176697}, "24": {"x": 0.11891938745975494, "y": 0.6169421076774597, "z": 0.05962243676185608, "vis": 0.9954625964164734}, "25": {"x": 0.09448590129613876, "y": 0.7382004857063293, "z": -0.04811989516019821, "vis": 0.9155635237693787}, "26": {"x": 0.11147154867649078, "y": 0.7340394258499146, "z": 0.0778525099158287, "vis": 0.36274245381355286}, "27": {"x": 0.08376564085483551, "y": 0.8614414930343628, "z": -0.02860197238624096, "vis": 0.9324499368667603}, "28": {"x": 0.10976167023181915, "y": 0.8478583693504333, "z": 0.09447688609361649, "vis": 0.6179133057594299}, "29": {"x": 0.08795934915542603, "y": 0.8775594830513, "z": -0.0278560109436512, "vis": 0.9306380748748779}, "30": {"x": 0.11201246082782745, "y": 0.8666112422943115, "z": 0.09498735517263412, "vis": 0.6941776871681213}, "31": {"x": 0.06349450349807739, "y": 0.8793874979019165, "z": -0.050740648061037064, "vis": 0.8876770734786987}, "32": {"x": 0.09533245116472244, "y": 0.8669775128364563, "z": 0.07587681710720062, "vis": 0.5934841632843018}}