{"0": {"x": 0.31666746735572815, "y": 0.6456809639930725, "z": 0.0834244042634964, "vis": 0.9933639764785767}, "1": {"x": 0.3135053813457489, "y": 0.6328842043876648, "z": 0.06595063209533691, "vis": 0.9950835704803467}, "2": {"x": 0.3109992444515228, "y": 0.6336826682090759, "z": 0.06590380519628525, "vis": 0.9933732748031616}, "3": {"x": 0.3084803521633148, "y": 0.6348369717597961, "z": 0.06583146750926971, "vis": 0.9964174032211304}, "4": {"x": 0.32140105962753296, "y": 0.6321134567260742, "z": 0.06659014523029327, "vis": 0.9949256181716919}, "5": {"x": 0.3238339424133301, "y": 0.6324959993362427, "z": 0.06661944091320038, "vis": 0.9930912256240845}, "6": {"x": 0.3261393904685974, "y": 0.6331721544265747, "z": 0.06651654094457626, "vis": 0.9957185387611389}, "7": {"x": 0.30574944615364075, "y": 0.6463541388511658, "z": -0.005431450437754393, "vis": 0.9981355667114258}, "8": {"x": 0.3301396071910858, "y": 0.6431720852851868, "z": -0.00035942185786552727, "vis": 0.9959936141967773}, "9": {"x": 0.3121162950992584, "y": 0.6613255143165588, "z": 0.06177549436688423, "vis": 0.9905531406402588}, "10": {"x": 0.3210527002811432, "y": 0.66251540184021, "z": 0.06346617639064789, "vis": 0.9881137013435364}, "11": {"x": 0.27334046363830566, "y": 0.745193600654602, "z": -0.01897299289703369, "vis": 0.9984230995178223}, "12": {"x": 0.35358157753944397, "y": 0.7546058297157288, "z": -0.04120762646198273, "vis": 0.9984069466590881}, "13": {"x": 0.27651339769363403, "y": 0.8535869717597961, "z": -0.0019519893685355783, "vis": 0.24281762540340424}, "14": {"x": 0.34763696789741516, "y": 0.8649272918701172, "z": -0.04317454993724823, "vis": 0.03797374293208122}, "15": {"x": 0.282500684261322, "y": 0.909879744052887, "z": 0.047529928386211395, "vis": 0.08776440471410751}, "16": {"x": 0.3322644829750061, "y": 0.9146254658699036, "z": -0.0460859015583992, "vis": 0.015292719006538391}, "17": {"x": 0.28141307830810547, "y": 0.9208436608314514, "z": 0.04520919546484947, "vis": 0.06375940144062042}, "18": {"x": 0.32880762219429016, "y": 0.9242949485778809, "z": -0.05469286069273949, "vis": 0.012041151523590088}, "19": {"x": 0.2853792607784271, "y": 0.9110141396522522, "z": 0.05046791955828667, "vis": 0.06396670639514923}, "20": {"x": 0.3217824101448059, "y": 0.9122381210327148, "z": -0.057394806295633316, "vis": 0.012349417433142662}, "21": {"x": 0.28845563530921936, "y": 0.9073867201805115, "z": 0.04988933354616165, "vis": 0.06441202014684677}, "22": {"x": 0.31985875964164734, "y": 0.9084166884422302, "z": -0.04937096685171127, "vis": 0.013956117443740368}, "23": {"x": 0.28121042251586914, "y": 0.950690507888794, "z": 0.022567210718989372, "vis": 0.9998918771743774}, "24": {"x": 0.3333737850189209, "y": 0.9502179026603699, "z": -0.0228869765996933, "vis": 0.9998812675476074}, "25": {"x": 0.25086894631385803, "y": 0.9469005465507507, "z": 0.2516377568244934, "vis": 0.1939360797405243}, "26": {"x": 0.38932114839553833, "y": 0.9094599485397339, "z": 0.18575908243656158, "vis": 0.41053199768066406}, "27": {"x": 0.2577173113822937, "y": 0.9915786981582642, "z": 0.37304896116256714, "vis": 0.17353349924087524}, "28": {"x": 0.36034321784973145, "y": 0.9720984101295471, "z": 0.32286006212234497, "vis": 0.2177041620016098}, "29": {"x": 0.2598113417625427, "y": 1.0030550956726074, "z": 0.3878742754459381, "vis": 0.19498325884342194}, "30": {"x": 0.35268017649650574, "y": 0.9860243797302246, "z": 0.34028616547584534, "vis": 0.3161360025405884}, "31": {"x": 0.2590416669845581, "y": 0.9841313362121582, "z": 0.4240310788154602, "vis": 0.09650955349206924}, "32": {"x": 0.3617434799671173, "y": 0.9793019890785217, "z": 0.39811384677886963, "vis": 0.16603517532348633}}