{"0": {"x": 0.3003641963005066, "y": 1.018710732460022, "z": -0.17295841872692108, "vis": 0.9989838004112244}, "1": {"x": 0.30281075835227966, "y": 1.0239572525024414, "z": -0.20343659818172455, "vis": 0.9987714886665344}, "2": {"x": 0.30403849482536316, "y": 1.0218907594680786, "z": -0.20339339971542358, "vis": 0.9988150596618652}, "3": {"x": 0.3028865158557892, "y": 1.0334703922271729, "z": -0.20334944128990173, "vis": 0.9982905983924866}, "4": {"x": 0.2938900887966156, "y": 1.0343635082244873, "z": -0.19363196194171906, "vis": 0.9990518689155579}, "5": {"x": 0.29154449701309204, "y": 1.033780574798584, "z": -0.19367630779743195, "vis": 0.9991440773010254}, "6": {"x": 0.2891561686992645, "y": 1.0331603288650513, "z": -0.19372056424617767, "vis": 0.9988940358161926}, "7": {"x": 0.3028852343559265, "y": 1.0138648748397827, "z": -0.2542530298233032, "vis": 0.9980345368385315}, "8": {"x": 0.28013619780540466, "y": 1.013594150543213, "z": -0.21080851554870605, "vis": 0.9989511966705322}, "9": {"x": 0.301967978477478, "y": 0.9896336197853088, "z": -0.18044458329677582, "vis": 0.9955525994300842}, "10": {"x": 0.2975366711616516, "y": 0.9893462061882019, "z": -0.16768136620521545, "vis": 0.9968329071998596}, "11": {"x": 0.33465996384620667, "y": 0.9284541606903076, "z": -0.21502822637557983, "vis": 0.9976480603218079}, "12": {"x": 0.24345336854457855, "y": 0.9211982488632202, "z": -0.1587221622467041, "vis": 0.9971961975097656}, "13": {"x": 0.37294602394104004, "y": 0.8704227209091187, "z": -0.093987837433815, "vis": 0.8001775145530701}, "14": {"x": 0.24909687042236328, "y": 0.8740869760513306, "z": 0.009236417710781097, "vis": 0.23411394655704498}, "15": {"x": 0.3506692945957184, "y": 0.9738636016845703, "z": 0.04539300873875618, "vis": 0.7096536755561829}, "16": {"x": 0.27293211221694946, "y": 0.9581620693206787, "z": 0.17016272246837616, "vis": 0.1446475088596344}, "17": {"x": 0.35028332471847534, "y": 0.9936792850494385, "z": 0.04743293672800064, "vis": 0.7370693683624268}, "18": {"x": 0.2731423079967499, "y": 0.9721897840499878, "z": 0.1807216852903366, "vis": 0.19740459322929382}, "19": {"x": 0.3396676778793335, "y": 1.0055792331695557, "z": 0.03628302365541458, "vis": 0.7296686172485352}, "20": {"x": 0.2804828882217407, "y": 0.9758133888244629, "z": 0.1686393916606903, "vis": 0.18763311207294464}, "21": {"x": 0.3365132510662079, "y": 0.9945170879364014, "z": 0.045184358954429626, "vis": 0.6994960308074951}, "22": {"x": 0.28347456455230713, "y": 0.9693523645401001, "z": 0.16928477585315704, "vis": 0.19174180924892426}, "23": {"x": 0.3136408030986786, "y": 0.6947585344314575, "z": -0.005468156188726425, "vis": 0.9988849759101868}, "24": {"x": 0.27687686681747437, "y": 0.6835951209068298, "z": 0.0053033665753901005, "vis": 0.9992320537567139}, "25": {"x": 0.32800453901290894, "y": 0.5836387872695923, "z": 0.22067204117774963, "vis": 0.20536532998085022}, "26": {"x": 0.3132021129131317, "y": 0.5570065975189209, "z": 0.19408993422985077, "vis": 0.3101131021976471}, "27": {"x": 0.3536720275878906, "y": 0.44164878129959106, "z": 0.41360071301460266, "vis": 0.5518015623092651}, "28": {"x": 0.3453662395477295, "y": 0.4106498658657074, "z": 0.3421754539012909, "vis": 0.7656159996986389}, "29": {"x": 0.3567579388618469, "y": 0.4117628335952759, "z": 0.43541640043258667, "vis": 0.6074604392051697}, "30": {"x": 0.3514343202114105, "y": 0.3798877000808716, "z": 0.3580303192138672, "vis": 0.8119422197341919}, "31": {"x": 0.3572762608528137, "y": 0.43364259600639343, "z": 0.4310539662837982, "vis": 0.41010597348213196}, "32": {"x": 0.35490548610687256, "y": 0.39126408100128174, "z": 0.33630427718162537, "vis": 0.47784459590911865}}