{"0": {"x": 0.15977472066879272, "y": 0.4755510687828064, "z": 0.09664768725633621, "vis": 0.9995933175086975}, "1": {"x": 0.1614800989627838, "y": 0.4668298363685608, "z": 0.07702142000198364, "vis": 0.9993671774864197}, "2": {"x": 0.1608317792415619, "y": 0.4672779142856598, "z": 0.07704733312129974, "vis": 0.999309778213501}, "3": {"x": 0.1592608541250229, "y": 0.4680856466293335, "z": 0.0770735815167427, "vis": 0.9991581439971924}, "4": {"x": 0.16685202717781067, "y": 0.46572011709213257, "z": 0.07984790951013565, "vis": 0.9995391368865967}, "5": {"x": 0.1689065396785736, "y": 0.4653674364089966, "z": 0.07982119917869568, "vis": 0.999538779258728}, "6": {"x": 0.17069128155708313, "y": 0.4651872217655182, "z": 0.0797528326511383, "vis": 0.9995899796485901}, "7": {"x": 0.1612541824579239, "y": 0.4753243327140808, "z": 0.014006576500833035, "vis": 0.9992220401763916}, "8": {"x": 0.1767335683107376, "y": 0.47087013721466064, "z": 0.0265043992549181, "vis": 0.999377965927124}, "9": {"x": 0.15986280143260956, "y": 0.48468220233917236, "z": 0.07865483313798904, "vis": 0.9983966946601868}, "10": {"x": 0.16403302550315857, "y": 0.48420464992523193, "z": 0.08213133364915848, "vis": 0.9990704655647278}, "11": {"x": 0.1435537338256836, "y": 0.540998101234436, "z": -0.043994344770908356, "vis": 0.999670147895813}, "12": {"x": 0.20062923431396484, "y": 0.5229448080062866, "z": 0.015123528428375721, "vis": 0.9999440908432007}, "13": {"x": 0.11832382529973984, "y": 0.6112297177314758, "z": 0.008322414010763168, "vis": 0.9824925661087036}, "14": {"x": 0.2288602888584137, "y": 0.5685514211654663, "z": 0.023421121761202812, "vis": 0.9958257675170898}, "15": {"x": 0.13558851182460785, "y": 0.6090855598449707, "z": 0.1365051418542862, "vis": 0.08028369396924973}, "16": {"x": 0.23576731979846954, "y": 0.6025202870368958, "z": 0.05894948169589043, "vis": 0.7161514163017273}, "17": {"x": 0.13932955265045166, "y": 0.6126505732536316, "z": 0.1529809534549713, "vis": 0.05964324623346329}, "18": {"x": 0.23725378513336182, "y": 0.6111138463020325, "z": 0.07091332226991653, "vis": 0.5549537539482117}, "19": {"x": 0.14477665722370148, "y": 0.6076679825782776, "z": 0.15474574267864227, "vis": 0.06035585328936577}, "20": {"x": 0.23390886187553406, "y": 0.6109743118286133, "z": 0.0741516575217247, "vis": 0.5469062924385071}, "21": {"x": 0.14522407948970795, "y": 0.6060734987258911, "z": 0.14139841496944427, "vis": 0.0715193822979927}, "22": {"x": 0.23123914003372192, "y": 0.6092760562896729, "z": 0.0623418390750885, "vis": 0.4914359450340271}, "23": {"x": 0.16919675469398499, "y": 0.698453962802887, "z": -0.04782727360725403, "vis": 0.999711811542511}, "24": {"x": 0.1988278329372406, "y": 0.6873156428337097, "z": 0.04756690561771393, "vis": 0.9997919201850891}, "25": {"x": 0.16665971279144287, "y": 0.8018497824668884, "z": -0.023125305771827698, "vis": 0.982948362827301}, "26": {"x": 0.190497487783432, "y": 0.7996135950088501, "z": 0.06880016624927521, "vis": 0.6662367582321167}, "27": {"x": 0.20363935828208923, "y": 0.8882441520690918, "z": -0.10899417102336884, "vis": 0.9875355362892151}, "28": {"x": 0.18768638372421265, "y": 0.9177229404449463, "z": -0.019383730366826057, "vis": 0.9515833854675293}, "29": {"x": 0.21191468834877014, "y": 0.8877781629562378, "z": -0.11508118361234665, "vis": 0.9935850501060486}, "30": {"x": 0.18968884646892548, "y": 0.9272096157073975, "z": -0.02781752310693264, "vis": 0.9708458185195923}, "31": {"x": 0.19257238507270813, "y": 0.9465319514274597, "z": -0.10826239734888077, "vis": 0.9836298823356628}, "32": {"x": 0.16925978660583496, "y": 0.9381318688392639, "z": -0.03522076457738876, "vis": 0.9452212452888489}}