{"0": {"x": 0.23480741679668427, "y": 0.2973601818084717, "z": 0.020082155242562294, "vis": 0.9997058510780334}, "1": {"x": 0.23084108531475067, "y": 0.2833876311779022, "z": -0.005843541119247675, "vis": 0.9997325539588928}, "2": {"x": 0.22877366840839386, "y": 0.28430548310279846, "z": -0.005873511545360088, "vis": 0.9996812343597412}, "3": {"x": 0.22663229703903198, "y": 0.2856088876724243, "z": -0.005952185019850731, "vis": 0.9996912479400635}, "4": {"x": 0.23804780840873718, "y": 0.2818014919757843, "z": -0.0014728574315086007, "vis": 0.9996740818023682}, "5": {"x": 0.24080155789852142, "y": 0.28153473138809204, "z": -0.001457510283216834, "vis": 0.9996228218078613}, "6": {"x": 0.24369747936725616, "y": 0.28163954615592957, "z": -0.0015359827084466815, "vis": 0.9996343851089478}, "7": {"x": 0.22393563389778137, "y": 0.2968105673789978, "z": -0.0934038758277893, "vis": 0.9997984766960144}, "8": {"x": 0.24952363967895508, "y": 0.2917758822441101, "z": -0.07511617988348007, "vis": 0.9997813105583191}, "9": {"x": 0.23223507404327393, "y": 0.31458428502082825, "z": -0.006122766528278589, "vis": 0.9996902942657471}, "10": {"x": 0.24072876572608948, "y": 0.3135524094104767, "z": -0.0005511125200428069, "vis": 0.9997038245201111}, "11": {"x": 0.18992842733860016, "y": 0.4155418276786804, "z": -0.11787033081054688, "vis": 0.9997718930244446}, "12": {"x": 0.2838922441005707, "y": 0.39603927731513977, "z": -0.09646571427583694, "vis": 0.9998546838760376}, "13": {"x": 0.17754854261875153, "y": 0.548587441444397, "z": -0.10136683285236359, "vis": 0.9037505388259888}, "14": {"x": 0.2956809997558594, "y": 0.548782467842102, "z": -0.0687999352812767, "vis": 0.9480759501457214}, "15": {"x": 0.17019058763980865, "y": 0.6745901107788086, "z": -0.03558878228068352, "vis": 0.5757200121879578}, "16": {"x": 0.30414754152297974, "y": 0.6802101135253906, "z": 0.011745752766728401, "vis": 0.8557388782501221}, "17": {"x": 0.16510280966758728, "y": 0.7094092965126038, "z": -0.0342448428273201, "vis": 0.48259520530700684}, "18": {"x": 0.3081403374671936, "y": 0.7186551094055176, "z": 0.019543888047337532, "vis": 0.7979002594947815}, "19": {"x": 0.17046640813350677, "y": 0.7093299627304077, "z": -0.03600209206342697, "vis": 0.46557602286338806}, "20": {"x": 0.30645209550857544, "y": 0.7182022333145142, "z": 0.019868386909365654, "vis": 0.7752626538276672}, "21": {"x": 0.17518991231918335, "y": 0.6968004703521729, "z": -0.0349784679710865, "vis": 0.42822402715682983}, "22": {"x": 0.3021690845489502, "y": 0.7017015814781189, "z": 0.013152940198779106, "vis": 0.7394570708274841}, "23": {"x": 0.22133609652519226, "y": 0.6544066071510315, "z": -0.014987313188612461, "vis": 0.9996265172958374}, "24": {"x": 0.26425066590309143, "y": 0.6578795909881592, "z": 0.014846818521618843, "vis": 0.9991235136985779}, "25": {"x": 0.21669578552246094, "y": 0.8159598112106323, "z": 0.07680906355381012, "vis": 0.7067198753356934}, "26": {"x": 0.26213783025741577, "y": 0.8218091726303101, "z": 0.132242813706398, "vis": 0.5267748236656189}, "27": {"x": 0.20778398215770721, "y": 0.9810954332351685, "z": 0.18302124738693237, "vis": 0.6431950926780701}, "28": {"x": 0.26496219635009766, "y": 0.9718514084815979, "z": 0.23252244293689728, "vis": 0.42978838086128235}, "29": {"x": 0.20839247107505798, "y": 1.01730477809906, "z": 0.1921064555644989, "vis": 0.7434802651405334}, "30": {"x": 0.2639504671096802, "y": 1.0025444030761719, "z": 0.24387849867343903, "vis": 0.6099080443382263}, "31": {"x": 0.20249055325984955, "y": 0.9849890470504761, "z": 0.17938147485256195, "vis": 0.5080616474151611}, "32": {"x": 0.269235223531723, "y": 0.9661856293678284, "z": 0.23772946000099182, "vis": 0.2743349075317383}}