{"0": {"x": 0.2605511248111725, "y": 0.3323930501937866, "z": 0.13042211532592773, "vis": 0.999656081199646}, "1": {"x": 0.25546932220458984, "y": 0.3217880129814148, "z": 0.10532505065202713, "vis": 0.9996131062507629}, "2": {"x": 0.2527623474597931, "y": 0.3225708305835724, "z": 0.10529965907335281, "vis": 0.9996441602706909}, "3": {"x": 0.25012409687042236, "y": 0.3237098753452301, "z": 0.10524282604455948, "vis": 0.9996471405029297}, "4": {"x": 0.2653862237930298, "y": 0.3209318220615387, "z": 0.10763468593358994, "vis": 0.9995123147964478}, "5": {"x": 0.26892828941345215, "y": 0.3211706578731537, "z": 0.10767610371112823, "vis": 0.9994994401931763}, "6": {"x": 0.27251550555229187, "y": 0.3218564987182617, "z": 0.10759995132684708, "vis": 0.9993898868560791}, "7": {"x": 0.24599991738796234, "y": 0.33259791135787964, "z": 0.007427603006362915, "vis": 0.9997480511665344}, "8": {"x": 0.2778666913509369, "y": 0.33076757192611694, "z": 0.01669495180249214, "vis": 0.99946528673172}, "9": {"x": 0.2557246685028076, "y": 0.34580114483833313, "z": 0.09988287836313248, "vis": 0.9996232986450195}, "10": {"x": 0.26659879088401794, "y": 0.3447152376174927, "z": 0.10249022394418716, "vis": 0.9995598196983337}, "11": {"x": 0.21951593458652496, "y": 0.43251630663871765, "z": -0.04369135946035385, "vis": 0.9998922348022461}, "12": {"x": 0.3019624948501587, "y": 0.41568776965141296, "z": -0.025174418464303017, "vis": 0.9998062252998352}, "13": {"x": 0.21008844673633575, "y": 0.5516119599342346, "z": -0.05546785891056061, "vis": 0.9699041843414307}, "14": {"x": 0.3138047158718109, "y": 0.5452523827552795, "z": -0.029239777475595474, "vis": 0.9799336194992065}, "15": {"x": 0.20496410131454468, "y": 0.6611219644546509, "z": -0.04034382104873657, "vis": 0.8934816718101501}, "16": {"x": 0.3250890076160431, "y": 0.6600437760353088, "z": -0.015402897261083126, "vis": 0.9097055792808533}, "17": {"x": 0.20112958550453186, "y": 0.6942241191864014, "z": -0.04745905101299286, "vis": 0.819524347782135}, "18": {"x": 0.33298158645629883, "y": 0.6930627226829529, "z": -0.017224261537194252, "vis": 0.8408109545707703}, "19": {"x": 0.20584912598133087, "y": 0.689848005771637, "z": -0.04814540222287178, "vis": 0.8063376545906067}, "20": {"x": 0.3301619589328766, "y": 0.6922399997711182, "z": -0.016878804191946983, "vis": 0.8206478357315063}, "21": {"x": 0.20942312479019165, "y": 0.678318440914154, "z": -0.03996016085147858, "vis": 0.7495651245117188}, "22": {"x": 0.32506614923477173, "y": 0.6814494132995605, "z": -0.015125330537557602, "vis": 0.7724242806434631}, "23": {"x": 0.24220678210258484, "y": 0.6573531627655029, "z": -0.009131406433880329, "vis": 0.9996724128723145}, "24": {"x": 0.28722670674324036, "y": 0.6572664380073547, "z": 0.0089439507573843, "vis": 0.9992341995239258}, "25": {"x": 0.23036374151706696, "y": 0.8200720548629761, "z": 0.05215652659535408, "vis": 0.9187803864479065}, "26": {"x": 0.30647146701812744, "y": 0.8116016387939453, "z": 0.10812452435493469, "vis": 0.8236167430877686}, "27": {"x": 0.22725917398929596, "y": 0.964819073677063, "z": 0.12420931458473206, "vis": 0.7866796851158142}, "28": {"x": 0.3058767318725586, "y": 0.9652165174484253, "z": 0.17466381192207336, "vis": 0.6905166506767273}, "29": {"x": 0.22879493236541748, "y": 0.9773027300834656, "z": 0.1313764899969101, "vis": 0.8553049564361572}, "30": {"x": 0.30143216252326965, "y": 0.9795252084732056, "z": 0.18255451321601868, "vis": 0.8217357397079468}, "31": {"x": 0.21979865431785583, "y": 0.9622251987457275, "z": 0.11748767644166946, "vis": 0.38290852308273315}, "32": {"x": 0.3096552789211273, "y": 0.9591285586357117, "z": 0.171378955245018, "vis": 0.27636346220970154}}