{"0": {"x": 0.21501946449279785, "y": 0.6028617024421692, "z": 0.08496813476085663, "vis": 0.9946807026863098}, "1": {"x": 0.21048808097839355, "y": 0.5899920463562012, "z": 0.08814814686775208, "vis": 0.9971851706504822}, "2": {"x": 0.20892561972141266, "y": 0.5893675088882446, "z": 0.08807330578565598, "vis": 0.9963185787200928}, "3": {"x": 0.20754040777683258, "y": 0.5887769460678101, "z": 0.08799882978200912, "vis": 0.9979762434959412}, "4": {"x": 0.213293194770813, "y": 0.591731607913971, "z": 0.06826171278953552, "vis": 0.997322142124176}, "5": {"x": 0.21343354880809784, "y": 0.5922486782073975, "z": 0.06819914281368256, "vis": 0.9963667392730713}, "6": {"x": 0.21370574831962585, "y": 0.5926153659820557, "z": 0.06809418648481369, "vis": 0.9974507689476013}, "7": {"x": 0.19696487486362457, "y": 0.5966607332229614, "z": 0.08286695182323456, "vis": 0.9979311227798462}, "8": {"x": 0.20634937286376953, "y": 0.6012136340141296, "z": -0.0028215234633535147, "vis": 0.9952725768089294}, "9": {"x": 0.20999634265899658, "y": 0.6170245409011841, "z": 0.08459208160638809, "vis": 0.9953303337097168}, "10": {"x": 0.21376898884773254, "y": 0.6192597150802612, "z": 0.06004227697849274, "vis": 0.9960381984710693}, "11": {"x": 0.16467995941638947, "y": 0.6725025177001953, "z": 0.1195179745554924, "vis": 0.9980973601341248}, "12": {"x": 0.1969756931066513, "y": 0.6803646087646484, "z": -0.08180742710828781, "vis": 0.999626874923706}, "13": {"x": 0.18303705751895905, "y": 0.7959020137786865, "z": 0.10360915958881378, "vis": 0.017111778259277344}, "14": {"x": 0.2066209763288498, "y": 0.8046556711196899, "z": -0.07298562675714493, "vis": 0.12588779628276825}, "15": {"x": 0.20181085169315338, "y": 0.8735510110855103, "z": 0.07713983207941055, "vis": 0.018699245527386665}, "16": {"x": 0.21371783316135406, "y": 0.8488135933876038, "z": 0.01615796983242035, "vis": 0.06252244859933853}, "17": {"x": 0.20377521216869354, "y": 0.8920333385467529, "z": 0.07751572877168655, "vis": 0.02518383413553238}, "18": {"x": 0.21463964879512787, "y": 0.8608291745185852, "z": 0.01770191453397274, "vis": 0.07743456959724426}, "19": {"x": 0.20538704097270966, "y": 0.8868661522865295, "z": 0.07646707445383072, "vis": 0.025239339098334312}, "20": {"x": 0.21548189222812653, "y": 0.8537952303886414, "z": 0.019146086648106575, "vis": 0.07398948818445206}, "21": {"x": 0.2048483043909073, "y": 0.8818894028663635, "z": 0.0737309679389, "vis": 0.025404730811715126}, "22": {"x": 0.2120976448059082, "y": 0.8518437743186951, "z": 0.018349114805459976, "vis": 0.08517971634864807}, "23": {"x": 0.13941705226898193, "y": 0.9089680910110474, "z": 0.06857214868068695, "vis": 0.9999703168869019}, "24": {"x": 0.15955302119255066, "y": 0.8992412090301514, "z": -0.0688551515340805, "vis": 0.9999759197235107}, "25": {"x": 0.19704797863960266, "y": 0.9089553952217102, "z": 0.19577832520008087, "vis": 0.2295762598514557}, "26": {"x": 0.26005223393440247, "y": 0.7993597984313965, "z": 0.03920954465866089, "vis": 0.7158246040344238}, "27": {"x": 0.14607329666614532, "y": 0.967597246170044, "z": 0.16692887246608734, "vis": 0.41419196128845215}, "28": {"x": 0.25826141238212585, "y": 0.9943544268608093, "z": 0.05370697006583214, "vis": 0.7061106562614441}, "29": {"x": 0.13527241349220276, "y": 0.9695014357566833, "z": 0.1659359186887741, "vis": 0.511246383190155}, "30": {"x": 0.2457941472530365, "y": 1.0301259756088257, "z": 0.05738391354680061, "vis": 0.7954141497612}, "31": {"x": 0.1470368206501007, "y": 0.9930206537246704, "z": 0.17280136048793793, "vis": 0.48301273584365845}, "32": {"x": 0.2976425886154175, "y": 1.0291630029678345, "z": 0.06929806619882584, "vis": 0.6885184049606323}}