{"0": {"x": 0.21372559666633606, "y": 0.6057731509208679, "z": 0.035385970026254654, "vis": 0.9998461008071899}, "1": {"x": 0.21490682661533356, "y": 0.5908938646316528, "z": 0.04484155774116516, "vis": 0.9999098777770996}, "2": {"x": 0.21440818905830383, "y": 0.5897642970085144, "z": 0.04476727545261383, "vis": 0.9998892545700073}, "3": {"x": 0.21391843259334564, "y": 0.5885461568832397, "z": 0.044711023569107056, "vis": 0.9999377727508545}, "4": {"x": 0.21440503001213074, "y": 0.5902667045593262, "z": 0.020949089899659157, "vis": 0.9999347925186157}, "5": {"x": 0.21346312761306763, "y": 0.5887619853019714, "z": 0.020910119637846947, "vis": 0.9999220371246338}, "6": {"x": 0.2125253677368164, "y": 0.587161123752594, "z": 0.020854543894529343, "vis": 0.9999344348907471}, "7": {"x": 0.20395219326019287, "y": 0.5780625343322754, "z": 0.08996742963790894, "vis": 0.9999122619628906}, "8": {"x": 0.20354332029819489, "y": 0.578058123588562, "z": -0.016027988865971565, "vis": 0.9998831748962402}, "9": {"x": 0.20760682225227356, "y": 0.6122645735740662, "z": 0.0541863739490509, "vis": 0.9997479319572449}, "10": {"x": 0.20677070319652557, "y": 0.6110670566558838, "z": 0.02355734258890152, "vis": 0.9998175501823425}, "11": {"x": 0.16899923980236053, "y": 0.6108473539352417, "z": 0.1541895568370819, "vis": 0.9993460774421692}, "12": {"x": 0.17485079169273376, "y": 0.6171072721481323, "z": -0.08524635434150696, "vis": 0.9998478889465332}, "13": {"x": 0.14786002039909363, "y": 0.7289690375328064, "z": 0.1618403047323227, "vis": 0.021247174590826035}, "14": {"x": 0.16045688092708588, "y": 0.7457833886146545, "z": -0.11325375735759735, "vis": 0.7744525074958801}, "15": {"x": 0.14918869733810425, "y": 0.8303854465484619, "z": 0.12724095582962036, "vis": 0.03684186190366745}, "16": {"x": 0.17923729121685028, "y": 0.8573847413063049, "z": -0.07870060205459595, "vis": 0.7740195989608765}, "17": {"x": 0.15235069394111633, "y": 0.8428120613098145, "z": 0.1343279927968979, "vis": 0.0522758774459362}, "18": {"x": 0.17706167697906494, "y": 0.8791617155075073, "z": -0.09142852574586868, "vis": 0.7332037687301636}, "19": {"x": 0.15506970882415771, "y": 0.8482247591018677, "z": 0.11453405767679214, "vis": 0.050639040768146515}, "20": {"x": 0.1789064109325409, "y": 0.894232451915741, "z": -0.07537582516670227, "vis": 0.7094885110855103}, "21": {"x": 0.15279926359653473, "y": 0.8446665406227112, "z": 0.11728089302778244, "vis": 0.05439293012022972}, "22": {"x": 0.17652437090873718, "y": 0.8871349096298218, "z": -0.07131104916334152, "vis": 0.6351168155670166}, "23": {"x": 0.08205252885818481, "y": 0.749506413936615, "z": 0.06544370949268341, "vis": 0.9999778270721436}, "24": {"x": 0.08145707100629807, "y": 0.7412388324737549, "z": -0.06556320935487747, "vis": 0.9999523162841797}, "25": {"x": 0.14930957555770874, "y": 0.8295478820800781, "z": 0.045588020235300064, "vis": 0.8359547853469849}, "26": {"x": 0.17958204448223114, "y": 0.7030900716781616, "z": -0.07830848544836044, "vis": 0.9468461275100708}, "27": {"x": 0.05398222431540489, "y": 0.8161957859992981, "z": 0.014522746205329895, "vis": 0.9064453840255737}, "28": {"x": 0.11466097831726074, "y": 0.8205112814903259, "z": -0.02046245150268078, "vis": 0.9340558648109436}, "29": {"x": 0.040035296231508255, "y": 0.7963959574699402, "z": 0.013491780497133732, "vis": 0.9266166687011719}, "30": {"x": 0.09729848057031631, "y": 0.8205740451812744, "z": -0.011478210799396038, "vis": 0.9252656102180481}, "31": {"x": 0.033295392990112305, "y": 0.8523693084716797, "z": 0.002937060547992587, "vis": 0.9307557344436646}, "32": {"x": 0.11961536854505539, "y": 0.8878702521324158, "z": 0.001244684448465705, "vis": 0.9256688952445984}}