{"0": {"x": 0.31452739238739014, "y": 0.31878355145454407, "z": 0.1393706351518631, "vis": 0.9998829364776611}, "1": {"x": 0.3103475570678711, "y": 0.3043617308139801, "z": 0.11715575307607651, "vis": 0.9999446868896484}, "2": {"x": 0.30785414576530457, "y": 0.30528879165649414, "z": 0.11717367172241211, "vis": 0.9999196529388428}, "3": {"x": 0.30528321862220764, "y": 0.3064562976360321, "z": 0.11712681502103806, "vis": 0.9999475479125977}, "4": {"x": 0.3183325231075287, "y": 0.30454397201538086, "z": 0.11613111197948456, "vis": 0.9999411106109619}, "5": {"x": 0.32136988639831543, "y": 0.3055739998817444, "z": 0.11612994968891144, "vis": 0.9999127388000488}, "6": {"x": 0.3248003423213959, "y": 0.30692845582962036, "z": 0.11608812212944031, "vis": 0.9999526739120483}, "7": {"x": 0.2984076142311096, "y": 0.3199601471424103, "z": 0.03298921510577202, "vis": 0.9999144077301025}, "8": {"x": 0.33282119035720825, "y": 0.3215325176715851, "z": 0.027965260669589043, "vis": 0.9999332427978516}, "9": {"x": 0.3098785877227783, "y": 0.33629828691482544, "z": 0.11431913822889328, "vis": 0.9997795224189758}, "10": {"x": 0.3186934292316437, "y": 0.33741098642349243, "z": 0.1130572259426117, "vis": 0.9998370409011841}, "11": {"x": 0.2617926597595215, "y": 0.4331717789173126, "z": 0.0071502733044326305, "vis": 0.9993818998336792}, "12": {"x": 0.35656169056892395, "y": 0.4390980303287506, "z": -0.019172705709934235, "vis": 0.999833345413208}, "13": {"x": 0.24975554645061493, "y": 0.5754161477088928, "z": 0.06181509420275688, "vis": 0.6137606501579285}, "14": {"x": 0.3636884391307831, "y": 0.5723156929016113, "z": 0.03303178399801254, "vis": 0.851383626461029}, "15": {"x": 0.2697739005088806, "y": 0.6351680755615234, "z": 0.19171816110610962, "vis": 0.03309950232505798}, "16": {"x": 0.3549649715423584, "y": 0.6422790288925171, "z": 0.1425970494747162, "vis": 0.15108251571655273}, "17": {"x": 0.27624931931495667, "y": 0.6509668231010437, "z": 0.21356834471225739, "vis": 0.025443194434046745}, "18": {"x": 0.34908634424209595, "y": 0.6682369112968445, "z": 0.1628543734550476, "vis": 0.11356557905673981}, "19": {"x": 0.28000712394714355, "y": 0.6490982174873352, "z": 0.21542151272296906, "vis": 0.02399348095059395}, "20": {"x": 0.3505234122276306, "y": 0.6503546833992004, "z": 0.16488271951675415, "vis": 0.11239120364189148}, "21": {"x": 0.2792541980743408, "y": 0.6422467231750488, "z": 0.19628190994262695, "vis": 0.02759680338203907}, "22": {"x": 0.3485458791255951, "y": 0.6431171298027039, "z": 0.1472388505935669, "vis": 0.10611346364021301}, "23": {"x": 0.2800355851650238, "y": 0.6663416028022766, "z": 0.011118525639176369, "vis": 0.9990629553794861}, "24": {"x": 0.3322999179363251, "y": 0.6674594879150391, "z": -0.01128755509853363, "vis": 0.9995220899581909}, "25": {"x": 0.257475882768631, "y": 0.7947750091552734, "z": 0.090328149497509, "vis": 0.7402640581130981}, "26": {"x": 0.3623030185699463, "y": 0.8052736520767212, "z": -0.010143970139324665, "vis": 0.5645960569381714}, "27": {"x": 0.2541814148426056, "y": 0.9127686023712158, "z": -0.005287624895572662, "vis": 0.7224624156951904}, "28": {"x": 0.3676975965499878, "y": 0.9495869278907776, "z": -0.15593034029006958, "vis": 0.7548248171806335}, "29": {"x": 0.26134753227233887, "y": 0.9325205683708191, "z": -0.014640089124441147, "vis": 0.8008278012275696}, "30": {"x": 0.3596234917640686, "y": 0.9595928192138672, "z": -0.169152170419693, "vis": 0.7366799712181091}, "31": {"x": 0.24314434826374054, "y": 0.9818081259727478, "z": -0.025057513266801834, "vis": 0.5856863260269165}, "32": {"x": 0.374958872795105, "y": 0.9848058223724365, "z": -0.18516185879707336, "vis": 0.6980671286582947}}