{"0": {"x": 0.3760952651500702, "y": 0.47992587089538574, "z": -0.08679912239313126, "vis": 0.9991779923439026}, "1": {"x": 0.3799052834510803, "y": 0.47117555141448975, "z": -0.09838343411684036, "vis": 0.9988391995429993}, "2": {"x": 0.3810134828090668, "y": 0.4714902937412262, "z": -0.0984058603644371, "vis": 0.9989902377128601}, "3": {"x": 0.3822264075279236, "y": 0.4718540608882904, "z": -0.09840381890535355, "vis": 0.9988909363746643}, "4": {"x": 0.3789183795452118, "y": 0.47039225697517395, "z": -0.07839012145996094, "vis": 0.9982056617736816}, "5": {"x": 0.3792402148246765, "y": 0.4700871706008911, "z": -0.07839366048574448, "vis": 0.998114824295044}, "6": {"x": 0.3796180188655853, "y": 0.46972087025642395, "z": -0.0783872976899147, "vis": 0.9980313181877136}, "7": {"x": 0.39026933908462524, "y": 0.4783134460449219, "z": -0.11783725768327713, "vis": 0.9992434978485107}, "8": {"x": 0.3869425654411316, "y": 0.47617751359939575, "z": -0.027052026242017746, "vis": 0.9970695376396179}, "9": {"x": 0.3797677755355835, "y": 0.4921463429927826, "z": -0.09165192395448685, "vis": 0.9997283816337585}, "10": {"x": 0.3783961832523346, "y": 0.49110478162765503, "z": -0.06547855585813522, "vis": 0.9991270899772644}, "11": {"x": 0.4067451059818268, "y": 0.537144660949707, "z": -0.15318048000335693, "vis": 0.9999966621398926}, "12": {"x": 0.388391375541687, "y": 0.5349220633506775, "z": 0.05078071355819702, "vis": 0.9998987913131714}, "13": {"x": 0.43885838985443115, "y": 0.5846893191337585, "z": -0.2530829608440399, "vis": 0.9995943903923035}, "14": {"x": 0.3852563500404358, "y": 0.5917308926582336, "z": 0.15049681067466736, "vis": 0.21166616678237915}, "15": {"x": 0.4023623764514923, "y": 0.6175781488418579, "z": -0.32355254888534546, "vis": 0.9992200136184692}, "16": {"x": 0.3623581528663635, "y": 0.610136866569519, "z": 0.18838132917881012, "vis": 0.8060265183448792}, "17": {"x": 0.3914365768432617, "y": 0.6253185272216797, "z": -0.3497847616672516, "vis": 0.9974784255027771}, "18": {"x": 0.3547893464565277, "y": 0.6184794306755066, "z": 0.1977657526731491, "vis": 0.8174058794975281}, "19": {"x": 0.3881954252719879, "y": 0.6148710250854492, "z": -0.3384849727153778, "vis": 0.9973147511482239}, "20": {"x": 0.3554082214832306, "y": 0.6139163374900818, "z": 0.18450172245502472, "vis": 0.8226348161697388}, "21": {"x": 0.3908337950706482, "y": 0.6123299598693848, "z": -0.3189941942691803, "vis": 0.993925154209137}, "22": {"x": 0.3580288290977478, "y": 0.6108043193817139, "z": 0.18387927114963531, "vis": 0.8086179494857788}, "23": {"x": 0.40201228857040405, "y": 0.6973425149917603, "z": -0.06993985176086426, "vis": 0.9998495578765869}, "24": {"x": 0.3933373987674713, "y": 0.6952457427978516, "z": 0.06983044743537903, "vis": 0.9998194575309753}, "25": {"x": 0.394888699054718, "y": 0.7942553162574768, "z": -0.03316033259034157, "vis": 0.9082841277122498}, "26": {"x": 0.3894749581813812, "y": 0.7914549708366394, "z": 0.10441942512989044, "vis": 0.35645490884780884}, "27": {"x": 0.44552081823349, "y": 0.8621945381164551, "z": 0.05527608096599579, "vis": 0.940169095993042}, "28": {"x": 0.39568114280700684, "y": 0.8979396224021912, "z": 0.20052772760391235, "vis": 0.7925018668174744}, "29": {"x": 0.453689306974411, "y": 0.8562000393867493, "z": 0.06467147171497345, "vis": 0.9078838229179382}, "30": {"x": 0.400694876909256, "y": 0.9149377346038818, "z": 0.20813322067260742, "vis": 0.8224488496780396}, "31": {"x": 0.4343623220920563, "y": 0.90523362159729, "z": 0.03615540266036987, "vis": 0.9662004113197327}, "32": {"x": 0.3697955906391144, "y": 0.918067991733551, "z": 0.17799533903598785, "vis": 0.9017379283905029}}