{"0": {"x": 0.32979685068130493, "y": 0.40247514843940735, "z": 0.12018539756536484, "vis": 0.971307635307312}, "1": {"x": 0.3257729709148407, "y": 0.38796907663345337, "z": 0.09009510278701782, "vis": 0.9758544564247131}, "2": {"x": 0.3224446475505829, "y": 0.38872337341308594, "z": 0.08995477855205536, "vis": 0.9774271249771118}, "3": {"x": 0.31894543766975403, "y": 0.3897187113761902, "z": 0.08991965651512146, "vis": 0.979826033115387}, "4": {"x": 0.33539125323295593, "y": 0.388963520526886, "z": 0.09391627460718155, "vis": 0.9658298492431641}, "5": {"x": 0.3388739228248596, "y": 0.39018818736076355, "z": 0.09395469725131989, "vis": 0.9590151309967041}, "6": {"x": 0.34281978011131287, "y": 0.39139360189437866, "z": 0.09386191517114639, "vis": 0.9638714790344238}, "7": {"x": 0.3126934766769409, "y": 0.40335750579833984, "z": -0.021577365696430206, "vis": 0.9675329923629761}, "8": {"x": 0.35002341866493225, "y": 0.4014597237110138, "z": -0.00459509901702404, "vis": 0.948239803314209}, "9": {"x": 0.32483750581741333, "y": 0.4207231104373932, "z": 0.0866255834698677, "vis": 0.9425593018531799}, "10": {"x": 0.3335960805416107, "y": 0.420738160610199, "z": 0.09162084013223648, "vis": 0.9249495267868042}, "11": {"x": 0.28034862875938416, "y": 0.50938481092453, "z": -0.08388978987932205, "vis": 0.9976018071174622}, "12": {"x": 0.37182989716529846, "y": 0.5027972459793091, "z": -0.013845687732100487, "vis": 0.9922766089439392}, "13": {"x": 0.23424512147903442, "y": 0.5963707566261292, "z": -0.1327686309814453, "vis": 0.9952297210693359}, "14": {"x": 0.38643741607666016, "y": 0.6146641373634338, "z": 0.08056960254907608, "vis": 0.07705730944871902}, "15": {"x": 0.17329548299312592, "y": 0.6920459866523743, "z": -0.11224457621574402, "vis": 0.9809078574180603}, "16": {"x": 0.3487353026866913, "y": 0.6070923209190369, "z": 0.25278252363204956, "vis": 0.02098877541720867}, "17": {"x": 0.1467083990573883, "y": 0.7231531739234924, "z": -0.11528436094522476, "vis": 0.9502175450325012}, "18": {"x": 0.3473445773124695, "y": 0.601121187210083, "z": 0.2822187542915344, "vis": 0.01785937324166298}, "19": {"x": 0.14277230203151703, "y": 0.7163532972335815, "z": -0.09650098532438278, "vis": 0.945120096206665}, "20": {"x": 0.33469358086586, "y": 0.5922420024871826, "z": 0.28572794795036316, "vis": 0.017499512061476707}, "21": {"x": 0.15368258953094482, "y": 0.7033931016921997, "z": -0.10326676815748215, "vis": 0.8956617712974548}, "22": {"x": 0.3324697017669678, "y": 0.5965251922607422, "z": 0.25820407271385193, "vis": 0.01884746178984642}, "23": {"x": 0.2952656149864197, "y": 0.7527597546577454, "z": 0.0015869959024712443, "vis": 0.9983331561088562}, "24": {"x": 0.35187414288520813, "y": 0.7547881603240967, "z": -0.0020446707494556904, "vis": 0.9996445178985596}, "25": {"x": 0.2597465515136719, "y": 0.8292434811592102, "z": 0.27536386251449585, "vis": 0.11735677719116211}, "26": {"x": 0.3878069221973419, "y": 0.8728111386299133, "z": 0.0814071074128151, "vis": 0.37779149413108826}, "27": {"x": 0.24581535160541534, "y": 0.9440101385116577, "z": 0.35531654953956604, "vis": 0.356525719165802}, "28": {"x": 0.4204222559928894, "y": 1.0001505613327026, "z": 0.00968890730291605, "vis": 0.645121693611145}, "29": {"x": 0.2460358887910843, "y": 0.9626781344413757, "z": 0.36554744839668274, "vis": 0.46980273723602295}, "30": {"x": 0.42246824502944946, "y": 1.028871774673462, "z": 0.004728921689093113, "vis": 0.777040421962738}, "31": {"x": 0.23857957124710083, "y": 0.9635733962059021, "z": 0.36139023303985596, "vis": 0.2760503888130188}, "32": {"x": 0.43627363443374634, "y": 1.0188599824905396, "z": -0.025524256750941277, "vis": 0.5641701221466064}}