{"0": {"x": 0.2985750138759613, "y": 0.4583149552345276, "z": 0.13968007266521454, "vis": 0.9994311928749084}, "1": {"x": 0.29536792635917664, "y": 0.44439050555229187, "z": 0.11595108360052109, "vis": 0.9996798038482666}, "2": {"x": 0.29243579506874084, "y": 0.44436708092689514, "z": 0.11593649536371231, "vis": 0.9995840191841125}, "3": {"x": 0.28946545720100403, "y": 0.44483959674835205, "z": 0.11584153026342392, "vis": 0.9997102618217468}, "4": {"x": 0.3053024113178253, "y": 0.44581058621406555, "z": 0.11530263721942902, "vis": 0.9996799230575562}, "5": {"x": 0.30892398953437805, "y": 0.44655418395996094, "z": 0.11533046513795853, "vis": 0.9995517134666443}, "6": {"x": 0.312447726726532, "y": 0.44766145944595337, "z": 0.11523216962814331, "vis": 0.9996803998947144}, "7": {"x": 0.2846086919307709, "y": 0.45493194460868835, "z": 0.02955169603228569, "vis": 0.9996323585510254}, "8": {"x": 0.3159356713294983, "y": 0.45942968130111694, "z": 0.02581905759871006, "vis": 0.9995054006576538}, "9": {"x": 0.29163455963134766, "y": 0.47237083315849304, "z": 0.11457772552967072, "vis": 0.9974379539489746}, "10": {"x": 0.30368146300315857, "y": 0.4743141233921051, "z": 0.11361763626337051, "vis": 0.9975841045379639}, "11": {"x": 0.24463649094104767, "y": 0.5583677291870117, "z": -0.004865288268774748, "vis": 0.998404324054718}, "12": {"x": 0.3356379568576813, "y": 0.5596400499343872, "z": 0.007576714735478163, "vis": 0.9987277388572693}, "13": {"x": 0.23755815625190735, "y": 0.692661464214325, "z": 0.08402466773986816, "vis": 0.1883050501346588}, "14": {"x": 0.329935222864151, "y": 0.692591667175293, "z": 0.09775096923112869, "vis": 0.2001093477010727}, "15": {"x": 0.2668818235397339, "y": 0.6415953040122986, "z": 0.26793983578681946, "vis": 0.015818793326616287}, "16": {"x": 0.3103547692298889, "y": 0.6558480262756348, "z": 0.26103606820106506, "vis": 0.021143095567822456}, "17": {"x": 0.26830369234085083, "y": 0.6286144852638245, "z": 0.2972564697265625, "vis": 0.018444374203681946}, "18": {"x": 0.32177701592445374, "y": 0.6501021981239319, "z": 0.29208794236183167, "vis": 0.026217792183160782}, "19": {"x": 0.27410611510276794, "y": 0.6227580308914185, "z": 0.30819228291511536, "vis": 0.01749802753329277}, "20": {"x": 0.3027595579624176, "y": 0.6337652206420898, "z": 0.3038744628429413, "vis": 0.023725036531686783}, "21": {"x": 0.27563220262527466, "y": 0.6311820149421692, "z": 0.2783869206905365, "vis": 0.019695088267326355}, "22": {"x": 0.3001861274242401, "y": 0.6332167983055115, "z": 0.27042293548583984, "vis": 0.023878352716565132}, "23": {"x": 0.2390379011631012, "y": 0.7951052188873291, "z": -0.0074372002854943275, "vis": 0.9995811581611633}, "24": {"x": 0.3026140332221985, "y": 0.7983259558677673, "z": 0.0069637843407690525, "vis": 0.999411940574646}, "25": {"x": 0.20759233832359314, "y": 0.8466783165931702, "z": 0.25364696979522705, "vis": 0.6068199872970581}, "26": {"x": 0.34356310963630676, "y": 0.8719288110733032, "z": 0.2614791691303253, "vis": 0.288605272769928}, "27": {"x": 0.2305448055267334, "y": 0.9462755918502808, "z": 0.25762271881103516, "vis": 0.6775504946708679}, "28": {"x": 0.3369482457637787, "y": 0.9707741737365723, "z": 0.2700890004634857, "vis": 0.4835204482078552}, "29": {"x": 0.2375054657459259, "y": 0.9596065282821655, "z": 0.26398688554763794, "vis": 0.7634890675544739}, "30": {"x": 0.33388465642929077, "y": 0.9767454266548157, "z": 0.2762671709060669, "vis": 0.5484703779220581}, "31": {"x": 0.2283138632774353, "y": 0.9740166664123535, "z": 0.31694260239601135, "vis": 0.5356001257896423}, "32": {"x": 0.3430284261703491, "y": 1.0116331577301025, "z": 0.33129239082336426, "vis": 0.35614123940467834}}