{"0": {"x": 0.18081341683864594, "y": 0.6068495512008667, "z": 0.060292623937129974, "vis": 0.9968388080596924}, "1": {"x": 0.17637231945991516, "y": 0.5887225866317749, "z": 0.056415244936943054, "vis": 0.9982540011405945}, "2": {"x": 0.1734183430671692, "y": 0.5858898162841797, "z": 0.05634213984012604, "vis": 0.9977980852127075}, "3": {"x": 0.17193865776062012, "y": 0.5850796103477478, "z": 0.05625910684466362, "vis": 0.9984605312347412}, "4": {"x": 0.1784151792526245, "y": 0.5913329124450684, "z": 0.038344889879226685, "vis": 0.998163640499115}, "5": {"x": 0.17826730012893677, "y": 0.5915819406509399, "z": 0.03828487545251846, "vis": 0.9979739785194397}, "6": {"x": 0.1784164011478424, "y": 0.592039942741394, "z": 0.03820890188217163, "vis": 0.9985890984535217}, "7": {"x": 0.16157938539981842, "y": 0.5940757989883423, "z": 0.047475967556238174, "vis": 0.9993605017662048}, "8": {"x": 0.1712723970413208, "y": 0.6007582545280457, "z": -0.03324771672487259, "vis": 0.9979477524757385}, "9": {"x": 0.17380696535110474, "y": 0.619727373123169, "z": 0.05965666100382805, "vis": 0.9978481531143188}, "10": {"x": 0.176509290933609, "y": 0.6232340335845947, "z": 0.03619283065199852, "vis": 0.9983845949172974}, "11": {"x": 0.13141247630119324, "y": 0.6620860695838928, "z": 0.09296359866857529, "vis": 0.9954778552055359}, "12": {"x": 0.15790924429893494, "y": 0.6730749607086182, "z": -0.09193733334541321, "vis": 0.998866081237793}, "13": {"x": 0.13225865364074707, "y": 0.7519027590751648, "z": 0.18102103471755981, "vis": 0.019538704305887222}, "14": {"x": 0.19792504608631134, "y": 0.7552784085273743, "z": -0.051470521837472916, "vis": 0.5876789093017578}, "15": {"x": 0.15218926966190338, "y": 0.7389631867408752, "z": 0.25215834379196167, "vis": 0.020221862941980362}, "16": {"x": 0.2117098569869995, "y": 0.6945048570632935, "z": 0.10491208732128143, "vis": 0.3523605763912201}, "17": {"x": 0.15336859226226807, "y": 0.733504056930542, "z": 0.2687525749206543, "vis": 0.03294586390256882}, "18": {"x": 0.2179027795791626, "y": 0.677049994468689, "z": 0.11452467739582062, "vis": 0.36583906412124634}, "19": {"x": 0.15655335783958435, "y": 0.7256022691726685, "z": 0.26399239897727966, "vis": 0.03252791613340378}, "20": {"x": 0.2117568850517273, "y": 0.6679658889770508, "z": 0.11424842476844788, "vis": 0.3571373522281647}, "21": {"x": 0.15679703652858734, "y": 0.7279113531112671, "z": 0.2513313889503479, "vis": 0.031184300780296326}, "22": {"x": 0.20757734775543213, "y": 0.6757001280784607, "z": 0.10886208713054657, "vis": 0.352586954832077}, "23": {"x": 0.08401830494403839, "y": 0.8846988677978516, "z": 0.057503487914800644, "vis": 0.999936580657959}, "24": {"x": 0.09894948452711105, "y": 0.8817493319511414, "z": -0.05763527750968933, "vis": 0.9999097585678101}, "25": {"x": 0.1559230089187622, "y": 0.902258574962616, "z": 0.12407244741916656, "vis": 0.619310736656189}, "26": {"x": 0.2142283320426941, "y": 0.8425064086914062, "z": -0.005713790189474821, "vis": 0.8779305815696716}, "27": {"x": 0.08392131328582764, "y": 0.9492782354354858, "z": 0.14433594048023224, "vis": 0.5622175335884094}, "28": {"x": 0.21047651767730713, "y": 0.9890195727348328, "z": 0.07873428612947464, "vis": 0.7766265869140625}, "29": {"x": 0.06877461820840836, "y": 0.9448518753051758, "z": 0.1474858969449997, "vis": 0.5864937901496887}, "30": {"x": 0.19801342487335205, "y": 1.0112141370773315, "z": 0.09123541414737701, "vis": 0.7228901386260986}, "31": {"x": 0.06945975124835968, "y": 0.975525438785553, "z": 0.16049551963806152, "vis": 0.5447346568107605}, "32": {"x": 0.24579857289791107, "y": 1.0203967094421387, "z": 0.12048390507698059, "vis": 0.7499334216117859}}