{"0": {"x": 0.25330767035484314, "y": 0.898967444896698, "z": -0.14824272692203522, "vis": 0.9942604303359985}, "1": {"x": 0.251262903213501, "y": 0.8992728590965271, "z": -0.15330415964126587, "vis": 0.993283748626709}, "2": {"x": 0.24955251812934875, "y": 0.8973697423934937, "z": -0.15332061052322388, "vis": 0.9908917546272278}, "3": {"x": 0.2490333616733551, "y": 0.9046929478645325, "z": -0.1533636748790741, "vis": 0.9910865426063538}, "4": {"x": 0.25549718737602234, "y": 0.9032946825027466, "z": -0.13854636251926422, "vis": 0.9919546246528625}, "5": {"x": 0.25641390681266785, "y": 0.9039492607116699, "z": -0.13859696686267853, "vis": 0.9883282780647278}, "6": {"x": 0.2574175000190735, "y": 0.9050054550170898, "z": -0.1386745572090149, "vis": 0.9915158748626709}, "7": {"x": 0.23975393176078796, "y": 0.8994864821434021, "z": -0.137238010764122, "vis": 0.9841960668563843}, "8": {"x": 0.2556372284889221, "y": 0.900538980960846, "z": -0.07087874412536621, "vis": 0.9769486784934998}, "9": {"x": 0.24825869500637054, "y": 0.888340950012207, "z": -0.13857142627239227, "vis": 0.9815831780433655}, "10": {"x": 0.2529791295528412, "y": 0.8923079967498779, "z": -0.11971858143806458, "vis": 0.980052649974823}, "11": {"x": 0.22467021644115448, "y": 0.8372491598129272, "z": -0.1406286209821701, "vis": 0.9902320504188538}, "12": {"x": 0.253444105386734, "y": 0.8375808596611023, "z": -0.020807018503546715, "vis": 0.9978765249252319}, "13": {"x": 0.25401771068573, "y": 0.8265421390533447, "z": -0.22004598379135132, "vis": 0.8502257466316223}, "14": {"x": 0.2727526128292084, "y": 0.83957439661026, "z": -0.10739666223526001, "vis": 0.5178636908531189}, "15": {"x": 0.26956483721733093, "y": 0.9323561191558838, "z": -0.22827713191509247, "vis": 0.6813439130783081}, "16": {"x": 0.2540135383605957, "y": 0.9375727772712708, "z": -0.23779013752937317, "vis": 0.5576287508010864}, "17": {"x": 0.28753527998924255, "y": 0.9571360945701599, "z": -0.24655821919441223, "vis": 0.567598283290863}, "18": {"x": 0.24743394553661346, "y": 0.9638615846633911, "z": -0.25686103105545044, "vis": 0.4854072332382202}, "19": {"x": 0.2756504416465759, "y": 0.953468918800354, "z": -0.22581341862678528, "vis": 0.5420405864715576}, "20": {"x": 0.24622327089309692, "y": 0.9716968536376953, "z": -0.2545413672924042, "vis": 0.4666443169116974}, "21": {"x": 0.2682707905769348, "y": 0.9557614326477051, "z": -0.22044868767261505, "vis": 0.4882812798023224}, "22": {"x": 0.24779446423053741, "y": 0.9615868330001831, "z": -0.2411196082830429, "vis": 0.4354873299598694}, "23": {"x": 0.2395094782114029, "y": 0.6239275932312012, "z": -0.05123469606041908, "vis": 0.9991101622581482}, "24": {"x": 0.2601046562194824, "y": 0.6379654407501221, "z": 0.05110995098948479, "vis": 0.9998113512992859}, "25": {"x": 0.26767170429229736, "y": 0.6142854690551758, "z": 0.007452698424458504, "vis": 0.5818882584571838}, "26": {"x": 0.27118322253227234, "y": 0.5389425754547119, "z": 0.08909596502780914, "vis": 0.5777785778045654}, "27": {"x": 0.26416733860969543, "y": 0.5652480721473694, "z": 0.09450492262840271, "vis": 0.5637693405151367}, "28": {"x": 0.2855045795440674, "y": 0.4085216224193573, "z": 0.11126057803630829, "vis": 0.7937692999839783}, "29": {"x": 0.2589983344078064, "y": 0.5608010292053223, "z": 0.1034020408987999, "vis": 0.669790506362915}, "30": {"x": 0.28191858530044556, "y": 0.386145681142807, "z": 0.11152239888906479, "vis": 0.8333188891410828}, "31": {"x": 0.27157047390937805, "y": 0.5370663404464722, "z": 0.07705402374267578, "vis": 0.701352059841156}, "32": {"x": 0.31002750992774963, "y": 0.37093663215637207, "z": 0.05706787109375, "vis": 0.8212537169456482}}