{"0": {"x": 0.28153011202812195, "y": 0.4891010522842407, "z": -0.1287440061569214, "vis": 0.9999749660491943}, "1": {"x": 0.2815900146961212, "y": 0.47225862741470337, "z": -0.11014153063297272, "vis": 0.9999691247940063}, "2": {"x": 0.2832953929901123, "y": 0.47238028049468994, "z": -0.11022190004587173, "vis": 0.9999550580978394}, "3": {"x": 0.28491663932800293, "y": 0.47238054871559143, "z": -0.11034776270389557, "vis": 0.9999643564224243}, "4": {"x": 0.27364328503608704, "y": 0.47242000699043274, "z": -0.125186488032341, "vis": 0.9999817609786987}, "5": {"x": 0.26965105533599854, "y": 0.4728260338306427, "z": -0.1252344846725464, "vis": 0.99997878074646}, "6": {"x": 0.26554664969444275, "y": 0.47332289814949036, "z": -0.12517324090003967, "vis": 0.9999829530715942}, "7": {"x": 0.2789451777935028, "y": 0.47651952505111694, "z": -0.018033795058727264, "vis": 0.999936580657959}, "8": {"x": 0.25441086292266846, "y": 0.4799496531486511, "z": -0.08167752623558044, "vis": 0.9999679327011108}, "9": {"x": 0.2827206254005432, "y": 0.5065717697143555, "z": -0.09204025566577911, "vis": 0.9998596906661987}, "10": {"x": 0.27418971061706543, "y": 0.5071396827697754, "z": -0.11012344807386398, "vis": 0.9999064207077026}, "11": {"x": 0.260219931602478, "y": 0.5446063876152039, "z": 0.09310190379619598, "vis": 0.9991222023963928}, "12": {"x": 0.2616734206676483, "y": 0.5576473474502563, "z": -0.1436430662870407, "vis": 0.9998619556427002}, "13": {"x": 0.25037458539009094, "y": 0.6484024524688721, "z": 0.13316284120082855, "vis": 0.0788208618760109}, "14": {"x": 0.31352126598358154, "y": 0.6110879778862, "z": -0.20986643433570862, "vis": 0.9981701374053955}, "15": {"x": 0.2577022612094879, "y": 0.7337643504142761, "z": 0.07436507195234299, "vis": 0.06293199211359024}, "16": {"x": 0.37592625617980957, "y": 0.5630587339401245, "z": -0.1975310742855072, "vis": 0.9793453216552734}, "17": {"x": 0.2582375407218933, "y": 0.7577475309371948, "z": 0.06923187524080276, "vis": 0.0853215754032135}, "18": {"x": 0.3941652178764343, "y": 0.5555140376091003, "z": -0.22175733745098114, "vis": 0.9583876729011536}, "19": {"x": 0.2598356604576111, "y": 0.7519479990005493, "z": 0.05182347074151039, "vis": 0.085548534989357}, "20": {"x": 0.3928390145301819, "y": 0.5421086549758911, "z": -0.21224412322044373, "vis": 0.9589501023292542}, "21": {"x": 0.2586252689361572, "y": 0.745459794998169, "z": 0.06452077627182007, "vis": 0.0895906537771225}, "22": {"x": 0.3859277367591858, "y": 0.5444222688674927, "z": -0.19374288618564606, "vis": 0.9500356912612915}, "23": {"x": 0.2222084105014801, "y": 0.7791966199874878, "z": 0.07976342737674713, "vis": 0.9989796280860901}, "24": {"x": 0.22766444087028503, "y": 0.7852904796600342, "z": -0.07973632961511612, "vis": 0.9996216297149658}, "25": {"x": 0.23732392489910126, "y": 0.9379454851150513, "z": 0.10579153895378113, "vis": 0.8421294689178467}, "26": {"x": 0.3128104507923126, "y": 0.770357072353363, "z": -0.1371508687734604, "vis": 0.9870977997779846}, "27": {"x": 0.17082959413528442, "y": 0.9211177825927734, "z": 0.22660371661186218, "vis": 0.828413188457489}, "28": {"x": 0.30878764390945435, "y": 0.9819132089614868, "z": -0.07075531780719757, "vis": 0.9837961196899414}, "29": {"x": 0.15245988965034485, "y": 0.8966764211654663, "z": 0.24090944230556488, "vis": 0.8287591934204102}, "30": {"x": 0.2916823923587799, "y": 0.989761233329773, "z": -0.061800386756658554, "vis": 0.9763594269752502}, "31": {"x": 0.15890589356422424, "y": 0.9650840759277344, "z": 0.2532446086406708, "vis": 0.8220062851905823}, "32": {"x": 0.34621837735176086, "y": 0.9958375692367554, "z": -0.08275450021028519, "vis": 0.9783681631088257}}