{"0": {"x": 0.27901676297187805, "y": 0.4461587965488434, "z": 0.4847794473171234, "vis": 0.999285876750946}, "1": {"x": 0.27474910020828247, "y": 0.43523022532463074, "z": 0.48029056191444397, "vis": 0.9992874264717102}, "2": {"x": 0.27149465680122375, "y": 0.435508131980896, "z": 0.48033255338668823, "vis": 0.9992762207984924}, "3": {"x": 0.26839447021484375, "y": 0.43584877252578735, "z": 0.48026779294013977, "vis": 0.9994978904724121}, "4": {"x": 0.2846469581127167, "y": 0.4350086748600006, "z": 0.4804338812828064, "vis": 0.9989911913871765}, "5": {"x": 0.2876950800418854, "y": 0.43575942516326904, "z": 0.4804706275463104, "vis": 0.9988828301429749}, "6": {"x": 0.2905278503894806, "y": 0.4374025762081146, "z": 0.4803946614265442, "vis": 0.9992029070854187}, "7": {"x": 0.2638380527496338, "y": 0.44519293308258057, "z": 0.40474602580070496, "vis": 0.999382734298706}, "8": {"x": 0.29615268111228943, "y": 0.4486730694770813, "z": 0.4052978754043579, "vis": 0.9989175796508789}, "9": {"x": 0.27885326743125916, "y": 0.44534140825271606, "z": 0.45591750741004944, "vis": 0.9984003901481628}, "10": {"x": 0.2845131456851959, "y": 0.46211695671081543, "z": 0.456088125705719, "vis": 0.9983990788459778}, "11": {"x": 0.23633472621440887, "y": 0.5366523265838623, "z": 0.29029569029808044, "vis": 0.9998756647109985}, "12": {"x": 0.32102447748184204, "y": 0.5357422232627869, "z": 0.2959097623825073, "vis": 0.9995806813240051}, "13": {"x": 0.21513409912586212, "y": 0.6867401003837585, "z": 0.2525685727596283, "vis": 0.4832307696342468}, "14": {"x": 0.31840217113494873, "y": 0.6769479513168335, "z": 0.2620452046394348, "vis": 0.45806246995925903}, "15": {"x": 0.21643054485321045, "y": 0.811866283416748, "z": 0.27426809072494507, "vis": 0.17274051904678345}, "16": {"x": 0.31321972608566284, "y": 0.7846697568893433, "z": 0.2871988117694855, "vis": 0.1501227468252182}, "17": {"x": 0.21373461186885834, "y": 0.8417801260948181, "z": 0.2681241035461426, "vis": 0.1326286345720291}, "18": {"x": 0.3159388601779938, "y": 0.8168634176254272, "z": 0.28836730122566223, "vis": 0.12158995866775513}, "19": {"x": 0.22296607494354248, "y": 0.8444517850875854, "z": 0.2809278070926666, "vis": 0.1177719309926033}, "20": {"x": 0.3086472451686859, "y": 0.8062995076179504, "z": 0.28496286273002625, "vis": 0.10587657988071442}, "21": {"x": 0.22587265074253082, "y": 0.8338866829872131, "z": 0.27778804302215576, "vis": 0.12149691581726074}, "22": {"x": 0.3042128086090088, "y": 0.797581672668457, "z": 0.28512629866600037, "vis": 0.11109385639429092}, "23": {"x": 0.23071527481079102, "y": 0.708387553691864, "z": -0.006262422073632479, "vis": 0.9999696016311646}, "24": {"x": 0.288349449634552, "y": 0.709486722946167, "z": 0.006016692146658897, "vis": 0.9998437166213989}, "25": {"x": 0.2307780385017395, "y": 0.8600136637687683, "z": 0.10725213587284088, "vis": 0.8700833320617676}, "26": {"x": 0.29816219210624695, "y": 0.8471916913986206, "z": 0.11374514549970627, "vis": 0.6154977679252625}, "27": {"x": 0.22384987771511078, "y": 0.9763902425765991, "z": 0.01489185355603695, "vis": 0.9164335131645203}, "28": {"x": 0.30330726504325867, "y": 0.9791081547737122, "z": 0.030553823336958885, "vis": 0.731915295124054}, "29": {"x": 0.2272469401359558, "y": 0.9933350086212158, "z": -0.0009963815100491047, "vis": 0.9531162977218628}, "30": {"x": 0.3004833161830902, "y": 1.006235957145691, "z": 0.018191931769251823, "vis": 0.8842949867248535}, "31": {"x": 0.22246137261390686, "y": 0.9746872782707214, "z": -0.03652007505297661, "vis": 0.5954866409301758}, "32": {"x": 0.3047398626804352, "y": 0.9763826131820679, "z": -0.018567388877272606, "vis": 0.4265633523464203}}