{"0": {"x": 0.2180202603340149, "y": 0.40462103486061096, "z": 0.351222425699234, "vis": 0.9999568462371826}, "1": {"x": 0.21519729495048523, "y": 0.39143288135528564, "z": 0.3462427854537964, "vis": 0.9999616146087646}, "2": {"x": 0.2136954814195633, "y": 0.39367055892944336, "z": 0.3462822437286377, "vis": 0.9999481439590454}, "3": {"x": 0.21088069677352905, "y": 0.4034308195114136, "z": 0.3463430404663086, "vis": 0.9999765157699585}, "4": {"x": 0.2186528593301773, "y": 0.3876214921474457, "z": 0.34795331954956055, "vis": 0.9999650716781616}, "5": {"x": 0.21977876126766205, "y": 0.3871955871582031, "z": 0.3479502499103546, "vis": 0.9999327659606934}, "6": {"x": 0.2210148274898529, "y": 0.38676851987838745, "z": 0.3478482961654663, "vis": 0.9999638795852661}, "7": {"x": 0.20905256271362305, "y": 0.419617235660553, "z": 0.2976941466331482, "vis": 0.9999353885650635}, "8": {"x": 0.2239951640367508, "y": 0.3957170248031616, "z": 0.30476170778274536, "vis": 0.9999194145202637}, "9": {"x": 0.21769027411937714, "y": 0.4257950782775879, "z": 0.3338959217071533, "vis": 0.9999221563339233}, "10": {"x": 0.22053368389606476, "y": 0.4209888279438019, "z": 0.33600521087646484, "vis": 0.999922513961792}, "11": {"x": 0.1965288668870926, "y": 0.5285865664482117, "z": 0.19244305789470673, "vis": 0.9997965693473816}, "12": {"x": 0.2633320093154907, "y": 0.4718400835990906, "z": 0.27895745635032654, "vis": 0.9999123811721802}, "13": {"x": 0.1757289469242096, "y": 0.6420477032661438, "z": 0.13992302119731903, "vis": 0.8537537455558777}, "14": {"x": 0.2840065062046051, "y": 0.5549182295799255, "z": 0.3507654368877411, "vis": 0.1031087338924408}, "15": {"x": 0.15226829051971436, "y": 0.7498297095298767, "z": 0.18212586641311646, "vis": 0.6435402035713196}, "16": {"x": 0.2633456289768219, "y": 0.5721683502197266, "z": 0.5494716167449951, "vis": 0.019083041697740555}, "17": {"x": 0.142815500497818, "y": 0.7769773006439209, "z": 0.1849580705165863, "vis": 0.5137473940849304}, "18": {"x": 0.26009416580200195, "y": 0.566246747970581, "z": 0.5908289551734924, "vis": 0.02639203704893589}, "19": {"x": 0.1425049751996994, "y": 0.7798854112625122, "z": 0.1982327103614807, "vis": 0.4744042754173279}, "20": {"x": 0.24536991119384766, "y": 0.5602760910987854, "z": 0.5907905697822571, "vis": 0.022116387262940407}, "21": {"x": 0.1489904373884201, "y": 0.7670889496803284, "z": 0.18843550980091095, "vis": 0.35708820819854736}, "22": {"x": 0.24570193886756897, "y": 0.5655837059020996, "z": 0.5541288256645203, "vis": 0.02329126186668873}, "23": {"x": 0.2577437162399292, "y": 0.7176612615585327, "z": -0.013155432417988777, "vis": 0.9995083808898926}, "24": {"x": 0.2882480323314667, "y": 0.7078791856765747, "z": 0.01281673926860094, "vis": 0.9999033212661743}, "25": {"x": 0.21600183844566345, "y": 0.8277164101600647, "z": -0.10513495653867722, "vis": 0.8705310821533203}, "26": {"x": 0.3207421898841858, "y": 0.8566393852233887, "z": -0.1053859144449234, "vis": 0.9828963875770569}, "27": {"x": 0.19077852368354797, "y": 0.933975100517273, "z": -0.38072100281715393, "vis": 0.7866385579109192}, "28": {"x": 0.36535632610321045, "y": 0.984378457069397, "z": -0.5152836441993713, "vis": 0.9354718327522278}, "29": {"x": 0.19039088487625122, "y": 0.9544656276702881, "z": -0.41286078095436096, "vis": 0.9027283787727356}, "30": {"x": 0.3745712637901306, "y": 0.9983800053596497, "z": -0.5617891550064087, "vis": 0.9743922352790833}, "31": {"x": 0.16802102327346802, "y": 0.9579774141311646, "z": -0.457294225692749, "vis": 0.8868590593338013}, "32": {"x": 0.3827246129512787, "y": 1.0323611497879028, "z": -0.6355538964271545, "vis": 0.9458053708076477}}