{"0": {"x": 0.2728267014026642, "y": 0.3796706795692444, "z": -0.018597083166241646, "vis": 0.9988003969192505}, "1": {"x": 0.2718659043312073, "y": 0.3560066819190979, "z": -0.013840483501553535, "vis": 0.9991835951805115}, "2": {"x": 0.27036064863204956, "y": 0.3542548716068268, "z": -0.01390791591256857, "vis": 0.9988704323768616}, "3": {"x": 0.26876822113990784, "y": 0.3524496257305145, "z": -0.0140283377841115, "vis": 0.9992544054985046}, "4": {"x": 0.2734737992286682, "y": 0.35711437463760376, "z": -0.037792544811964035, "vis": 0.9990929365158081}, "5": {"x": 0.27309855818748474, "y": 0.3561830222606659, "z": -0.0377778522670269, "vis": 0.9986349940299988}, "6": {"x": 0.2726752460002899, "y": 0.3552044928073883, "z": -0.037802260369062424, "vis": 0.9990472197532654}, "7": {"x": 0.25281286239624023, "y": 0.34754663705825806, "z": 0.011746876873075962, "vis": 0.9989480376243591}, "8": {"x": 0.2575501799583435, "y": 0.3510966897010803, "z": -0.0985226184129715, "vis": 0.9992170333862305}, "9": {"x": 0.2628554403781891, "y": 0.3922691345214844, "z": -0.004488179460167885, "vis": 0.9987826943397522}, "10": {"x": 0.2641060948371887, "y": 0.39338067173957825, "z": -0.036289725452661514, "vis": 0.9992433786392212}, "11": {"x": 0.19494575262069702, "y": 0.4337400197982788, "z": 0.047207728028297424, "vis": 0.9994565844535828}, "12": {"x": 0.24483677744865417, "y": 0.4503907561302185, "z": -0.13967552781105042, "vis": 0.9999477863311768}, "13": {"x": 0.18289367854595184, "y": 0.5783964395523071, "z": 0.07185131311416626, "vis": 0.06443613022565842}, "14": {"x": 0.2521130442619324, "y": 0.6191256046295166, "z": -0.13607746362686157, "vis": 0.9832331538200378}, "15": {"x": 0.21425417065620422, "y": 0.6707742810249329, "z": 0.07578389346599579, "vis": 0.031706999987363815}, "16": {"x": 0.2870892882347107, "y": 0.7467513680458069, "z": -0.07014896720647812, "vis": 0.9203485250473022}, "17": {"x": 0.22678282856941223, "y": 0.6915364265441895, "z": 0.0791478380560875, "vis": 0.04379407316446304}, "18": {"x": 0.2992832064628601, "y": 0.7804599404335022, "z": -0.08010300993919373, "vis": 0.887930154800415}, "19": {"x": 0.23334147036075592, "y": 0.6857956051826477, "z": 0.06390399485826492, "vis": 0.04311470314860344}, "20": {"x": 0.3078877627849579, "y": 0.7683101892471313, "z": -0.06628892570734024, "vis": 0.8784340023994446}, "21": {"x": 0.23174390196800232, "y": 0.6824876666069031, "z": 0.06884303689002991, "vis": 0.045853327959775925}, "22": {"x": 0.30194905400276184, "y": 0.7556324601173401, "z": -0.06312955915927887, "vis": 0.8385224342346191}, "23": {"x": 0.1853603571653366, "y": 0.7135849595069885, "z": 0.047741565853357315, "vis": 0.9774767756462097}, "24": {"x": 0.2239420861005783, "y": 0.7186170816421509, "z": -0.04783486947417259, "vis": 0.9848870635032654}, "25": {"x": 0.1848432719707489, "y": 0.9056093692779541, "z": 0.1129872277379036, "vis": 0.0973598062992096}, "26": {"x": 0.22848868370056152, "y": 0.9076400995254517, "z": 0.013817649334669113, "vis": 0.2604275643825531}, "27": {"x": 0.19340547919273376, "y": 1.0619819164276123, "z": 0.1933223307132721, "vis": 0.03675539419054985}, "28": {"x": 0.2251003533601761, "y": 1.0812500715255737, "z": 0.10173629969358444, "vis": 0.13025906682014465}, "29": {"x": 0.1881580650806427, "y": 1.0981378555297852, "z": 0.19922380149364471, "vis": 0.08857373148202896}, "30": {"x": 0.2168940007686615, "y": 1.1133755445480347, "z": 0.11058186739683151, "vis": 0.15945371985435486}, "31": {"x": 0.21351446211338043, "y": 1.0735447406768799, "z": 0.184071347117424, "vis": 0.0555587112903595}, "32": {"x": 0.25126808881759644, "y": 1.1002168655395508, "z": 0.09166382253170013, "vis": 0.09685247391462326}}