{"0": {"x": 0.10555432736873627, "y": 0.397167831659317, "z": 0.10831234604120255, "vis": 0.9995951056480408}, "1": {"x": 0.104303278028965, "y": 0.38891535997390747, "z": 0.08997132629156113, "vis": 0.9995187520980835}, "2": {"x": 0.10317102074623108, "y": 0.3892183303833008, "z": 0.08995278179645538, "vis": 0.9994763731956482}, "3": {"x": 0.1019662395119667, "y": 0.3897097110748291, "z": 0.089950330555439, "vis": 0.9995602965354919}, "4": {"x": 0.10809134691953659, "y": 0.3880196213722229, "z": 0.1058029904961586, "vis": 0.9995377063751221}, "5": {"x": 0.10976330190896988, "y": 0.3876790404319763, "z": 0.10578683018684387, "vis": 0.9994279742240906}, "6": {"x": 0.1115400642156601, "y": 0.38757193088531494, "z": 0.1057240292429924, "vis": 0.9994925260543823}, "7": {"x": 0.10231946408748627, "y": 0.3946361541748047, "z": 0.02353547140955925, "vis": 0.9994863271713257}, "8": {"x": 0.11688277125358582, "y": 0.39223194122314453, "z": 0.0919562354683876, "vis": 0.9991487264633179}, "9": {"x": 0.10471252351999283, "y": 0.4055870473384857, "z": 0.08626795560121536, "vis": 0.9990454316139221}, "10": {"x": 0.10876249521970749, "y": 0.40535011887550354, "z": 0.10602844506502151, "vis": 0.998993456363678}, "11": {"x": 0.10335563868284225, "y": 0.450341135263443, "z": -0.0606190487742424, "vis": 0.9999343156814575}, "12": {"x": 0.13172121345996857, "y": 0.43964338302612305, "z": 0.12194093316793442, "vis": 0.9981990456581116}, "13": {"x": 0.09943795204162598, "y": 0.5287030935287476, "z": -0.0782494768500328, "vis": 0.9928163290023804}, "14": {"x": 0.1293741911649704, "y": 0.5235278010368347, "z": 0.16435003280639648, "vis": 0.03947608172893524}, "15": {"x": 0.07920797914266586, "y": 0.5573761463165283, "z": -0.026913059875369072, "vis": 0.9629346132278442}, "16": {"x": 0.10374287515878677, "y": 0.5578932762145996, "z": 0.1918061375617981, "vis": 0.031646549701690674}, "17": {"x": 0.07344827055931091, "y": 0.5678595304489136, "z": -0.034216687083244324, "vis": 0.9338144063949585}, "18": {"x": 0.09829090535640717, "y": 0.5674024820327759, "z": 0.20396143198013306, "vis": 0.04245645925402641}, "19": {"x": 0.07254129648208618, "y": 0.5604058504104614, "z": -0.030329881235957146, "vis": 0.929597020149231}, "20": {"x": 0.0948827937245369, "y": 0.5646477341651917, "z": 0.19047291576862335, "vis": 0.04359068721532822}, "21": {"x": 0.07469072937965393, "y": 0.5568327307701111, "z": -0.023412376642227173, "vis": 0.8955356478691101}, "22": {"x": 0.09615868330001831, "y": 0.5608824491500854, "z": 0.18605287373065948, "vis": 0.04898407310247421}, "23": {"x": 0.1173800453543663, "y": 0.5993646383285522, "z": -0.05711895972490311, "vis": 0.9990056157112122}, "24": {"x": 0.13661803305149078, "y": 0.6018110513687134, "z": 0.057080693542957306, "vis": 0.9976205229759216}, "25": {"x": 0.10187022387981415, "y": 0.7147097587585449, "z": -0.055608585476875305, "vis": 0.9361754059791565}, "26": {"x": 0.13141897320747375, "y": 0.7211233377456665, "z": 0.05819078907370567, "vis": 0.4945117235183716}, "27": {"x": 0.10475823283195496, "y": 0.8464608192443848, "z": -0.05427448824048042, "vis": 0.9433351755142212}, "28": {"x": 0.12897391617298126, "y": 0.8402307033538818, "z": 0.05858145281672478, "vis": 0.6232398748397827}, "29": {"x": 0.11088665574789047, "y": 0.8637610077857971, "z": -0.05381384491920471, "vis": 0.9675546884536743}, "30": {"x": 0.1319063901901245, "y": 0.8583475351333618, "z": 0.05765790492296219, "vis": 0.6952422261238098}, "31": {"x": 0.07631844282150269, "y": 0.8640907406806946, "z": -0.07500223070383072, "vis": 0.8877005577087402}, "32": {"x": 0.11456352472305298, "y": 0.8575750589370728, "z": 0.03648730367422104, "vis": 0.49330997467041016}}