{"0": {"x": 0.5099962949752808, "y": 0.3967429995536804, "z": 0.5047784447669983, "vis": 0.9999556541442871}, "1": {"x": 0.5063930153846741, "y": 0.3838241994380951, "z": 0.5028059482574463, "vis": 0.9999488592147827}, "2": {"x": 0.5032177567481995, "y": 0.3833581507205963, "z": 0.5029128789901733, "vis": 0.9999440908432007}, "3": {"x": 0.5001040101051331, "y": 0.38308537006378174, "z": 0.5029721260070801, "vis": 0.9999696016311646}, "4": {"x": 0.5151959657669067, "y": 0.3846063017845154, "z": 0.49642542004585266, "vis": 0.9999314546585083}, "5": {"x": 0.5180168747901917, "y": 0.3849038779735565, "z": 0.4964304268360138, "vis": 0.9999009370803833}, "6": {"x": 0.5207152962684631, "y": 0.385651171207428, "z": 0.4963471591472626, "vis": 0.9999281167984009}, "7": {"x": 0.49616846442222595, "y": 0.39006054401397705, "z": 0.4360646605491638, "vis": 0.9999676942825317}, "8": {"x": 0.5245828032493591, "y": 0.39486411213874817, "z": 0.4088916778564453, "vis": 0.999911904335022}, "9": {"x": 0.5048984289169312, "y": 0.40844348073005676, "z": 0.47810885310173035, "vis": 0.9999411106109619}, "10": {"x": 0.5135023593902588, "y": 0.40959739685058594, "z": 0.4706728756427765, "vis": 0.9999027252197266}, "11": {"x": 0.46398791670799255, "y": 0.4815189838409424, "z": 0.36926814913749695, "vis": 0.9999872446060181}, "12": {"x": 0.544258713722229, "y": 0.46899476647377014, "z": 0.2586802840232849, "vis": 0.9999935626983643}, "13": {"x": 0.4523545503616333, "y": 0.5966929197311401, "z": 0.3157030940055847, "vis": 0.5462726950645447}, "14": {"x": 0.5652536153793335, "y": 0.5684767961502075, "z": 0.19690214097499847, "vis": 0.98182213306427}, "15": {"x": 0.44637948274612427, "y": 0.7006531357765198, "z": 0.29334133863449097, "vis": 0.41382431983947754}, "16": {"x": 0.5647818446159363, "y": 0.6789931654930115, "z": 0.23659120500087738, "vis": 0.7716473340988159}, "17": {"x": 0.4393506348133087, "y": 0.7213632464408875, "z": 0.29122090339660645, "vis": 0.3855850100517273}, "18": {"x": 0.5688191056251526, "y": 0.7090595960617065, "z": 0.24213986098766327, "vis": 0.7464170455932617}, "19": {"x": 0.4517582654953003, "y": 0.7353183031082153, "z": 0.29731932282447815, "vis": 0.35644620656967163}, "20": {"x": 0.5640865564346313, "y": 0.710077166557312, "z": 0.251945436000824, "vis": 0.7023385167121887}, "21": {"x": 0.45387783646583557, "y": 0.7280833721160889, "z": 0.2932262420654297, "vis": 0.2968962788581848}, "22": {"x": 0.5611975193023682, "y": 0.6980111598968506, "z": 0.24132467806339264, "vis": 0.6321574449539185}, "23": {"x": 0.4612845182418823, "y": 0.6506922841072083, "z": 0.05011596158146858, "vis": 0.999981164932251}, "24": {"x": 0.5077162981033325, "y": 0.6586785316467285, "z": -0.05065448582172394, "vis": 0.9999359846115112}, "25": {"x": 0.44785383343696594, "y": 0.7941733002662659, "z": -0.052894286811351776, "vis": 0.890093982219696}, "26": {"x": 0.5194616317749023, "y": 0.8019558787345886, "z": -0.08361068367958069, "vis": 0.9721193909645081}, "27": {"x": 0.40526771545410156, "y": 0.8732560276985168, "z": -0.3981815278530121, "vis": 0.9505821466445923}, "28": {"x": 0.4767613410949707, "y": 0.9273955821990967, "z": -0.4666697084903717, "vis": 0.9430781006813049}, "29": {"x": 0.39097267389297485, "y": 0.8865067958831787, "z": -0.44137513637542725, "vis": 0.9886115193367004}, "30": {"x": 0.46698707342147827, "y": 0.9256264567375183, "z": -0.5094451308250427, "vis": 0.9919901490211487}, "31": {"x": 0.39268946647644043, "y": 0.9531073570251465, "z": -0.5035055875778198, "vis": 0.9568837881088257}, "32": {"x": 0.48015743494033813, "y": 0.9778540134429932, "z": -0.5652456879615784, "vis": 0.9643776416778564}}