{"0": {"x": 0.2689119279384613, "y": 0.4928913116455078, "z": 0.2775266170501709, "vis": 0.9984385371208191}, "1": {"x": 0.26574602723121643, "y": 0.48220762610435486, "z": 0.2670392096042633, "vis": 0.998958945274353}, "2": {"x": 0.26321473717689514, "y": 0.4829842150211334, "z": 0.26704269647598267, "vis": 0.9988871216773987}, "3": {"x": 0.2607221007347107, "y": 0.48405033349990845, "z": 0.26693952083587646, "vis": 0.9992188215255737}, "4": {"x": 0.274302214384079, "y": 0.48021188378334045, "z": 0.2680266499519348, "vis": 0.9984315037727356}, "5": {"x": 0.27736836671829224, "y": 0.4798738658428192, "z": 0.2680814862251282, "vis": 0.9982017278671265}, "6": {"x": 0.2802110016345978, "y": 0.48009729385375977, "z": 0.26802757382392883, "vis": 0.998672366142273}, "7": {"x": 0.2560378611087799, "y": 0.4942229390144348, "z": 0.19781926274299622, "vis": 0.9991757273674011}, "8": {"x": 0.28526613116264343, "y": 0.49131307005882263, "z": 0.20113065838813782, "vis": 0.9987227320671082}, "9": {"x": 0.2633061408996582, "y": 0.5076308250427246, "z": 0.2537563443183899, "vis": 0.9976329803466797}, "10": {"x": 0.27455902099609375, "y": 0.5067786574363708, "z": 0.25485023856163025, "vis": 0.9975723624229431}, "11": {"x": 0.2297523468732834, "y": 0.5800427198410034, "z": 0.13832154870033264, "vis": 0.9996284246444702}, "12": {"x": 0.3133854269981384, "y": 0.5734584927558899, "z": 0.13259395956993103, "vis": 0.9992440938949585}, "13": {"x": 0.21743343770503998, "y": 0.6973368525505066, "z": 0.15227487683296204, "vis": 0.45674166083335876}, "14": {"x": 0.31601274013519287, "y": 0.691563606262207, "z": 0.13525408506393433, "vis": 0.593974769115448}, "15": {"x": 0.23099805414676666, "y": 0.7929765582084656, "z": 0.22353199124336243, "vis": 0.06235905736684799}, "16": {"x": 0.31223219633102417, "y": 0.7894657850265503, "z": 0.1870037466287613, "vis": 0.13234950602054596}, "17": {"x": 0.232384592294693, "y": 0.8136839270591736, "z": 0.2282652109861374, "vis": 0.05700516328215599}, "18": {"x": 0.31326824426651, "y": 0.8176740407943726, "z": 0.19459351897239685, "vis": 0.10345709323883057}, "19": {"x": 0.23786872625350952, "y": 0.8120704293251038, "z": 0.2357078492641449, "vis": 0.052042365074157715}, "20": {"x": 0.30582159757614136, "y": 0.8148930072784424, "z": 0.19441485404968262, "vis": 0.09253909438848495}, "21": {"x": 0.23881612718105316, "y": 0.8043959736824036, "z": 0.22728636860847473, "vis": 0.05508466809988022}, "22": {"x": 0.3041962683200836, "y": 0.8054807186126709, "z": 0.18746380507946014, "vis": 0.10013820976018906}, "23": {"x": 0.23294466733932495, "y": 0.7573909163475037, "z": 0.0015461707953363657, "vis": 0.9996988773345947}, "24": {"x": 0.28655654191970825, "y": 0.7639568448066711, "z": -0.0017809257842600346, "vis": 0.9987722039222717}, "25": {"x": 0.228828564286232, "y": 0.8928824067115784, "z": 0.10055971890687943, "vis": 0.9070632457733154}, "26": {"x": 0.30061668157577515, "y": 0.8881798386573792, "z": 0.10606276243925095, "vis": 0.5873624086380005}, "27": {"x": 0.22359639406204224, "y": 0.9979223608970642, "z": 0.11886458843946457, "vis": 0.8112207055091858}, "28": {"x": 0.3068392872810364, "y": 0.9845431447029114, "z": 0.12813690304756165, "vis": 0.4874616265296936}, "29": {"x": 0.222309872508049, "y": 1.0466504096984863, "z": 0.11731462180614471, "vis": 0.8279460668563843}, "30": {"x": 0.3073365092277527, "y": 1.02887761592865, "z": 0.129887655377388, "vis": 0.5887266397476196}, "31": {"x": 0.2234371453523636, "y": 0.992498517036438, "z": 0.10712013393640518, "vis": 0.3976459503173828}, "32": {"x": 0.31117063760757446, "y": 0.979884147644043, "z": 0.12279586493968964, "vis": 0.23657555878162384}}