{"0": {"x": 0.2698782980442047, "y": 0.4927128553390503, "z": 0.2582569420337677, "vis": 0.9983528852462769}, "1": {"x": 0.2666431665420532, "y": 0.4820749759674072, "z": 0.2457682192325592, "vis": 0.9989601373672485}, "2": {"x": 0.2640380561351776, "y": 0.48282572627067566, "z": 0.24576418101787567, "vis": 0.9988877177238464}, "3": {"x": 0.26151856780052185, "y": 0.48389288783073425, "z": 0.24565578997135162, "vis": 0.999203622341156}, "4": {"x": 0.275346577167511, "y": 0.48060348629951477, "z": 0.24778275191783905, "vis": 0.9984819293022156}, "5": {"x": 0.2783436179161072, "y": 0.4804988205432892, "z": 0.24784648418426514, "vis": 0.9982603192329407}, "6": {"x": 0.28113019466400146, "y": 0.48086708784103394, "z": 0.24779802560806274, "vis": 0.998677670955658}, "7": {"x": 0.25681108236312866, "y": 0.49405723810195923, "z": 0.1734551638364792, "vis": 0.9992152452468872}, "8": {"x": 0.28602343797683716, "y": 0.4916151762008667, "z": 0.18152360618114471, "vis": 0.998708963394165}, "9": {"x": 0.26407164335250854, "y": 0.5067836046218872, "z": 0.23390357196331024, "vis": 0.9975179433822632}, "10": {"x": 0.27572011947631836, "y": 0.50632643699646, "z": 0.23635342717170715, "vis": 0.9973611235618591}, "11": {"x": 0.2300092875957489, "y": 0.5789739489555359, "z": 0.11781755834817886, "vis": 0.9995960593223572}, "12": {"x": 0.3135371804237366, "y": 0.5734013319015503, "z": 0.1190386414527893, "vis": 0.9993533492088318}, "13": {"x": 0.2168811410665512, "y": 0.6956955790519714, "z": 0.14252334833145142, "vis": 0.39528563618659973}, "14": {"x": 0.31591764092445374, "y": 0.6909564137458801, "z": 0.12466072291135788, "vis": 0.5985623002052307}, "15": {"x": 0.23344939947128296, "y": 0.7781974077224731, "z": 0.22611699998378754, "vis": 0.048119522631168365}, "16": {"x": 0.31288284063339233, "y": 0.7895461320877075, "z": 0.17316201329231262, "vis": 0.14199279248714447}, "17": {"x": 0.2350299060344696, "y": 0.7964598536491394, "z": 0.23390978574752808, "vis": 0.0467711016535759}, "18": {"x": 0.3120550513267517, "y": 0.8159064054489136, "z": 0.1807558387517929, "vis": 0.11677665263414383}, "19": {"x": 0.24101507663726807, "y": 0.7944816946983337, "z": 0.23963415622711182, "vis": 0.042786695063114166}, "20": {"x": 0.30619680881500244, "y": 0.8143183588981628, "z": 0.18093962967395782, "vis": 0.1036609411239624}, "21": {"x": 0.2418224960565567, "y": 0.7877999544143677, "z": 0.22991009056568146, "vis": 0.04573346674442291}, "22": {"x": 0.3047568202018738, "y": 0.8054850697517395, "z": 0.17378856241703033, "vis": 0.10948977619409561}, "23": {"x": 0.23296597599983215, "y": 0.7566967606544495, "z": -0.0014046989381313324, "vis": 0.9996888637542725}, "24": {"x": 0.2869505286216736, "y": 0.7638110518455505, "z": 0.0011835664045065641, "vis": 0.9987984895706177}, "25": {"x": 0.22842909395694733, "y": 0.8926681280136108, "z": 0.09293784946203232, "vis": 0.901715099811554}, "26": {"x": 0.30054932832717896, "y": 0.8882233500480652, "z": 0.1091747060418129, "vis": 0.5680466294288635}, "27": {"x": 0.22386866807937622, "y": 0.9973000288009644, "z": 0.11820275336503983, "vis": 0.7808133959770203}, "28": {"x": 0.30685925483703613, "y": 0.9844277501106262, "z": 0.13563677668571472, "vis": 0.45234861969947815}, "29": {"x": 0.22298239171504974, "y": 1.0468757152557373, "z": 0.11787506192922592, "vis": 0.8016393780708313}, "30": {"x": 0.30656448006629944, "y": 1.0311278104782104, "z": 0.13820353150367737, "vis": 0.5576130747795105}, "31": {"x": 0.22314968705177307, "y": 0.9844524264335632, "z": 0.10992701351642609, "vis": 0.37475571036338806}, "32": {"x": 0.3112790286540985, "y": 0.9807581305503845, "z": 0.13404004275798798, "vis": 0.21516256034374237}}