{"0": {"x": 0.3271560072898865, "y": 0.5222518444061279, "z": -0.018337229266762733, "vis": 0.9996178150177002}, "1": {"x": 0.32352468371391296, "y": 0.5069175958633423, "z": -0.0032751092221587896, "vis": 0.9997866749763489}, "2": {"x": 0.32356351613998413, "y": 0.5067007541656494, "z": -0.0033658023457974195, "vis": 0.9996541738510132}, "3": {"x": 0.3235985040664673, "y": 0.5064764618873596, "z": -0.003463025903329253, "vis": 0.9998594522476196}, "4": {"x": 0.3204849064350128, "y": 0.5067102313041687, "z": -0.025767911225557327, "vis": 0.9998373985290527}, "5": {"x": 0.318048894405365, "y": 0.5062696933746338, "z": -0.025796502828598022, "vis": 0.9996882677078247}, "6": {"x": 0.31538596749305725, "y": 0.5058606266975403, "z": -0.025825006887316704, "vis": 0.9997875094413757}, "7": {"x": 0.31300824880599976, "y": 0.5119732618331909, "z": 0.06082845479249954, "vis": 0.9998406171798706}, "8": {"x": 0.3036404550075531, "y": 0.5126379728317261, "z": -0.03629603609442711, "vis": 0.9998132586479187}, "9": {"x": 0.3256693184375763, "y": 0.5361154079437256, "z": 0.0069046723656356335, "vis": 0.9997724890708923}, "10": {"x": 0.3222358822822571, "y": 0.5366058349609375, "z": -0.02080339379608631, "vis": 0.9998781681060791}, "11": {"x": 0.29835736751556396, "y": 0.6002256274223328, "z": 0.14496731758117676, "vis": 0.9997130036354065}, "12": {"x": 0.28640416264533997, "y": 0.5928187370300293, "z": -0.10563890635967255, "vis": 0.9996697902679443}, "13": {"x": 0.2829511761665344, "y": 0.7152538299560547, "z": 0.15068307518959045, "vis": 0.07061049342155457}, "14": {"x": 0.26991361379623413, "y": 0.7200366258621216, "z": -0.09988334029912949, "vis": 0.8602486252784729}, "15": {"x": 0.3115931451320648, "y": 0.7933654189109802, "z": 0.06074931472539902, "vis": 0.08057326823472977}, "16": {"x": 0.3263072073459625, "y": 0.766982913017273, "z": -0.029093310236930847, "vis": 0.4845946133136749}, "17": {"x": 0.32103580236434937, "y": 0.8152283430099487, "z": 0.04491446912288666, "vis": 0.11095409840345383}, "18": {"x": 0.3381216526031494, "y": 0.7882024049758911, "z": -0.03721911087632179, "vis": 0.4357728362083435}, "19": {"x": 0.32278087735176086, "y": 0.809340238571167, "z": 0.029823914170265198, "vis": 0.11377344280481339}, "20": {"x": 0.34283554553985596, "y": 0.7693079113960266, "z": -0.03575717657804489, "vis": 0.4357970058917999}, "21": {"x": 0.317523717880249, "y": 0.8004734516143799, "z": 0.049143679440021515, "vis": 0.1288747638463974}, "22": {"x": 0.33693283796310425, "y": 0.7612411975860596, "z": -0.02552591823041439, "vis": 0.4554908871650696}, "23": {"x": 0.25608178973197937, "y": 0.8023484349250793, "z": 0.0858539491891861, "vis": 0.9999533891677856}, "24": {"x": 0.24959875643253326, "y": 0.7971253991127014, "z": -0.08588581532239914, "vis": 0.9999217987060547}, "25": {"x": 0.27391278743743896, "y": 0.976151704788208, "z": 0.013374906033277512, "vis": 0.9027400612831116}, "26": {"x": 0.34561869502067566, "y": 0.7923677563667297, "z": -0.12120430171489716, "vis": 0.9500887393951416}, "27": {"x": 0.1802881360054016, "y": 0.9368280172348022, "z": 0.10373242944478989, "vis": 0.8097860813140869}, "28": {"x": 0.30141252279281616, "y": 0.9555580615997314, "z": -0.03167325630784035, "vis": 0.9586701393127441}, "29": {"x": 0.1701151430606842, "y": 0.9163486957550049, "z": 0.11509545892477036, "vis": 0.8508997559547424}, "30": {"x": 0.28869685530662537, "y": 0.9662935733795166, "z": -0.019979853183031082, "vis": 0.936319887638092}, "31": {"x": 0.15835954248905182, "y": 0.9900768995285034, "z": 0.11171627044677734, "vis": 0.7671990990638733}, "32": {"x": 0.3166128695011139, "y": 1.016081690788269, "z": -0.02322029322385788, "vis": 0.9419910311698914}}