{"0": {"x": 0.13668325543403625, "y": 0.3464822471141815, "z": 0.11479184776544571, "vis": 0.9994151592254639}, "1": {"x": 0.13354365527629852, "y": 0.33793482184410095, "z": 0.09430858492851257, "vis": 0.9994593262672424}, "2": {"x": 0.1316639930009842, "y": 0.3380878269672394, "z": 0.09431188553571701, "vis": 0.9994502663612366}, "3": {"x": 0.12996922433376312, "y": 0.3385966122150421, "z": 0.09427760541439056, "vis": 0.9994741082191467}, "4": {"x": 0.13916297256946564, "y": 0.3380516469478607, "z": 0.09474296122789383, "vis": 0.9995471835136414}, "5": {"x": 0.140945702791214, "y": 0.33815380930900574, "z": 0.09473106265068054, "vis": 0.9995512366294861}, "6": {"x": 0.14276239275932312, "y": 0.33841073513031006, "z": 0.09469207376241684, "vis": 0.9995821118354797}, "7": {"x": 0.12726622819900513, "y": 0.34623587131500244, "z": 0.026208972558379173, "vis": 0.9994311928749084}, "8": {"x": 0.1455060839653015, "y": 0.3450466990470886, "z": 0.027443978935480118, "vis": 0.9992852807044983}, "9": {"x": 0.13440071046352386, "y": 0.355663925409317, "z": 0.0945843830704689, "vis": 0.9986479878425598}, "10": {"x": 0.14019712805747986, "y": 0.3557136058807373, "z": 0.09472411125898361, "vis": 0.9987138509750366}, "11": {"x": 0.10242557525634766, "y": 0.41002506017684937, "z": -0.007706075441092253, "vis": 0.9980999827384949}, "12": {"x": 0.1627950817346573, "y": 0.40319371223449707, "z": 0.012120593339204788, "vis": 0.9965408444404602}, "13": {"x": 0.09752611815929413, "y": 0.4971514940261841, "z": 0.0627174973487854, "vis": 0.7649252414703369}, "14": {"x": 0.16668452322483063, "y": 0.4823972284793854, "z": 0.07768592983484268, "vis": 0.6796351671218872}, "15": {"x": 0.11856476962566376, "y": 0.49219489097595215, "z": 0.19811712205410004, "vis": 0.018825773149728775}, "16": {"x": 0.15087881684303284, "y": 0.45028358697891235, "z": 0.2050200253725052, "vis": 0.029319951310753822}, "17": {"x": 0.12009388953447342, "y": 0.5033901333808899, "z": 0.21700918674468994, "vis": 0.015129719860851765}, "18": {"x": 0.14790421724319458, "y": 0.44240817427635193, "z": 0.22766660153865814, "vis": 0.028945567086338997}, "19": {"x": 0.1256747543811798, "y": 0.4868958592414856, "z": 0.21700352430343628, "vis": 0.014760097488760948}, "20": {"x": 0.14224140346050262, "y": 0.43474239110946655, "z": 0.2290922999382019, "vis": 0.028520381078124046}, "21": {"x": 0.12461171299219131, "y": 0.48581498861312866, "z": 0.20170578360557556, "vis": 0.017039645463228226}, "22": {"x": 0.1420002579689026, "y": 0.43679025769233704, "z": 0.20898595452308655, "vis": 0.028475243598222733}, "23": {"x": 0.1200203076004982, "y": 0.5733852386474609, "z": -0.008753270842134953, "vis": 0.998018741607666}, "24": {"x": 0.15175892412662506, "y": 0.5681454539299011, "z": 0.00876577291637659, "vis": 0.9970695376396179}, "25": {"x": 0.12905696034431458, "y": 0.6881197690963745, "z": 0.006430074572563171, "vis": 0.9874788522720337}, "26": {"x": 0.1606219857931137, "y": 0.6803460717201233, "z": 0.043604061007499695, "vis": 0.9819806218147278}, "27": {"x": 0.12934769690036774, "y": 0.8013181090354919, "z": 0.0154044721275568, "vis": 0.9733281135559082}, "28": {"x": 0.174703449010849, "y": 0.7914522886276245, "z": 0.052425019443035126, "vis": 0.9698466658592224}, "29": {"x": 0.13142558932304382, "y": 0.8179951310157776, "z": 0.01739317923784256, "vis": 0.9779248237609863}, "30": {"x": 0.17408490180969238, "y": 0.8083375692367554, "z": 0.0541485920548439, "vis": 0.9635422229766846}, "31": {"x": 0.12723402678966522, "y": 0.8170056343078613, "z": 0.015240439213812351, "vis": 0.7775885462760925}, "32": {"x": 0.17327839136123657, "y": 0.8021773099899292, "z": 0.053578369319438934, "vis": 0.7421876192092896}}