{"0": {"x": 0.27953025698661804, "y": 0.39515119791030884, "z": 0.012337462976574898, "vis": 0.9950447082519531}, "1": {"x": 0.2786283493041992, "y": 0.3750942647457123, "z": 0.014295079745352268, "vis": 0.9962605834007263}, "2": {"x": 0.2773420214653015, "y": 0.3732903003692627, "z": 0.01421645749360323, "vis": 0.9949055910110474}, "3": {"x": 0.2759459614753723, "y": 0.37117013335227966, "z": 0.014088098891079426, "vis": 0.9966856837272644}, "4": {"x": 0.27969637513160706, "y": 0.3756237030029297, "z": -0.007274237461388111, "vis": 0.9959626793861389}, "5": {"x": 0.27924108505249023, "y": 0.3743326961994171, "z": -0.007213368080556393, "vis": 0.9939717650413513}, "6": {"x": 0.2787851095199585, "y": 0.3729417324066162, "z": -0.00724744750186801, "vis": 0.9956268072128296}, "7": {"x": 0.2620481252670288, "y": 0.3622567355632782, "z": 0.02727225422859192, "vis": 0.9958589673042297}, "8": {"x": 0.2676253914833069, "y": 0.3672092854976654, "z": -0.07037322223186493, "vis": 0.9956921935081482}, "9": {"x": 0.271669864654541, "y": 0.40648630261421204, "z": 0.022038327530026436, "vis": 0.9948394894599915}, "10": {"x": 0.27212128043174744, "y": 0.4064633250236511, "z": -0.006188001949340105, "vis": 0.995840847492218}, "11": {"x": 0.20305421948432922, "y": 0.44721466302871704, "z": 0.06474786251783371, "vis": 0.9992039799690247}, "12": {"x": 0.2649992108345032, "y": 0.45227882266044617, "z": -0.12192389369010925, "vis": 0.9999207258224487}, "13": {"x": 0.2012864500284195, "y": 0.5786325335502625, "z": 0.08768146485090256, "vis": 0.052989427000284195}, "14": {"x": 0.2801278233528137, "y": 0.6047781109809875, "z": -0.12254036217927933, "vis": 0.9602599143981934}, "15": {"x": 0.21763794124126434, "y": 0.6776071190834045, "z": 0.10489585250616074, "vis": 0.02024812437593937}, "16": {"x": 0.28836292028427124, "y": 0.7615057826042175, "z": -0.05695116147398949, "vis": 0.8851649165153503}, "17": {"x": 0.22033058106899261, "y": 0.7000047564506531, "z": 0.11368807405233383, "vis": 0.026118991896510124}, "18": {"x": 0.29126259684562683, "y": 0.8008369207382202, "z": -0.06311783939599991, "vis": 0.8483607172966003}, "19": {"x": 0.22386319935321808, "y": 0.696938693523407, "z": 0.10362017899751663, "vis": 0.02506093867123127}, "20": {"x": 0.2919393479824066, "y": 0.7976163625717163, "z": -0.05082111060619354, "vis": 0.8300146460533142}, "21": {"x": 0.22365859150886536, "y": 0.6918167471885681, "z": 0.10050813853740692, "vis": 0.02685469016432762}, "22": {"x": 0.28791362047195435, "y": 0.7848914861679077, "z": -0.050423916429281235, "vis": 0.7731654047966003}, "23": {"x": 0.1976882815361023, "y": 0.715169370174408, "z": 0.04703106731176376, "vis": 0.9913655519485474}, "24": {"x": 0.23538731038570404, "y": 0.7188626527786255, "z": -0.047136180102825165, "vis": 0.9894027709960938}, "25": {"x": 0.19722102582454681, "y": 0.8804740905761719, "z": 0.0955679640173912, "vis": 0.15152230858802795}, "26": {"x": 0.25229859352111816, "y": 0.898226261138916, "z": 0.014451430179178715, "vis": 0.2819424271583557}, "27": {"x": 0.20294247567653656, "y": 1.0514039993286133, "z": 0.1591988056898117, "vis": 0.05982890725135803}, "28": {"x": 0.24207866191864014, "y": 1.0619443655014038, "z": 0.08536099642515182, "vis": 0.1580786108970642}, "29": {"x": 0.1964510977268219, "y": 1.0847508907318115, "z": 0.16320915520191193, "vis": 0.10736297070980072}, "30": {"x": 0.2338356077671051, "y": 1.0917071104049683, "z": 0.09315037727355957, "vis": 0.1854533851146698}, "31": {"x": 0.221803218126297, "y": 1.0695340633392334, "z": 0.14449717104434967, "vis": 0.06951077282428741}, "32": {"x": 0.2667621970176697, "y": 1.0857832431793213, "z": 0.07614092528820038, "vis": 0.11561520397663116}}