{"0": {"x": 0.26112863421440125, "y": 0.394358366727829, "z": 0.3203742206096649, "vis": 0.9993137121200562}, "1": {"x": 0.2577204704284668, "y": 0.38117870688438416, "z": 0.30365562438964844, "vis": 0.9996356964111328}, "2": {"x": 0.2551039159297943, "y": 0.38162294030189514, "z": 0.30362576246261597, "vis": 0.9995312690734863}, "3": {"x": 0.2525201141834259, "y": 0.3824383318424225, "z": 0.30354878306388855, "vis": 0.9997312426567078}, "4": {"x": 0.2665661573410034, "y": 0.38085341453552246, "z": 0.3015758693218231, "vis": 0.9995366334915161}, "5": {"x": 0.26998379826545715, "y": 0.3809873163700104, "z": 0.30159351229667664, "vis": 0.9993464350700378}, "6": {"x": 0.2733682096004486, "y": 0.38140615820884705, "z": 0.3015601933002472, "vis": 0.9996127486228943}, "7": {"x": 0.24817700684070587, "y": 0.39280617237091064, "z": 0.22128669917583466, "vis": 0.9993985891342163}, "8": {"x": 0.2784796953201294, "y": 0.39207810163497925, "z": 0.21327801048755646, "vis": 0.999125063419342}, "9": {"x": 0.2557973563671112, "y": 0.4086434543132782, "z": 0.29381299018859863, "vis": 0.998519241809845}, "10": {"x": 0.26655542850494385, "y": 0.40950149297714233, "z": 0.2915113866329193, "vis": 0.9982157945632935}, "11": {"x": 0.21639683842658997, "y": 0.49103695154190063, "z": 0.18126770853996277, "vis": 0.9975518584251404}, "12": {"x": 0.3036161959171295, "y": 0.4940475523471832, "z": 0.1296028196811676, "vis": 0.9990266561508179}, "13": {"x": 0.21673737466335297, "y": 0.6083851456642151, "z": 0.21098439395427704, "vis": 0.17372801899909973}, "14": {"x": 0.31065335869789124, "y": 0.6116431355476379, "z": 0.169375479221344, "vis": 0.35444262623786926}, "15": {"x": 0.24666853249073029, "y": 0.6024802327156067, "z": 0.3187347650527954, "vis": 0.027877455577254295}, "16": {"x": 0.298196405172348, "y": 0.6449542045593262, "z": 0.27322322130203247, "vis": 0.028460262343287468}, "17": {"x": 0.2502076029777527, "y": 0.5976149439811707, "z": 0.34406375885009766, "vis": 0.029831836000084877}, "18": {"x": 0.29558637738227844, "y": 0.6492820978164673, "z": 0.29394805431365967, "vis": 0.031667716801166534}, "19": {"x": 0.26157230138778687, "y": 0.5893218517303467, "z": 0.3476889133453369, "vis": 0.028999855741858482}, "20": {"x": 0.2866491675376892, "y": 0.6412779092788696, "z": 0.29840758442878723, "vis": 0.03243337571620941}, "21": {"x": 0.26171615719795227, "y": 0.5908083319664001, "z": 0.3242630362510681, "vis": 0.03086097724735737}, "22": {"x": 0.2851223051548004, "y": 0.639748752117157, "z": 0.2782914340496063, "vis": 0.0388006716966629}, "23": {"x": 0.22732692956924438, "y": 0.7027975916862488, "z": 0.024130722507834435, "vis": 0.9982274174690247}, "24": {"x": 0.28135910630226135, "y": 0.6998552083969116, "z": -0.02434987761080265, "vis": 0.9977537989616394}, "25": {"x": 0.22635595500469208, "y": 0.8346225023269653, "z": 0.07960488647222519, "vis": 0.8082180023193359}, "26": {"x": 0.3121771514415741, "y": 0.8216415047645569, "z": -0.002345881424844265, "vis": 0.7791650891304016}, "27": {"x": 0.21743422746658325, "y": 0.9573691487312317, "z": -0.20456497371196747, "vis": 0.896797776222229}, "28": {"x": 0.32432618737220764, "y": 0.9450975656509399, "z": -0.3049596846103668, "vis": 0.9196342825889587}, "29": {"x": 0.21662801504135132, "y": 0.9753791689872742, "z": -0.23653531074523926, "vis": 0.9660576581954956}, "30": {"x": 0.3188101351261139, "y": 0.9670538902282715, "z": -0.3361276388168335, "vis": 0.9602325558662415}, "31": {"x": 0.20902855694293976, "y": 0.9844691753387451, "z": -0.25877171754837036, "vis": 0.8054885864257812}, "32": {"x": 0.332445353269577, "y": 0.9814208745956421, "z": -0.3534572124481201, "vis": 0.8788907527923584}}