{"0": {"x": 0.23059815168380737, "y": 0.4037693738937378, "z": 0.2355082780122757, "vis": 0.9973912239074707}, "1": {"x": 0.22621341049671173, "y": 0.3924107253551483, "z": 0.2255767285823822, "vis": 0.9983055591583252}, "2": {"x": 0.22283154726028442, "y": 0.39196786284446716, "z": 0.2255374640226364, "vis": 0.9981829524040222}, "3": {"x": 0.21956726908683777, "y": 0.39183706045150757, "z": 0.22546766698360443, "vis": 0.9985067248344421}, "4": {"x": 0.23413629829883575, "y": 0.3930654227733612, "z": 0.21746453642845154, "vis": 0.9977245926856995}, "5": {"x": 0.23610080778598785, "y": 0.39308202266693115, "z": 0.2174791842699051, "vis": 0.9974769949913025}, "6": {"x": 0.23793168365955353, "y": 0.3931617736816406, "z": 0.21736420691013336, "vis": 0.998108983039856}, "7": {"x": 0.21397560834884644, "y": 0.3986778259277344, "z": 0.1672358214855194, "vis": 0.9980583786964417}, "8": {"x": 0.23865625262260437, "y": 0.4005407989025116, "z": 0.12968678772449493, "vis": 0.9978930354118347}, "9": {"x": 0.22518320381641388, "y": 0.4151982069015503, "z": 0.2164691537618637, "vis": 0.9962590932846069}, "10": {"x": 0.23296335339546204, "y": 0.41600698232650757, "z": 0.20549583435058594, "vis": 0.995884358882904}, "11": {"x": 0.17957377433776855, "y": 0.48921331763267517, "z": 0.14357392489910126, "vis": 0.9973205924034119}, "12": {"x": 0.2555542588233948, "y": 0.48317012190818787, "z": 0.03601878136396408, "vis": 0.9996330738067627}, "13": {"x": 0.18248090147972107, "y": 0.5989909172058105, "z": 0.150355726480484, "vis": 0.04986786097288132}, "14": {"x": 0.25893542170524597, "y": 0.5885539650917053, "z": 0.035134121775627136, "vis": 0.8420108556747437}, "15": {"x": 0.19290708005428314, "y": 0.6736523509025574, "z": 0.17245081067085266, "vis": 0.014795927330851555}, "16": {"x": 0.26593640446662903, "y": 0.6633774638175964, "z": 0.10287985950708389, "vis": 0.19599293172359467}, "17": {"x": 0.19924990832805634, "y": 0.6954719424247742, "z": 0.17519551515579224, "vis": 0.018417304381728172}, "18": {"x": 0.2709902226924896, "y": 0.6820114850997925, "z": 0.10717671364545822, "vis": 0.1685876101255417}, "19": {"x": 0.2043503224849701, "y": 0.6936273574829102, "z": 0.17390573024749756, "vis": 0.017487578094005585}, "20": {"x": 0.2693846523761749, "y": 0.6763126254081726, "z": 0.11181598156690598, "vis": 0.1572617143392563}, "21": {"x": 0.20410284399986267, "y": 0.685348629951477, "z": 0.17088323831558228, "vis": 0.019518781453371048}, "22": {"x": 0.26539745926856995, "y": 0.6694967746734619, "z": 0.10691913217306137, "vis": 0.14830300211906433}, "23": {"x": 0.17528170347213745, "y": 0.6722341775894165, "z": 0.03370458632707596, "vis": 0.9987567663192749}, "24": {"x": 0.2261403203010559, "y": 0.6636814475059509, "z": -0.033786606043577194, "vis": 0.998197615146637}, "25": {"x": 0.15985853970050812, "y": 0.822484016418457, "z": -0.014671736396849155, "vis": 0.9084975719451904}, "26": {"x": 0.2790433466434479, "y": 0.7932701706886292, "z": -0.049816906452178955, "vis": 0.9135937690734863}, "27": {"x": 0.13539326190948486, "y": 0.9848657846450806, "z": -0.08035903424024582, "vis": 0.8577457666397095}, "28": {"x": 0.2966802716255188, "y": 0.9677547812461853, "z": -0.10770858079195023, "vis": 0.8218475580215454}, "29": {"x": 0.12263926863670349, "y": 1.0159051418304443, "z": -0.08935414999723434, "vis": 0.8869196176528931}, "30": {"x": 0.2914641499519348, "y": 0.9884926080703735, "z": -0.11335043609142303, "vis": 0.7979864478111267}, "31": {"x": 0.13916771113872528, "y": 0.9853875041007996, "z": -0.12314952909946442, "vis": 0.5966320633888245}, "32": {"x": 0.319890558719635, "y": 0.9644349813461304, "z": -0.1401364952325821, "vis": 0.5689365267753601}}