{"0": {"x": 0.29071152210235596, "y": 0.48072725534439087, "z": -0.15538640320301056, "vis": 0.9999383687973022}, "1": {"x": 0.28839966654777527, "y": 0.464898020029068, "z": -0.13885819911956787, "vis": 0.9998574256896973}, "2": {"x": 0.28927621245384216, "y": 0.46407949924468994, "z": -0.13890206813812256, "vis": 0.9998589754104614}, "3": {"x": 0.29004979133605957, "y": 0.46310797333717346, "z": -0.13901641964912415, "vis": 0.9998421669006348}, "4": {"x": 0.2825457751750946, "y": 0.4653567373752594, "z": -0.15406601130962372, "vis": 0.9998935461044312}, "5": {"x": 0.27894431352615356, "y": 0.4653777480125427, "z": -0.1540471762418747, "vis": 0.9999055862426758}, "6": {"x": 0.2750057578086853, "y": 0.46559154987335205, "z": -0.15400266647338867, "vis": 0.9998884201049805}, "7": {"x": 0.282023161649704, "y": 0.4667583107948303, "z": -0.05128783732652664, "vis": 0.9997640252113342}, "8": {"x": 0.2637244760990143, "y": 0.4731242060661316, "z": -0.11640214174985886, "vis": 0.9998676776885986}, "9": {"x": 0.2911193370819092, "y": 0.49514040350914, "z": -0.12056587636470795, "vis": 0.999271810054779}, "10": {"x": 0.2837780714035034, "y": 0.49845650792121887, "z": -0.13935542106628418, "vis": 0.9993450045585632}, "11": {"x": 0.26940569281578064, "y": 0.5436043739318848, "z": 0.0655522346496582, "vis": 0.9996300935745239}, "12": {"x": 0.25830981135368347, "y": 0.5582091808319092, "z": -0.16532185673713684, "vis": 0.99979168176651}, "13": {"x": 0.2689458727836609, "y": 0.6570046544075012, "z": 0.11432814598083496, "vis": 0.11069338768720627}, "14": {"x": 0.289358526468277, "y": 0.6621225476264954, "z": -0.18765796720981598, "vis": 0.9948534369468689}, "15": {"x": 0.300153523683548, "y": 0.6960914134979248, "z": 0.0711199939250946, "vis": 0.21780237555503845}, "16": {"x": 0.354797899723053, "y": 0.6249070167541504, "z": -0.1626918464899063, "vis": 0.9766576290130615}, "17": {"x": 0.3077513575553894, "y": 0.7045050859451294, "z": 0.07123883813619614, "vis": 0.25537434220314026}, "18": {"x": 0.3728107213973999, "y": 0.6156919598579407, "z": -0.18467223644256592, "vis": 0.9582607746124268}, "19": {"x": 0.3116258382797241, "y": 0.6944752335548401, "z": 0.0486036092042923, "vis": 0.2604237198829651}, "20": {"x": 0.3721168339252472, "y": 0.5951703190803528, "z": -0.1699901819229126, "vis": 0.9573388695716858}, "21": {"x": 0.308424174785614, "y": 0.6927287578582764, "z": 0.059970028698444366, "vis": 0.2518776059150696}, "22": {"x": 0.36525461077690125, "y": 0.599239706993103, "z": -0.15638305246829987, "vis": 0.9380913376808167}, "23": {"x": 0.24210837483406067, "y": 0.7743017673492432, "z": 0.0773753821849823, "vis": 0.9966423511505127}, "24": {"x": 0.2340451031923294, "y": 0.7867971062660217, "z": -0.07729515433311462, "vis": 0.9966919422149658}, "25": {"x": 0.29603609442710876, "y": 0.8554867506027222, "z": 0.04523757845163345, "vis": 0.36777812242507935}, "26": {"x": 0.25288382172584534, "y": 0.952792763710022, "z": -0.1357865035533905, "vis": 0.9830940961837769}, "27": {"x": 0.2296619564294815, "y": 0.9165669083595276, "z": 0.13221529126167297, "vis": 0.34910905361175537}, "28": {"x": 0.18174919486045837, "y": 0.9232785105705261, "z": -0.028171131387352943, "vis": 0.9287511706352234}, "29": {"x": 0.21884387731552124, "y": 0.915202796459198, "z": 0.13979877531528473, "vis": 0.37269821763038635}, "30": {"x": 0.16346082091331482, "y": 0.8986853957176208, "z": -0.013744918629527092, "vis": 0.8783549070358276}, "31": {"x": 0.22404807806015015, "y": 0.9569128751754761, "z": 0.15832729637622833, "vis": 0.37318578362464905}, "32": {"x": 0.16111624240875244, "y": 0.9785837531089783, "z": 0.013948139734566212, "vis": 0.8927802443504333}}