{"0": {"x": 0.2780759930610657, "y": 0.4756544828414917, "z": 0.46961164474487305, "vis": 0.9975209832191467}, "1": {"x": 0.2751006782054901, "y": 0.4641359746456146, "z": 0.4631536304950714, "vis": 0.9976105690002441}, "2": {"x": 0.27235493063926697, "y": 0.46459347009658813, "z": 0.4632008671760559, "vis": 0.9977298378944397}, "3": {"x": 0.26966845989227295, "y": 0.46518632769584656, "z": 0.46314606070518494, "vis": 0.9980721473693848}, "4": {"x": 0.2839031517505646, "y": 0.4638215899467468, "z": 0.463849812746048, "vis": 0.9966102242469788}, "5": {"x": 0.28683266043663025, "y": 0.46425381302833557, "z": 0.4638639986515045, "vis": 0.9964941143989563}, "6": {"x": 0.28965336084365845, "y": 0.4649757444858551, "z": 0.46376755833625793, "vis": 0.9968773126602173}, "7": {"x": 0.26516005396842957, "y": 0.4741949141025543, "z": 0.3849003314971924, "vis": 0.9975453019142151}, "8": {"x": 0.2957587242126465, "y": 0.4761382043361664, "z": 0.3875487148761749, "vis": 0.9960384368896484}, "9": {"x": 0.2727147936820984, "y": 0.48917248845100403, "z": 0.4399591386318207, "vis": 0.994454562664032}, "10": {"x": 0.2836214601993561, "y": 0.4893631935119629, "z": 0.44089242815971375, "vis": 0.9944900274276733}, "11": {"x": 0.23906780779361725, "y": 0.5587918758392334, "z": 0.2765781879425049, "vis": 0.9994603991508484}, "12": {"x": 0.3220599293708801, "y": 0.5580554604530334, "z": 0.28426092863082886, "vis": 0.9989222288131714}, "13": {"x": 0.22900095582008362, "y": 0.6804483532905579, "z": 0.24197672307491302, "vis": 0.20266571640968323}, "14": {"x": 0.3231716752052307, "y": 0.6807616949081421, "z": 0.28920087218284607, "vis": 0.13296833634376526}, "15": {"x": 0.22818611562252045, "y": 0.8145627379417419, "z": 0.27447766065597534, "vis": 0.06235397607088089}, "16": {"x": 0.3044709265232086, "y": 0.7570521831512451, "z": 0.3646775484085083, "vis": 0.019237741827964783}, "17": {"x": 0.22538627684116364, "y": 0.841454267501831, "z": 0.2739066481590271, "vis": 0.06570456922054291}, "18": {"x": 0.30737629532814026, "y": 0.7762244939804077, "z": 0.37817755341529846, "vis": 0.019475510343909264}, "19": {"x": 0.23577505350112915, "y": 0.843157947063446, "z": 0.2859668433666229, "vis": 0.05834145471453667}, "20": {"x": 0.29121989011764526, "y": 0.7627118825912476, "z": 0.37559783458709717, "vis": 0.017595790326595306}, "21": {"x": 0.23849448561668396, "y": 0.8322200775146484, "z": 0.2787283658981323, "vis": 0.05950792133808136}, "22": {"x": 0.28788653016090393, "y": 0.7566920518875122, "z": 0.36477747559547424, "vis": 0.021197328343987465}, "23": {"x": 0.23506516218185425, "y": 0.739987313747406, "z": 0.0010596552165225148, "vis": 0.9998776912689209}, "24": {"x": 0.29210373759269714, "y": 0.7436023950576782, "z": -0.0015399109106510878, "vis": 0.9995453953742981}, "25": {"x": 0.2298051118850708, "y": 0.8589694499969482, "z": 0.13046875596046448, "vis": 0.8317906856536865}, "26": {"x": 0.30312785506248474, "y": 0.8676670789718628, "z": 0.12867371737957, "vis": 0.5497786998748779}, "27": {"x": 0.22667132318019867, "y": 0.977681040763855, "z": 0.04117734730243683, "vis": 0.8886933922767639}, "28": {"x": 0.30491021275520325, "y": 0.979343593120575, "z": 0.043818335980176926, "vis": 0.6261180639266968}, "29": {"x": 0.23036405444145203, "y": 0.9905992746353149, "z": 0.027473587542772293, "vis": 0.937777578830719}, "30": {"x": 0.3018467426300049, "y": 1.0148760080337524, "z": 0.03202461451292038, "vis": 0.8136624097824097}, "31": {"x": 0.22760097682476044, "y": 0.9758117198944092, "z": 0.011607970111072063, "vis": 0.46548038721084595}, "32": {"x": 0.30728423595428467, "y": 0.9772682189941406, "z": 0.01092595886439085, "vis": 0.25417521595954895}}