{"0": {"x": 0.30137401819229126, "y": 0.5805774927139282, "z": 0.10793113708496094, "vis": 0.9990158081054688}, "1": {"x": 0.29709088802337646, "y": 0.56815505027771, "z": 0.09249882400035858, "vis": 0.9993546605110168}, "2": {"x": 0.2945261001586914, "y": 0.5686649680137634, "z": 0.09247949719429016, "vis": 0.9990604519844055}, "3": {"x": 0.29189905524253845, "y": 0.5693235397338867, "z": 0.0924222394824028, "vis": 0.9993255138397217}, "4": {"x": 0.3058842122554779, "y": 0.5671806335449219, "z": 0.09333311766386032, "vis": 0.9992904663085938}, "5": {"x": 0.3084530532360077, "y": 0.5669817924499512, "z": 0.09331662207841873, "vis": 0.9990838766098022}, "6": {"x": 0.31199637055397034, "y": 0.5672370195388794, "z": 0.09319335222244263, "vis": 0.9993792772293091}, "7": {"x": 0.28822609782218933, "y": 0.5777005553245544, "z": 0.021617615595459938, "vis": 0.9997290968894958}, "8": {"x": 0.31436166167259216, "y": 0.5744962692260742, "z": 0.02568512037396431, "vis": 0.9995588660240173}, "9": {"x": 0.29716402292251587, "y": 0.5944477319717407, "z": 0.08531186729669571, "vis": 0.9982073307037354}, "10": {"x": 0.30596107244491577, "y": 0.594670295715332, "z": 0.08689229935407639, "vis": 0.9981880784034729}, "11": {"x": 0.25758445262908936, "y": 0.6758551001548767, "z": 0.0015093344263732433, "vis": 0.9993304014205933}, "12": {"x": 0.337255597114563, "y": 0.6758212447166443, "z": -0.04083481803536415, "vis": 0.9997305274009705}, "13": {"x": 0.25995001196861267, "y": 0.813515305519104, "z": 0.004192924592643976, "vis": 0.23628459870815277}, "14": {"x": 0.33068910241127014, "y": 0.800838053226471, "z": -0.0809985026717186, "vis": 0.1105048730969429}, "15": {"x": 0.26622045040130615, "y": 0.8475667834281921, "z": 0.03355333209037781, "vis": 0.09490232914686203}, "16": {"x": 0.31163516640663147, "y": 0.8377436399459839, "z": -0.12013518065214157, "vis": 0.01926133967936039}, "17": {"x": 0.2654901444911957, "y": 0.8576053380966187, "z": 0.024749496951699257, "vis": 0.08706553280353546}, "18": {"x": 0.3065580725669861, "y": 0.8495650291442871, "z": -0.13388052582740784, "vis": 0.01777895726263523}, "19": {"x": 0.2717026472091675, "y": 0.8466840386390686, "z": 0.031118236482143402, "vis": 0.08975222706794739}, "20": {"x": 0.303234338760376, "y": 0.8379350304603577, "z": -0.1317804753780365, "vis": 0.0179037656635046}, "21": {"x": 0.2745475471019745, "y": 0.8434492945671082, "z": 0.03486015275120735, "vis": 0.08611414581537247}, "22": {"x": 0.30272048711776733, "y": 0.8325039148330688, "z": -0.12310504168272018, "vis": 0.0223980899900198}, "23": {"x": 0.25459444522857666, "y": 0.8948463201522827, "z": 0.03229132667183876, "vis": 0.9999701976776123}, "24": {"x": 0.3090856075286865, "y": 0.9005460739135742, "z": -0.032776009291410446, "vis": 0.9999730587005615}, "25": {"x": 0.2312784045934677, "y": 0.8937188982963562, "z": 0.2985372841358185, "vis": 0.24689821898937225}, "26": {"x": 0.37295642495155334, "y": 0.8764845728874207, "z": 0.19898410141468048, "vis": 0.43667158484458923}, "27": {"x": 0.24637840688228607, "y": 0.9647375345230103, "z": 0.39403825998306274, "vis": 0.38634347915649414}, "28": {"x": 0.3512953817844391, "y": 0.9688223004341125, "z": 0.3271723687648773, "vis": 0.34986233711242676}, "29": {"x": 0.24820366501808167, "y": 0.9779104590415955, "z": 0.40620484948158264, "vis": 0.4496680498123169}, "30": {"x": 0.3396671414375305, "y": 0.989548921585083, "z": 0.34349554777145386, "vis": 0.4177730083465576}, "31": {"x": 0.24897240102291107, "y": 0.9738422632217407, "z": 0.4432694911956787, "vis": 0.30123433470726013}, "32": {"x": 0.36637401580810547, "y": 0.9873475432395935, "z": 0.3968510031700134, "vis": 0.27329421043395996}}