{"0": {"x": 0.22968798875808716, "y": 0.2816886603832245, "z": 0.062414854764938354, "vis": 0.9990696310997009}, "1": {"x": 0.22438329458236694, "y": 0.2664374113082886, "z": 0.03526587411761284, "vis": 0.9994215965270996}, "2": {"x": 0.22124268114566803, "y": 0.26746490597724915, "z": 0.03522069379687309, "vis": 0.9992983341217041}, "3": {"x": 0.21804319322109222, "y": 0.26890328526496887, "z": 0.03511152043938637, "vis": 0.9994039535522461}, "4": {"x": 0.23369450867176056, "y": 0.26576533913612366, "z": 0.03923327103257179, "vis": 0.9992741942405701}, "5": {"x": 0.2368931621313095, "y": 0.2661902606487274, "z": 0.03927471488714218, "vis": 0.9990800619125366}, "6": {"x": 0.24012164771556854, "y": 0.2668312191963196, "z": 0.039185646921396255, "vis": 0.9991801381111145}, "7": {"x": 0.21225406229496002, "y": 0.2826770842075348, "z": -0.0607498362660408, "vis": 0.9995960593223572}, "8": {"x": 0.24653111398220062, "y": 0.2798607647418976, "z": -0.04483577609062195, "vis": 0.999488115310669}, "9": {"x": 0.22452092170715332, "y": 0.30310332775115967, "z": 0.033531442284584045, "vis": 0.999055802822113}, "10": {"x": 0.23528505861759186, "y": 0.30368703603744507, "z": 0.03841065242886543, "vis": 0.9989933371543884}, "11": {"x": 0.18179285526275635, "y": 0.4168739914894104, "z": -0.10562407225370407, "vis": 0.9996107220649719}, "12": {"x": 0.2905485928058624, "y": 0.39950934052467346, "z": -0.07255297154188156, "vis": 0.9995367527008057}, "13": {"x": 0.17683309316635132, "y": 0.5805975198745728, "z": -0.06767717003822327, "vis": 0.9299643039703369}, "14": {"x": 0.3081514835357666, "y": 0.559684157371521, "z": -0.033274244517087936, "vis": 0.9607968926429749}, "15": {"x": 0.18939629197120667, "y": 0.674341082572937, "z": 0.04537712410092354, "vis": 0.23277436196804047}, "16": {"x": 0.3014816343784332, "y": 0.6833305954933167, "z": 0.05329510569572449, "vis": 0.7833994626998901}, "17": {"x": 0.19171664118766785, "y": 0.7005138397216797, "z": 0.0543765090405941, "vis": 0.14570878446102142}, "18": {"x": 0.30219513177871704, "y": 0.7129181027412415, "z": 0.0638771504163742, "vis": 0.6465659141540527}, "19": {"x": 0.19561700522899628, "y": 0.7068859934806824, "z": 0.05223024636507034, "vis": 0.13586468994617462}, "20": {"x": 0.2972449064254761, "y": 0.710150420665741, "z": 0.06476566940546036, "vis": 0.6245579719543457}, "21": {"x": 0.19928206503391266, "y": 0.6850414872169495, "z": 0.047236207872629166, "vis": 0.1505327671766281}, "22": {"x": 0.2944931089878082, "y": 0.6992306709289551, "z": 0.05491626635193825, "vis": 0.592695415019989}, "23": {"x": 0.21649226546287537, "y": 0.6686551570892334, "z": -0.021360447630286217, "vis": 0.999138593673706}, "24": {"x": 0.2706385850906372, "y": 0.6635684967041016, "z": 0.021220004186034203, "vis": 0.9978285431861877}, "25": {"x": 0.20673225820064545, "y": 0.8406854271888733, "z": 0.07181451469659805, "vis": 0.6355710625648499}, "26": {"x": 0.27326637506484985, "y": 0.8569152355194092, "z": 0.13808566331863403, "vis": 0.3555322289466858}, "27": {"x": 0.21789804100990295, "y": 0.9966529607772827, "z": 0.17293277382850647, "vis": 0.4058842658996582}, "28": {"x": 0.27575913071632385, "y": 0.9913627505302429, "z": 0.23013341426849365, "vis": 0.2452002912759781}, "29": {"x": 0.21939235925674438, "y": 1.0593147277832031, "z": 0.18190468847751617, "vis": 0.50652676820755}, "30": {"x": 0.2737672030925751, "y": 1.0374687910079956, "z": 0.24082526564598083, "vis": 0.38582316040992737}, "31": {"x": 0.21380847692489624, "y": 0.9858569502830505, "z": 0.1845724880695343, "vis": 0.23315952718257904}, "32": {"x": 0.2706107497215271, "y": 1.0087233781814575, "z": 0.24742670357227325, "vis": 0.13681499660015106}}