{"0": {"x": 0.22729824483394623, "y": 0.4191395938396454, "z": 0.23140808939933777, "vis": 0.9979484677314758}, "1": {"x": 0.22288991510868073, "y": 0.4076381027698517, "z": 0.21211430430412292, "vis": 0.9984523057937622}, "2": {"x": 0.21999791264533997, "y": 0.40811267495155334, "z": 0.21201393008232117, "vis": 0.9981671571731567}, "3": {"x": 0.21725431084632874, "y": 0.40881243348121643, "z": 0.21192659437656403, "vis": 0.9985659718513489}, "4": {"x": 0.23243756592273712, "y": 0.40713295340538025, "z": 0.21095572412014008, "vis": 0.9981111288070679}, "5": {"x": 0.23563244938850403, "y": 0.4072513282299042, "z": 0.21098284423351288, "vis": 0.9977802634239197}, "6": {"x": 0.23892174661159515, "y": 0.4075665771961212, "z": 0.21090127527713776, "vis": 0.9982663989067078}, "7": {"x": 0.2137126624584198, "y": 0.41869664192199707, "z": 0.12035837024450302, "vis": 0.9978579878807068}, "8": {"x": 0.24425926804542542, "y": 0.4161227345466614, "z": 0.11501883715391159, "vis": 0.9975842237472534}, "9": {"x": 0.22277741134166718, "y": 0.43184900283813477, "z": 0.20123189687728882, "vis": 0.996103048324585}, "10": {"x": 0.23341214656829834, "y": 0.43218761682510376, "z": 0.19985951483249664, "vis": 0.9958761930465698}, "11": {"x": 0.1829502284526825, "y": 0.5100140571594238, "z": 0.07391005009412766, "vis": 0.9946327209472656}, "12": {"x": 0.2677198350429535, "y": 0.4963415265083313, "z": 0.043411754071712494, "vis": 0.9990262985229492}, "13": {"x": 0.1762639284133911, "y": 0.6207700967788696, "z": 0.07152248919010162, "vis": 0.0734916552901268}, "14": {"x": 0.2723008990287781, "y": 0.6046687364578247, "z": 0.032323356717824936, "vis": 0.3617319166660309}, "15": {"x": 0.20913289487361908, "y": 0.6528494358062744, "z": 0.11565850675106049, "vis": 0.04018145427107811}, "16": {"x": 0.2549700438976288, "y": 0.6364978551864624, "z": 0.058792777359485626, "vis": 0.09935502707958221}, "17": {"x": 0.2146121710538864, "y": 0.6567001938819885, "z": 0.12351520359516144, "vis": 0.04708419740200043}, "18": {"x": 0.25311681628227234, "y": 0.6417025327682495, "z": 0.06921761482954025, "vis": 0.12005936354398727}, "19": {"x": 0.2217230200767517, "y": 0.6489867568016052, "z": 0.12767629325389862, "vis": 0.04583977907896042}, "20": {"x": 0.24814316630363464, "y": 0.6338357925415039, "z": 0.07335575670003891, "vis": 0.122592493891716}, "21": {"x": 0.22111406922340393, "y": 0.646157443523407, "z": 0.11821893602609634, "vis": 0.04747769609093666}, "22": {"x": 0.24682138860225677, "y": 0.631881594657898, "z": 0.061308808624744415, "vis": 0.12925894558429718}, "23": {"x": 0.18427406251430511, "y": 0.6960427761077881, "z": 0.009515595622360706, "vis": 0.9983616471290588}, "24": {"x": 0.24458864331245422, "y": 0.6929043531417847, "z": -0.009796022437512875, "vis": 0.9981226325035095}, "25": {"x": 0.16666805744171143, "y": 0.7968353033065796, "z": 0.08791358768939972, "vis": 0.9452194571495056}, "26": {"x": 0.28099578619003296, "y": 0.7956265211105347, "z": 0.055945444852113724, "vis": 0.8779906630516052}, "27": {"x": 0.14697635173797607, "y": 0.9640050530433655, "z": -0.11078975349664688, "vis": 0.966242790222168}, "28": {"x": 0.29659798741340637, "y": 0.9638558626174927, "z": -0.16321463882923126, "vis": 0.9474192261695862}, "29": {"x": 0.14691954851150513, "y": 0.9856792688369751, "z": -0.132157564163208, "vis": 0.9757619500160217}, "30": {"x": 0.2916135787963867, "y": 0.9822143912315369, "z": -0.18379457294940948, "vis": 0.9466807246208191}, "31": {"x": 0.14652155339717865, "y": 0.9749202132225037, "z": -0.14326412975788116, "vis": 0.8949021697044373}, "32": {"x": 0.3070485591888428, "y": 0.9704616665840149, "z": -0.19183164834976196, "vis": 0.8538656830787659}}