{"0": {"x": 0.21995051205158234, "y": 0.5223320126533508, "z": -0.004166268277913332, "vis": 0.9998239874839783}, "1": {"x": 0.22359630465507507, "y": 0.5076200366020203, "z": -0.01647254265844822, "vis": 0.9999229907989502}, "2": {"x": 0.22469587624073029, "y": 0.5091790556907654, "z": -0.016497310250997543, "vis": 0.9999197721481323}, "3": {"x": 0.22555604577064514, "y": 0.5102227926254272, "z": -0.01649603620171547, "vis": 0.9999339580535889}, "4": {"x": 0.2218591719865799, "y": 0.5017021894454956, "z": 0.003707111580297351, "vis": 0.9999181032180786}, "5": {"x": 0.2224322259426117, "y": 0.5018148422241211, "z": 0.0036937049590051174, "vis": 0.9998832941055298}, "6": {"x": 0.222884401679039, "y": 0.5015155076980591, "z": 0.0036514445673674345, "vis": 0.9999045133590698}, "7": {"x": 0.23230136930942535, "y": 0.5219835042953491, "z": -0.05157609283924103, "vis": 0.9999161958694458}, "8": {"x": 0.23179522156715393, "y": 0.5161933302879333, "z": 0.036917272955179214, "vis": 0.9998573064804077}, "9": {"x": 0.22434256970882416, "y": 0.5391722917556763, "z": -0.014826812781393528, "vis": 0.9997949004173279}, "10": {"x": 0.22366264462471008, "y": 0.5366462469100952, "z": 0.011006291955709457, "vis": 0.9996333122253418}, "11": {"x": 0.23689304292201996, "y": 0.5854564905166626, "z": -0.10923714190721512, "vis": 0.9999234676361084}, "12": {"x": 0.2574913799762726, "y": 0.5857506394386292, "z": 0.10878879576921463, "vis": 0.999147891998291}, "13": {"x": 0.23373755812644958, "y": 0.676373302936554, "z": -0.1504436880350113, "vis": 0.9605260491371155}, "14": {"x": 0.2501380443572998, "y": 0.657776415348053, "z": 0.17831504344940186, "vis": 0.026277752593159676}, "15": {"x": 0.19854237139225006, "y": 0.7099212408065796, "z": -0.1358148753643036, "vis": 0.9578642249107361}, "16": {"x": 0.2243676632642746, "y": 0.6637575030326843, "z": 0.22320277988910675, "vis": 0.04219386726617813}, "17": {"x": 0.19331865012645721, "y": 0.7166884541511536, "z": -0.1484820544719696, "vis": 0.9386286735534668}, "18": {"x": 0.21865171194076538, "y": 0.6627512574195862, "z": 0.23787708580493927, "vis": 0.05550727620720863}, "19": {"x": 0.19029653072357178, "y": 0.703631579875946, "z": -0.1447046846151352, "vis": 0.9342250823974609}, "20": {"x": 0.21517294645309448, "y": 0.6579571962356567, "z": 0.2306266725063324, "vis": 0.05609249323606491}, "21": {"x": 0.19385212659835815, "y": 0.7032526135444641, "z": -0.1323116272687912, "vis": 0.8846271634101868}, "22": {"x": 0.21696186065673828, "y": 0.6591562628746033, "z": 0.22030195593833923, "vis": 0.061066146939992905}, "23": {"x": 0.24623557925224304, "y": 0.7495229244232178, "z": -0.06601278483867645, "vis": 0.9994326233863831}, "24": {"x": 0.26422756910324097, "y": 0.7516616582870483, "z": 0.06590314954519272, "vis": 0.9993436932563782}, "25": {"x": 0.20838402211666107, "y": 0.8291929364204407, "z": -0.05356493964791298, "vis": 0.9462480545043945}, "26": {"x": 0.26258713006973267, "y": 0.8702320456504822, "z": 0.07323136925697327, "vis": 0.8953595161437988}, "27": {"x": 0.19155587255954742, "y": 0.9114439487457275, "z": -0.06574799120426178, "vis": 0.975906491279602}, "28": {"x": 0.31671759486198425, "y": 0.9295270442962646, "z": 0.017226694151759148, "vis": 0.9546552300453186}, "29": {"x": 0.19297024607658386, "y": 0.9381216168403625, "z": -0.06795216351747513, "vis": 0.9718679189682007}, "30": {"x": 0.32652005553245544, "y": 0.9354552030563354, "z": 0.011331116780638695, "vis": 0.9635292291641235}, "31": {"x": 0.15487194061279297, "y": 0.915120542049408, "z": -0.091486357152462, "vis": 0.9649292826652527}, "32": {"x": 0.3148268163204193, "y": 0.9557886719703674, "z": -0.005029087420552969, "vis": 0.9347145557403564}}