{"0": {"x": 0.45977023243904114, "y": 0.47143518924713135, "z": -0.02977295219898224, "vis": 0.999795138835907}, "1": {"x": 0.4632684588432312, "y": 0.46273741126060486, "z": -0.04038172587752342, "vis": 0.999739944934845}, "2": {"x": 0.4641231596469879, "y": 0.46308910846710205, "z": -0.040412209928035736, "vis": 0.9997692704200745}, "3": {"x": 0.4650026857852936, "y": 0.46337175369262695, "z": -0.040432993322610855, "vis": 0.9998065829277039}, "4": {"x": 0.4626826047897339, "y": 0.462409645318985, "z": -0.021395305171608925, "vis": 0.9996984004974365}, "5": {"x": 0.46307995915412903, "y": 0.4625265896320343, "z": -0.021379370242357254, "vis": 0.9996201992034912}, "6": {"x": 0.4635469317436218, "y": 0.4625326097011566, "z": -0.02138572186231613, "vis": 0.9995312690734863}, "7": {"x": 0.47264009714126587, "y": 0.46865832805633545, "z": -0.06554407626390457, "vis": 0.9999020099639893}, "8": {"x": 0.4710024297237396, "y": 0.4664769470691681, "z": 0.020367642864584923, "vis": 0.9994875192642212}, "9": {"x": 0.4620271623134613, "y": 0.4826427102088928, "z": -0.037504054605960846, "vis": 0.9998461008071899}, "10": {"x": 0.4614260792732239, "y": 0.4821840524673462, "z": -0.012747891247272491, "vis": 0.9994646906852722}, "11": {"x": 0.4891493320465088, "y": 0.5219093561172485, "z": -0.10702770203351974, "vis": 0.9999922513961792}, "12": {"x": 0.47333529591560364, "y": 0.5145267248153687, "z": 0.07960827648639679, "vis": 0.9993089437484741}, "13": {"x": 0.5043585300445557, "y": 0.5870237946510315, "z": -0.14848579466342926, "vis": 0.9978893399238586}, "14": {"x": 0.4708006680011749, "y": 0.5684680938720703, "z": 0.13287889957427979, "vis": 0.029630718752741814}, "15": {"x": 0.47269105911254883, "y": 0.609653115272522, "z": -0.14329443871974945, "vis": 0.9940593242645264}, "16": {"x": 0.45074474811553955, "y": 0.5787816047668457, "z": 0.13133837282657623, "vis": 0.0638706386089325}, "17": {"x": 0.4628334939479828, "y": 0.6161555647850037, "z": -0.15856999158859253, "vis": 0.9847010374069214}, "18": {"x": 0.44491705298423767, "y": 0.5831523537635803, "z": 0.1351129561662674, "vis": 0.08474212139844894}, "19": {"x": 0.45990684628486633, "y": 0.6047883033752441, "z": -0.15097934007644653, "vis": 0.9828664660453796}, "20": {"x": 0.4442283809185028, "y": 0.579568088054657, "z": 0.12123871594667435, "vis": 0.08824867010116577}, "21": {"x": 0.463407963514328, "y": 0.6024300456047058, "z": -0.13832010328769684, "vis": 0.9644711017608643}, "22": {"x": 0.4463493227958679, "y": 0.5783497095108032, "z": 0.1240333691239357, "vis": 0.09471868723630905}, "23": {"x": 0.48279306292533875, "y": 0.6704973578453064, "z": -0.054124489426612854, "vis": 0.998826801776886}, "24": {"x": 0.4702676832675934, "y": 0.6675062775611877, "z": 0.054125115275382996, "vis": 0.9980722665786743}, "25": {"x": 0.49979668855667114, "y": 0.7659177184104919, "z": -0.0626121312379837, "vis": 0.9856077432632446}, "26": {"x": 0.45369336009025574, "y": 0.7504267692565918, "z": 0.05532694235444069, "vis": 0.9012236595153809}, "27": {"x": 0.5092310905456543, "y": 0.8726418614387512, "z": -0.03314458206295967, "vis": 0.985767126083374}, "28": {"x": 0.4629789888858795, "y": 0.8606250882148743, "z": 0.11535602062940598, "vis": 0.9274948835372925}, "29": {"x": 0.5150721073150635, "y": 0.8877243995666504, "z": -0.03268808498978615, "vis": 0.947260856628418}, "30": {"x": 0.4699208736419678, "y": 0.8869085311889648, "z": 0.11857961118221283, "vis": 0.8930578827857971}, "31": {"x": 0.491012305021286, "y": 0.8928593397140503, "z": -0.0837298035621643, "vis": 0.9835078716278076}, "32": {"x": 0.4334224760532379, "y": 0.8853040933609009, "z": 0.09048131853342056, "vis": 0.9286500215530396}}