{"0": {"x": 0.26832520961761475, "y": 0.6106159687042236, "z": 0.013264297507703304, "vis": 0.998930037021637}, "1": {"x": 0.2630387544631958, "y": 0.5921676754951477, "z": 0.02267794869840145, "vis": 0.9993971586227417}, "2": {"x": 0.2625405788421631, "y": 0.59232497215271, "z": 0.022551048547029495, "vis": 0.9993632435798645}, "3": {"x": 0.26195386052131653, "y": 0.5922982692718506, "z": 0.02241918444633484, "vis": 0.9995394945144653}, "4": {"x": 0.2607373893260956, "y": 0.5910164713859558, "z": -0.00046801241114735603, "vis": 0.9994344115257263}, "5": {"x": 0.25869613885879517, "y": 0.590700089931488, "z": -0.0005377224879339337, "vis": 0.9993404746055603}, "6": {"x": 0.2565607726573944, "y": 0.5903452634811401, "z": -0.0006091023678891361, "vis": 0.9994634985923767}, "7": {"x": 0.250167578458786, "y": 0.5974196195602417, "z": 0.06545339524745941, "vis": 0.9994586110115051}, "8": {"x": 0.2450711727142334, "y": 0.5978119969367981, "z": -0.03834869712591171, "vis": 0.9989333748817444}, "9": {"x": 0.2657315135002136, "y": 0.6291199922561646, "z": 0.030235720798373222, "vis": 0.9988058805465698}, "10": {"x": 0.26292937994003296, "y": 0.6270831227302551, "z": 0.0001591945911059156, "vis": 0.999022364616394}, "11": {"x": 0.22989456355571747, "y": 0.666837751865387, "z": 0.11232004314661026, "vis": 0.9951944947242737}, "12": {"x": 0.23077112436294556, "y": 0.6760694980621338, "z": -0.09419024735689163, "vis": 0.9976198077201843}, "13": {"x": 0.22595538198947906, "y": 0.8012505173683167, "z": 0.14455939829349518, "vis": 0.043108467012643814}, "14": {"x": 0.2354162335395813, "y": 0.7849246859550476, "z": -0.09755563735961914, "vis": 0.4227396845817566}, "15": {"x": 0.2571605443954468, "y": 0.8348104357719421, "z": 0.11972261220216751, "vis": 0.02542986534535885}, "16": {"x": 0.2783697247505188, "y": 0.772070050239563, "z": -0.009793506003916264, "vis": 0.22990046441555023}, "17": {"x": 0.2657720446586609, "y": 0.8385892510414124, "z": 0.12315230816602707, "vis": 0.03883088007569313}, "18": {"x": 0.287160187959671, "y": 0.7746800184249878, "z": -0.010949553921818733, "vis": 0.24284763634204865}, "19": {"x": 0.2686525583267212, "y": 0.8304368853569031, "z": 0.10601791739463806, "vis": 0.0399627648293972}, "20": {"x": 0.28371840715408325, "y": 0.757236659526825, "z": -0.002643938409164548, "vis": 0.23536784946918488}, "21": {"x": 0.26598677039146423, "y": 0.8311975598335266, "z": 0.11032799631357193, "vis": 0.043375831097364426}, "22": {"x": 0.2765504717826843, "y": 0.7684221863746643, "z": -0.00424776179715991, "vis": 0.23759551346302032}, "23": {"x": 0.17171689867973328, "y": 0.8934734463691711, "z": 0.06433949619531631, "vis": 0.9991099238395691}, "24": {"x": 0.17006069421768188, "y": 0.8876633048057556, "z": -0.06436620652675629, "vis": 0.9993072748184204}, "25": {"x": 0.26762786507606506, "y": 0.895897388458252, "z": 0.08633791655302048, "vis": 0.3565695583820343}, "26": {"x": 0.27120888233184814, "y": 0.7944976091384888, "z": -0.10989869385957718, "vis": 0.826282799243927}, "27": {"x": 0.18027371168136597, "y": 0.9114436507225037, "z": 0.0772145465016365, "vis": 0.3671548366546631}, "28": {"x": 0.27612173557281494, "y": 0.9884824156761169, "z": -0.04211292043328285, "vis": 0.7497450709342957}, "29": {"x": 0.1646653115749359, "y": 0.9218580722808838, "z": 0.07884179800748825, "vis": 0.4062693119049072}, "30": {"x": 0.2640984356403351, "y": 0.9707283973693848, "z": -0.030213436111807823, "vis": 0.7717761397361755}, "31": {"x": 0.16933698952198029, "y": 0.928553581237793, "z": 0.09364818781614304, "vis": 0.4611177444458008}, "32": {"x": 0.32540494203567505, "y": 1.023796796798706, "z": -0.019811857491731644, "vis": 0.7178360223770142}}