{"0": {"x": 0.278269499540329, "y": 0.46226054430007935, "z": 0.49650686979293823, "vis": 0.9993267059326172}, "1": {"x": 0.2744525671005249, "y": 0.4510875940322876, "z": 0.49256765842437744, "vis": 0.9992732405662537}, "2": {"x": 0.27149370312690735, "y": 0.45162174105644226, "z": 0.4926157295703888, "vis": 0.9992964267730713}, "3": {"x": 0.2686781883239746, "y": 0.4523129463195801, "z": 0.49255093932151794, "vis": 0.9994729161262512}, "4": {"x": 0.2839456796646118, "y": 0.4511764347553253, "z": 0.4933018088340759, "vis": 0.9990537762641907}, "5": {"x": 0.2870246469974518, "y": 0.45188748836517334, "z": 0.49333226680755615, "vis": 0.9989966750144958}, "6": {"x": 0.28993353247642517, "y": 0.45282310247421265, "z": 0.49325188994407654, "vis": 0.9991772770881653}, "7": {"x": 0.2640049457550049, "y": 0.46165159344673157, "z": 0.41788801550865173, "vis": 0.9993407130241394}, "8": {"x": 0.2958953380584717, "y": 0.46406883001327515, "z": 0.4206896424293518, "vis": 0.9988148212432861}, "9": {"x": 0.27246034145355225, "y": 0.4766661524772644, "z": 0.46743956208229065, "vis": 0.9982991814613342}, "10": {"x": 0.28432703018188477, "y": 0.47704607248306274, "z": 0.46822822093963623, "vis": 0.9983671307563782}, "11": {"x": 0.23734033107757568, "y": 0.5489394664764404, "z": 0.295025110244751, "vis": 0.9998038411140442}, "12": {"x": 0.32022151350975037, "y": 0.5493631362915039, "z": 0.31478703022003174, "vis": 0.9995037317276001}, "13": {"x": 0.22541043162345886, "y": 0.6827877163887024, "z": 0.25511765480041504, "vis": 0.3903283476829529}, "14": {"x": 0.3204154968261719, "y": 0.6758530735969543, "z": 0.2953309714794159, "vis": 0.2794888913631439}, "15": {"x": 0.2159910947084427, "y": 0.819362998008728, "z": 0.2834586203098297, "vis": 0.15278290212154388}, "16": {"x": 0.31148746609687805, "y": 0.7664628624916077, "z": 0.33159613609313965, "vis": 0.06156535819172859}, "17": {"x": 0.21193650364875793, "y": 0.8476119041442871, "z": 0.2795543074607849, "vis": 0.135703906416893}, "18": {"x": 0.3113628029823303, "y": 0.7932425141334534, "z": 0.3368823230266571, "vis": 0.05971623584628105}, "19": {"x": 0.22197198867797852, "y": 0.8502122759819031, "z": 0.29255950450897217, "vis": 0.11959019303321838}, "20": {"x": 0.3058188557624817, "y": 0.7845243811607361, "z": 0.3342663049697876, "vis": 0.051946502178907394}, "21": {"x": 0.22527484595775604, "y": 0.8394625186920166, "z": 0.28775784373283386, "vis": 0.11744547635316849}, "22": {"x": 0.30150169134140015, "y": 0.774672269821167, "z": 0.330398291349411, "vis": 0.05694585293531418}, "23": {"x": 0.23136714100837708, "y": 0.7298715710639954, "z": -0.008026464842259884, "vis": 0.9999597072601318}, "24": {"x": 0.2884167730808258, "y": 0.7307804822921753, "z": 0.007631262764334679, "vis": 0.9998255372047424}, "25": {"x": 0.22684167325496674, "y": 0.8533289432525635, "z": 0.1245018020272255, "vis": 0.8761329054832458}, "26": {"x": 0.2968428134918213, "y": 0.8597173094749451, "z": 0.13745960593223572, "vis": 0.649915337562561}, "27": {"x": 0.22357165813446045, "y": 0.9771344661712646, "z": 0.038458529859781265, "vis": 0.8977700471878052}, "28": {"x": 0.3020378053188324, "y": 0.9804425835609436, "z": 0.05837511643767357, "vis": 0.6699193120002747}, "29": {"x": 0.2254311740398407, "y": 0.9931628108024597, "z": 0.024149829521775246, "vis": 0.9513688087463379}, "30": {"x": 0.2963345944881439, "y": 0.9904664158821106, "z": 0.0465700589120388, "vis": 0.8760340809822083}, "31": {"x": 0.22276726365089417, "y": 0.9710510969161987, "z": 0.003589763306081295, "vis": 0.5174634456634521}, "32": {"x": 0.3035047948360443, "y": 0.9729703664779663, "z": 0.021317463368177414, "vis": 0.3146669268608093}}