{"0": {"x": 0.23991970717906952, "y": 0.5972384214401245, "z": 0.12109727412462234, "vis": 0.9985983967781067}, "1": {"x": 0.23343192040920258, "y": 0.5832912921905518, "z": 0.1238202303647995, "vis": 0.9992910623550415}, "2": {"x": 0.23143549263477325, "y": 0.583282470703125, "z": 0.12371665239334106, "vis": 0.9992388486862183}, "3": {"x": 0.22967270016670227, "y": 0.5835098624229431, "z": 0.123630590736866, "vis": 0.9994075298309326}, "4": {"x": 0.23721843957901, "y": 0.5853995084762573, "z": 0.10405988246202469, "vis": 0.999038577079773}, "5": {"x": 0.23785336315631866, "y": 0.5867260694503784, "z": 0.10397326201200485, "vis": 0.9989112615585327}, "6": {"x": 0.2386956512928009, "y": 0.5879848003387451, "z": 0.1038394644856453, "vis": 0.99919193983078}, "7": {"x": 0.22294552624225616, "y": 0.5973663926124573, "z": 0.11316338926553726, "vis": 0.9993508458137512}, "8": {"x": 0.23720331490039825, "y": 0.6003265380859375, "z": 0.025051867589354515, "vis": 0.9988195300102234}, "9": {"x": 0.2374398112297058, "y": 0.6158969402313232, "z": 0.11797638982534409, "vis": 0.998507559299469}, "10": {"x": 0.24149058759212494, "y": 0.6181789636611938, "z": 0.09248567372560501, "vis": 0.9986086487770081}, "11": {"x": 0.19672109186649323, "y": 0.6833571791648865, "z": 0.14365875720977783, "vis": 0.9987680315971375}, "12": {"x": 0.22811457514762878, "y": 0.6850420236587524, "z": -0.07596700638532639, "vis": 0.9998534917831421}, "13": {"x": 0.1800355315208435, "y": 0.8387752175331116, "z": 0.12352292239665985, "vis": 0.037506233900785446}, "14": {"x": 0.2316581904888153, "y": 0.8249542117118835, "z": -0.07073352485895157, "vis": 0.23950226604938507}, "15": {"x": 0.1833556741476059, "y": 0.9173941612243652, "z": 0.09531793743371964, "vis": 0.02316105365753174}, "16": {"x": 0.24193419516086578, "y": 0.8495602607727051, "z": 0.037308789789676666, "vis": 0.06508335471153259}, "17": {"x": 0.1818895787000656, "y": 0.9396463632583618, "z": 0.09541501849889755, "vis": 0.027604948729276657}, "18": {"x": 0.24652601778507233, "y": 0.8596562147140503, "z": 0.038892962038517, "vis": 0.07042891532182693}, "19": {"x": 0.186348095536232, "y": 0.9364747405052185, "z": 0.0939721167087555, "vis": 0.0269064549356699}, "20": {"x": 0.24534672498703003, "y": 0.8484642505645752, "z": 0.0404244028031826, "vis": 0.06730666756629944}, "21": {"x": 0.1873009204864502, "y": 0.9283998012542725, "z": 0.09127750247716904, "vis": 0.027818607166409492}, "22": {"x": 0.2396189272403717, "y": 0.8469303846359253, "z": 0.039752297103405, "vis": 0.07165823131799698}, "23": {"x": 0.17159503698349, "y": 0.9246060848236084, "z": 0.08090390264987946, "vis": 0.9998718500137329}, "24": {"x": 0.19051094353199005, "y": 0.9114266633987427, "z": -0.08102012425661087, "vis": 0.9999475479125977}, "25": {"x": 0.23539316654205322, "y": 0.8560534715652466, "z": 0.20864461362361908, "vis": 0.10462456941604614}, "26": {"x": 0.29477301239967346, "y": 0.813694179058075, "z": -0.05720170959830284, "vis": 0.812998354434967}, "27": {"x": 0.1858127862215042, "y": 0.9492786526679993, "z": 0.23279505968093872, "vis": 0.24626755714416504}, "28": {"x": 0.3088214099407196, "y": 1.0497145652770996, "z": -0.05177446827292442, "vis": 0.671125590801239}, "29": {"x": 0.17332175374031067, "y": 0.9634674191474915, "z": 0.23498231172561646, "vis": 0.3142516314983368}, "30": {"x": 0.29732444882392883, "y": 1.0927140712738037, "z": -0.0485917367041111, "vis": 0.7009673118591309}, "31": {"x": 0.1958959847688675, "y": 0.9705026149749756, "z": 0.24264569580554962, "vis": 0.32767254114151}, "32": {"x": 0.3582375645637512, "y": 1.0792837142944336, "z": -0.05343768745660782, "vis": 0.6390607357025146}}