{"0": {"x": 0.19486643373966217, "y": 0.5952115058898926, "z": 0.03467997908592224, "vis": 0.9999407529830933}, "1": {"x": 0.19560857117176056, "y": 0.5788119435310364, "z": 0.044363636523485184, "vis": 0.9999721050262451}, "2": {"x": 0.19476793706417084, "y": 0.5775880217552185, "z": 0.0443049781024456, "vis": 0.9999651908874512}, "3": {"x": 0.19388896226882935, "y": 0.5761020183563232, "z": 0.04426284506917, "vis": 0.9999730587005615}, "4": {"x": 0.19553175568580627, "y": 0.5782787203788757, "z": 0.02241635136306286, "vis": 0.9999710321426392}, "5": {"x": 0.19462117552757263, "y": 0.5767492651939392, "z": 0.022352367639541626, "vis": 0.9999650716781616}, "6": {"x": 0.1937367171049118, "y": 0.5750229358673096, "z": 0.022280050441622734, "vis": 0.9999748468399048}, "7": {"x": 0.1831204891204834, "y": 0.5658602118492126, "z": 0.08402825891971588, "vis": 0.9999674558639526}, "8": {"x": 0.18489804863929749, "y": 0.5667218565940857, "z": -0.015066437423229218, "vis": 0.9999669790267944}, "9": {"x": 0.18836349248886108, "y": 0.6033332347869873, "z": 0.05097533017396927, "vis": 0.9999101161956787}, "10": {"x": 0.18790557980537415, "y": 0.6022757887840271, "z": 0.022505760192871094, "vis": 0.9999343156814575}, "11": {"x": 0.13572856783866882, "y": 0.6012042760848999, "z": 0.14181871712207794, "vis": 0.9993940591812134}, "12": {"x": 0.15937745571136475, "y": 0.6146666407585144, "z": -0.0805429145693779, "vis": 0.9999202489852905}, "13": {"x": 0.10987234115600586, "y": 0.72348552942276, "z": 0.12840668857097626, "vis": 0.018457980826497078}, "14": {"x": 0.12997756898403168, "y": 0.7433269023895264, "z": -0.0961603969335556, "vis": 0.4446890950202942}, "15": {"x": 0.11444298177957535, "y": 0.824832558631897, "z": 0.09153664112091064, "vis": 0.034253064543008804}, "16": {"x": 0.13962924480438232, "y": 0.8486772179603577, "z": -0.03280980885028839, "vis": 0.35021817684173584}, "17": {"x": 0.11789193749427795, "y": 0.8377150893211365, "z": 0.09823384881019592, "vis": 0.04665122926235199}, "18": {"x": 0.13963788747787476, "y": 0.8653526306152344, "z": -0.038629963994026184, "vis": 0.34666305780410767}, "19": {"x": 0.12062203884124756, "y": 0.8446525931358337, "z": 0.08225296437740326, "vis": 0.0454082228243351}, "20": {"x": 0.13779568672180176, "y": 0.8826864957809448, "z": -0.022899989038705826, "vis": 0.3189080059528351}, "21": {"x": 0.11883826553821564, "y": 0.8417715430259705, "z": 0.08296377956867218, "vis": 0.04744574800133705}, "22": {"x": 0.13559256494045258, "y": 0.8753024935722351, "z": -0.02522389031946659, "vis": 0.3116452395915985}, "23": {"x": 0.04094148427248001, "y": 0.7512609958648682, "z": 0.068381667137146, "vis": 0.9999780654907227}, "24": {"x": 0.06038033589720726, "y": 0.7459209561347961, "z": -0.06864660978317261, "vis": 0.999976634979248}, "25": {"x": 0.10671358555555344, "y": 0.7754024863243103, "z": 0.18345582485198975, "vis": 0.4198426902294159}, "26": {"x": 0.17163169384002686, "y": 0.6868764758110046, "z": -0.05226002261042595, "vis": 0.916913628578186}, "27": {"x": 0.03689536824822426, "y": 0.8171586394309998, "z": 0.1875053346157074, "vis": 0.7423236966133118}, "28": {"x": 0.1483987420797348, "y": 0.8705251216888428, "z": 0.011433253064751625, "vis": 0.884769082069397}, "29": {"x": 0.026208823546767235, "y": 0.809475302696228, "z": 0.18903474509716034, "vis": 0.8163534998893738}, "30": {"x": 0.13295654952526093, "y": 0.8914591073989868, "z": 0.021171655505895615, "vis": 0.8534532189369202}, "31": {"x": 0.0218204353004694, "y": 0.8577741980552673, "z": 0.19702410697937012, "vis": 0.8247897028923035}, "32": {"x": 0.17990021407604218, "y": 0.9225993156433105, "z": 0.0437072291970253, "vis": 0.8695797324180603}}