{"0": {"x": 0.13641902804374695, "y": 0.3468514680862427, "z": 0.11296626925468445, "vis": 0.9993454813957214}, "1": {"x": 0.1333228498697281, "y": 0.3385648727416992, "z": 0.09231366217136383, "vis": 0.9993755221366882}, "2": {"x": 0.13148711621761322, "y": 0.3387323021888733, "z": 0.09231458604335785, "vis": 0.9993749260902405}, "3": {"x": 0.12984983623027802, "y": 0.3392808437347412, "z": 0.09227754175662994, "vis": 0.9994077682495117}, "4": {"x": 0.13900217413902283, "y": 0.3385504186153412, "z": 0.09276606142520905, "vis": 0.9994738698005676}, "5": {"x": 0.14086857438087463, "y": 0.33856093883514404, "z": 0.09275597333908081, "vis": 0.9994774460792542}, "6": {"x": 0.14275050163269043, "y": 0.33875134587287903, "z": 0.09271883964538574, "vis": 0.9995052814483643}, "7": {"x": 0.1271928995847702, "y": 0.3466940224170685, "z": 0.024374138563871384, "vis": 0.9993708729743958}, "8": {"x": 0.14556843042373657, "y": 0.34512144327163696, "z": 0.025714751332998276, "vis": 0.9991468191146851}, "9": {"x": 0.13417087495326996, "y": 0.35563749074935913, "z": 0.09290443360805511, "vis": 0.9985125660896301}, "10": {"x": 0.13995954394340515, "y": 0.35567381978034973, "z": 0.09307018667459488, "vis": 0.9985400438308716}, "11": {"x": 0.1026158481836319, "y": 0.4109143912792206, "z": -0.008501638658344746, "vis": 0.9980411529541016}, "12": {"x": 0.162941113114357, "y": 0.40286147594451904, "z": 0.012120434083044529, "vis": 0.9961984753608704}, "13": {"x": 0.09807843714952469, "y": 0.4966411590576172, "z": 0.06399095803499222, "vis": 0.7522018551826477}, "14": {"x": 0.16693097352981567, "y": 0.48076507449150085, "z": 0.07778716087341309, "vis": 0.6743894219398499}, "15": {"x": 0.11847440153360367, "y": 0.490003764629364, "z": 0.2023521065711975, "vis": 0.01910831406712532}, "16": {"x": 0.15125271677970886, "y": 0.44443851709365845, "z": 0.20394065976142883, "vis": 0.029548129066824913}, "17": {"x": 0.11977669596672058, "y": 0.5017910003662109, "z": 0.22174982726573944, "vis": 0.015682782977819443}, "18": {"x": 0.14862163364887238, "y": 0.43534979224205017, "z": 0.22625991702079773, "vis": 0.02952413447201252}, "19": {"x": 0.12444406002759933, "y": 0.49527597427368164, "z": 0.2215336710214615, "vis": 0.015252790413796902}, "20": {"x": 0.1427786648273468, "y": 0.4275131821632385, "z": 0.22797828912734985, "vis": 0.028971565887331963}, "21": {"x": 0.12516456842422485, "y": 0.49391475319862366, "z": 0.20599523186683655, "vis": 0.01754138059914112}, "22": {"x": 0.14244185388088226, "y": 0.4300857484340668, "z": 0.20794744789600372, "vis": 0.02860080637037754}, "23": {"x": 0.1203494668006897, "y": 0.5732041597366333, "z": -0.007867541164159775, "vis": 0.9980118274688721}, "24": {"x": 0.15224775671958923, "y": 0.5681772828102112, "z": 0.007872460409998894, "vis": 0.9970570802688599}, "25": {"x": 0.12928862869739532, "y": 0.6869775652885437, "z": 0.009985796175897121, "vis": 0.9861716628074646}, "26": {"x": 0.16047494113445282, "y": 0.6788673400878906, "z": 0.04368884861469269, "vis": 0.9825831651687622}, "27": {"x": 0.12952390313148499, "y": 0.7990595698356628, "z": 0.021583732217550278, "vis": 0.970969557762146}, "28": {"x": 0.1739366203546524, "y": 0.7940139770507812, "z": 0.052999239414930344, "vis": 0.9703736901283264}, "29": {"x": 0.13138824701309204, "y": 0.816068172454834, "z": 0.023879870772361755, "vis": 0.9758859276771545}, "30": {"x": 0.1730409562587738, "y": 0.8098703622817993, "z": 0.054768435657024384, "vis": 0.9646806120872498}, "31": {"x": 0.12713147699832916, "y": 0.8172180652618408, "z": 0.022440722212195396, "vis": 0.7653591632843018}, "32": {"x": 0.17480222880840302, "y": 0.8017804622650146, "z": 0.05447719991207123, "vis": 0.7395334839820862}}