{"0": {"x": 0.12822648882865906, "y": 0.3367250859737396, "z": 0.10671404749155045, "vis": 0.9983274340629578}, "1": {"x": 0.12553425133228302, "y": 0.32940053939819336, "z": 0.08626493066549301, "vis": 0.9986467957496643}, "2": {"x": 0.12356887012720108, "y": 0.3298306465148926, "z": 0.08626104891300201, "vis": 0.9985207915306091}, "3": {"x": 0.12168589979410172, "y": 0.33049046993255615, "z": 0.0862240418791771, "vis": 0.998691737651825}, "4": {"x": 0.13138088583946228, "y": 0.32841604948043823, "z": 0.08649089932441711, "vis": 0.998826801776886}, "5": {"x": 0.13327212631702423, "y": 0.3281954526901245, "z": 0.0864812508225441, "vis": 0.9987980127334595}, "6": {"x": 0.13523924350738525, "y": 0.32819709181785583, "z": 0.08642957359552383, "vis": 0.998935878276825}, "7": {"x": 0.118959441781044, "y": 0.33713772892951965, "z": 0.020239217206835747, "vis": 0.9985144734382629}, "8": {"x": 0.13834263384342194, "y": 0.33420711755752563, "z": 0.020899880677461624, "vis": 0.9982688426971436}, "9": {"x": 0.12521928548812866, "y": 0.34544891119003296, "z": 0.08731705695390701, "vis": 0.9966559410095215}, "10": {"x": 0.13144975900650024, "y": 0.34462976455688477, "z": 0.08738942444324493, "vis": 0.9964672327041626}, "11": {"x": 0.09495487064123154, "y": 0.40329283475875854, "z": -0.004135896917432547, "vis": 0.996749997138977}, "12": {"x": 0.155547097325325, "y": 0.3922850489616394, "z": 0.003962856251746416, "vis": 0.994560182094574}, "13": {"x": 0.09373532980680466, "y": 0.4843454360961914, "z": 0.06894207745790482, "vis": 0.6859055161476135}, "14": {"x": 0.1612410992383957, "y": 0.46913477778434753, "z": 0.07147431373596191, "vis": 0.647209107875824}, "15": {"x": 0.11096814274787903, "y": 0.4722876250743866, "z": 0.19920426607131958, "vis": 0.019662708044052124}, "16": {"x": 0.1455029398202896, "y": 0.4270179569721222, "z": 0.20001311600208282, "vis": 0.034039970487356186}, "17": {"x": 0.1102704405784607, "y": 0.48304542899131775, "z": 0.218389630317688, "vis": 0.015552290715277195}, "18": {"x": 0.142179474234581, "y": 0.41701096296310425, "z": 0.22219058871269226, "vis": 0.032537613064050674}, "19": {"x": 0.11453837156295776, "y": 0.4764423966407776, "z": 0.21841034293174744, "vis": 0.015352210961282253}, "20": {"x": 0.13573171198368073, "y": 0.40994992852211, "z": 0.22236312925815582, "vis": 0.03182835876941681}, "21": {"x": 0.1152675449848175, "y": 0.4753502607345581, "z": 0.2027612030506134, "vis": 0.01755504310131073}, "22": {"x": 0.1355346292257309, "y": 0.4133366644382477, "z": 0.2035818248987198, "vis": 0.031367409974336624}, "23": {"x": 0.11221465468406677, "y": 0.5650613307952881, "z": -0.002745121717453003, "vis": 0.9960913062095642}, "24": {"x": 0.14272232353687286, "y": 0.5602731108665466, "z": 0.0027277779299765825, "vis": 0.994023859500885}, "25": {"x": 0.12129819393157959, "y": 0.6812477111816406, "z": 0.0027119284495711327, "vis": 0.951905369758606}, "26": {"x": 0.15113331377506256, "y": 0.6722272634506226, "z": 0.03027537278831005, "vis": 0.9412347674369812}, "27": {"x": 0.12318320572376251, "y": 0.7894434332847595, "z": 0.0055953022092580795, "vis": 0.9296100735664368}, "28": {"x": 0.1604977697134018, "y": 0.777581512928009, "z": 0.0336855910718441, "vis": 0.9125697016716003}, "29": {"x": 0.12276296317577362, "y": 0.8054197430610657, "z": 0.006369275040924549, "vis": 0.9388548731803894}, "30": {"x": 0.15840254724025726, "y": 0.7952014207839966, "z": 0.03424017131328583, "vis": 0.8904651999473572}, "31": {"x": 0.12391581386327744, "y": 0.8098515272140503, "z": 0.0005010705208405852, "vis": 0.7111932039260864}, "32": {"x": 0.16168157756328583, "y": 0.7952898740768433, "z": 0.030197445303201675, "vis": 0.6463617086410522}}