{"0": {"x": 0.26669204235076904, "y": 0.627855122089386, "z": 0.06483042240142822, "vis": 0.9995937943458557}, "1": {"x": 0.2626418471336365, "y": 0.6162630319595337, "z": 0.040673211216926575, "vis": 0.9997151494026184}, "2": {"x": 0.25942355394363403, "y": 0.6172357797622681, "z": 0.04066368192434311, "vis": 0.9996077418327332}, "3": {"x": 0.2562738358974457, "y": 0.6182711124420166, "z": 0.04062259569764137, "vis": 0.9996559619903564}, "4": {"x": 0.2725660800933838, "y": 0.615165650844574, "z": 0.04509095102548599, "vis": 0.999752938747406}, "5": {"x": 0.27591562271118164, "y": 0.6156477928161621, "z": 0.045030977576971054, "vis": 0.9997280240058899}, "6": {"x": 0.27952709794044495, "y": 0.6162846088409424, "z": 0.044928502291440964, "vis": 0.9998058676719666}, "7": {"x": 0.2518940269947052, "y": 0.6272242069244385, "z": -0.04477006196975708, "vis": 0.999821126461029}, "8": {"x": 0.28469428420066833, "y": 0.6255461573600769, "z": -0.02307114563882351, "vis": 0.9998155236244202}, "9": {"x": 0.2617192268371582, "y": 0.6417819261550903, "z": 0.038305167108774185, "vis": 0.9995309114456177}, "10": {"x": 0.27234840393066406, "y": 0.642863392829895, "z": 0.045006025582551956, "vis": 0.9996019005775452}, "11": {"x": 0.2277131974697113, "y": 0.7182517051696777, "z": -0.03420007973909378, "vis": 0.9994590878486633}, "12": {"x": 0.3031698167324066, "y": 0.7266891002655029, "z": -0.05272315815091133, "vis": 0.999669075012207}, "13": {"x": 0.24420884251594543, "y": 0.8301663398742676, "z": 0.031831901520490646, "vis": 0.025902755558490753}, "14": {"x": 0.2904317378997803, "y": 0.8397489190101624, "z": 0.026302631944417953, "vis": 0.011303299106657505}, "15": {"x": 0.2620529532432556, "y": 0.8207468390464783, "z": 0.12600427865982056, "vis": 0.013650549575686455}, "16": {"x": 0.26123225688934326, "y": 0.8390873670578003, "z": 0.13891160488128662, "vis": 0.0033611163962632418}, "17": {"x": 0.2610485851764679, "y": 0.8255813717842102, "z": 0.136709064245224, "vis": 0.021856695413589478}, "18": {"x": 0.2585635185241699, "y": 0.8471497297286987, "z": 0.15209759771823883, "vis": 0.0059778220020234585}, "19": {"x": 0.2680808901786804, "y": 0.814672589302063, "z": 0.1367143988609314, "vis": 0.021671289578080177}, "20": {"x": 0.2528482675552368, "y": 0.8382669687271118, "z": 0.14499355852603912, "vis": 0.006009434815496206}, "21": {"x": 0.27189961075782776, "y": 0.813191831111908, "z": 0.12850649654865265, "vis": 0.01858479715883732}, "22": {"x": 0.24975837767124176, "y": 0.833126962184906, "z": 0.13783904910087585, "vis": 0.007029353640973568}, "23": {"x": 0.21695145964622498, "y": 0.948163628578186, "z": 0.020199600607156754, "vis": 0.9999316930770874}, "24": {"x": 0.27207618951797485, "y": 0.9586791396141052, "z": -0.0207707267254591, "vis": 0.9999294281005859}, "25": {"x": 0.21601711213588715, "y": 0.89017254114151, "z": 0.3099915385246277, "vis": 0.0540650449693203}, "26": {"x": 0.33807915449142456, "y": 0.8741978406906128, "z": 0.21321816742420197, "vis": 0.18524304032325745}, "27": {"x": 0.2073100358247757, "y": 0.987779974937439, "z": 0.38156989216804504, "vis": 0.15117430686950684}, "28": {"x": 0.2881542146205902, "y": 0.960542619228363, "z": 0.362191766500473, "vis": 0.1391746550798416}, "29": {"x": 0.20822280645370483, "y": 0.9828662872314453, "z": 0.39141181111335754, "vis": 0.1939820945262909}, "30": {"x": 0.28097155690193176, "y": 0.9699888825416565, "z": 0.38163599371910095, "vis": 0.258002370595932}, "31": {"x": 0.20930476486682892, "y": 0.9930402040481567, "z": 0.4232461154460907, "vis": 0.12174148857593536}, "32": {"x": 0.28533971309661865, "y": 0.9906434416770935, "z": 0.45040687918663025, "vis": 0.12471570819616318}}