{"0": {"x": 0.20394614338874817, "y": 0.30549097061157227, "z": 0.038630228489637375, "vis": 0.999329686164856}, "1": {"x": 0.1970641165971756, "y": 0.28991085290908813, "z": 0.01607927866280079, "vis": 0.999518871307373}, "2": {"x": 0.192645862698555, "y": 0.29062989354133606, "z": 0.016050763428211212, "vis": 0.9993515610694885}, "3": {"x": 0.18854179978370667, "y": 0.2917582094669342, "z": 0.015958361327648163, "vis": 0.9994643330574036}, "4": {"x": 0.20811714231967926, "y": 0.2892918884754181, "z": 0.015709206461906433, "vis": 0.9994462132453918}, "5": {"x": 0.21068353950977325, "y": 0.28931355476379395, "z": 0.015751507133245468, "vis": 0.9992865920066833}, "6": {"x": 0.21307313442230225, "y": 0.2894284725189209, "z": 0.015662385150790215, "vis": 0.9994507431983948}, "7": {"x": 0.1818002164363861, "y": 0.30216553807258606, "z": -0.06846453249454498, "vis": 0.9994951486587524}, "8": {"x": 0.21534322202205658, "y": 0.3001120388507843, "z": -0.07190325856208801, "vis": 0.9995136260986328}, "9": {"x": 0.19705863296985626, "y": 0.32307398319244385, "z": 0.013562045060098171, "vis": 0.999060332775116}, "10": {"x": 0.20797878503799438, "y": 0.32275092601776123, "z": 0.013030252419412136, "vis": 0.9991975426673889}, "11": {"x": 0.14945578575134277, "y": 0.44856715202331543, "z": -0.10047402232885361, "vis": 0.9993361830711365}, "12": {"x": 0.25040915608406067, "y": 0.43533414602279663, "z": -0.11215367168188095, "vis": 0.999438464641571}, "13": {"x": 0.13951775431632996, "y": 0.6012927293777466, "z": -0.10879480093717575, "vis": 0.9036093950271606}, "14": {"x": 0.2718518078327179, "y": 0.5875986814498901, "z": -0.1086072027683258, "vis": 0.9368075728416443}, "15": {"x": 0.1286732703447342, "y": 0.747586727142334, "z": -0.0671522468328476, "vis": 0.38692060112953186}, "16": {"x": 0.2901533246040344, "y": 0.7151975035667419, "z": -0.05479240417480469, "vis": 0.7993515729904175}, "17": {"x": 0.12398885935544968, "y": 0.7888624668121338, "z": -0.06619873642921448, "vis": 0.2616443634033203}, "18": {"x": 0.2974018454551697, "y": 0.7546053528785706, "z": -0.05290209874510765, "vis": 0.7072914242744446}, "19": {"x": 0.12780393660068512, "y": 0.787067174911499, "z": -0.062198247760534286, "vis": 0.2506828308105469}, "20": {"x": 0.29465174674987793, "y": 0.7534939646720886, "z": -0.047877926379442215, "vis": 0.6887375116348267}, "21": {"x": 0.13345900177955627, "y": 0.7720877528190613, "z": -0.06478693336248398, "vis": 0.2331826090812683}, "22": {"x": 0.28892871737480164, "y": 0.7404539585113525, "z": -0.05249302461743355, "vis": 0.6215474605560303}, "23": {"x": 0.1720980703830719, "y": 0.7097621560096741, "z": -0.008728258311748505, "vis": 0.9994725584983826}, "24": {"x": 0.23072823882102966, "y": 0.7038689851760864, "z": 0.008535978384315968, "vis": 0.9984266757965088}, "25": {"x": 0.17219118773937225, "y": 0.8494853377342224, "z": 0.13381578028202057, "vis": 0.48157739639282227}, "26": {"x": 0.23819071054458618, "y": 0.8389533162117004, "z": 0.14911344647407532, "vis": 0.20357900857925415}, "27": {"x": 0.18400070071220398, "y": 0.9886457920074463, "z": 0.15892468392848969, "vis": 0.6099404692649841}, "28": {"x": 0.2553500235080719, "y": 0.963839590549469, "z": 0.18567384779453278, "vis": 0.3133781850337982}, "29": {"x": 0.18774186074733734, "y": 1.021884560585022, "z": 0.1604853868484497, "vis": 0.758618175983429}, "30": {"x": 0.25634992122650146, "y": 0.9907160997390747, "z": 0.19130977988243103, "vis": 0.4742971956729889}, "31": {"x": 0.18596744537353516, "y": 0.9851734638214111, "z": 0.1437591016292572, "vis": 0.5311934351921082}, "32": {"x": 0.2653247117996216, "y": 0.9716232419013977, "z": 0.18192315101623535, "vis": 0.26584380865097046}}