{"0": {"x": 0.5514165163040161, "y": 0.4768616259098053, "z": -0.012893748469650745, "vis": 0.9991564750671387}, "1": {"x": 0.5546923875808716, "y": 0.4672451317310333, "z": -0.021450761705636978, "vis": 0.9996019005775452}, "2": {"x": 0.555662989616394, "y": 0.4672759175300598, "z": -0.021477647125720978, "vis": 0.9995840191841125}, "3": {"x": 0.5567160248756409, "y": 0.4673148989677429, "z": -0.02151583321392536, "vis": 0.9996720552444458}, "4": {"x": 0.5540923476219177, "y": 0.46741920709609985, "z": -0.00250565935857594, "vis": 0.9992784857749939}, "5": {"x": 0.5545453429222107, "y": 0.4674941897392273, "z": -0.0024615393485873938, "vis": 0.9990237951278687}, "6": {"x": 0.5550482869148254, "y": 0.4674641788005829, "z": -0.0024177415762096643, "vis": 0.9991826415061951}, "7": {"x": 0.5649784803390503, "y": 0.471757173538208, "z": -0.05020010843873024, "vis": 0.9997594952583313}, "8": {"x": 0.5627416968345642, "y": 0.47077953815460205, "z": 0.037118714302778244, "vis": 0.998903751373291}, "9": {"x": 0.5551576018333435, "y": 0.4866832196712494, "z": -0.022542720660567284, "vis": 0.9993898868560791}, "10": {"x": 0.5543345212936401, "y": 0.4867628812789917, "z": 0.0025393087416887283, "vis": 0.9990660548210144}, "11": {"x": 0.5803709626197815, "y": 0.5337909460067749, "z": -0.08925852179527283, "vis": 0.9999966621398926}, "12": {"x": 0.572958767414093, "y": 0.524021565914154, "z": 0.0718671903014183, "vis": 0.9996211528778076}, "13": {"x": 0.5896525979042053, "y": 0.607993483543396, "z": -0.12422415614128113, "vis": 0.9895582795143127}, "14": {"x": 0.5754830241203308, "y": 0.6060383915901184, "z": 0.07388020306825638, "vis": 0.022862287238240242}, "15": {"x": 0.5758785605430603, "y": 0.6863995790481567, "z": -0.12715718150138855, "vis": 0.9824367761611938}, "16": {"x": 0.5619655251502991, "y": 0.6855772733688354, "z": 0.04450034350156784, "vis": 0.05024575814604759}, "17": {"x": 0.5721905827522278, "y": 0.7071291208267212, "z": -0.1471099704504013, "vis": 0.9572862982749939}, "18": {"x": 0.5604869723320007, "y": 0.6907368302345276, "z": 0.04298676177859306, "vis": 0.053229693323373795}, "19": {"x": 0.5691646933555603, "y": 0.7105721235275269, "z": -0.1396539956331253, "vis": 0.9536658525466919}, "20": {"x": 0.5560930967330933, "y": 0.700661838054657, "z": 0.02866649255156517, "vis": 0.05535581707954407}, "21": {"x": 0.5708993673324585, "y": 0.7015909552574158, "z": -0.12464608997106552, "vis": 0.9180726408958435}, "22": {"x": 0.557904064655304, "y": 0.6955727338790894, "z": 0.036577723920345306, "vis": 0.0627380758523941}, "23": {"x": 0.5494768023490906, "y": 0.6611162424087524, "z": -0.052062131464481354, "vis": 0.9997503161430359}, "24": {"x": 0.5480166077613831, "y": 0.6600417494773865, "z": 0.051908690482378006, "vis": 0.9992527365684509}, "25": {"x": 0.5607624650001526, "y": 0.7543017864227295, "z": -0.08546280860900879, "vis": 0.961049497127533}, "26": {"x": 0.5707514882087708, "y": 0.7508602142333984, "z": 0.03727589547634125, "vis": 0.440407395362854}, "27": {"x": 0.5771180987358093, "y": 0.8660237789154053, "z": -0.06771597266197205, "vis": 0.943499743938446}, "28": {"x": 0.5825658440589905, "y": 0.8631990551948547, "z": 0.05986868590116501, "vis": 0.5949229001998901}, "29": {"x": 0.5821187496185303, "y": 0.8824024200439453, "z": -0.06738246232271194, "vis": 0.9278180599212646}, "30": {"x": 0.5886708498001099, "y": 0.8725020289421082, "z": 0.061068061739206314, "vis": 0.7284586429595947}, "31": {"x": 0.5723172426223755, "y": 0.8851646184921265, "z": -0.10626442730426788, "vis": 0.924856960773468}, "32": {"x": 0.5743062496185303, "y": 0.8830984830856323, "z": 0.03435969725251198, "vis": 0.671330988407135}}