{"0": {"x": 0.2686876952648163, "y": 0.495673269033432, "z": 0.24864986538887024, "vis": 0.9978541731834412}, "1": {"x": 0.2655331790447235, "y": 0.48447516560554504, "z": 0.2377563863992691, "vis": 0.9985656142234802}, "2": {"x": 0.26299288868904114, "y": 0.48499596118927, "z": 0.23775015771389008, "vis": 0.9984675049781799}, "3": {"x": 0.26047858595848083, "y": 0.48576635122299194, "z": 0.23764550685882568, "vis": 0.9989399313926697}, "4": {"x": 0.27425163984298706, "y": 0.4827675521373749, "z": 0.23842795193195343, "vis": 0.9977536797523499}, "5": {"x": 0.2773812413215637, "y": 0.48227033019065857, "z": 0.23848120868206024, "vis": 0.997397780418396}, "6": {"x": 0.2802724838256836, "y": 0.48217839002609253, "z": 0.23842240869998932, "vis": 0.9980039000511169}, "7": {"x": 0.2557007372379303, "y": 0.49547120928764343, "z": 0.16896064579486847, "vis": 0.9988180994987488}, "8": {"x": 0.28477269411087036, "y": 0.4927830398082733, "z": 0.17110200226306915, "vis": 0.9979458451271057}, "9": {"x": 0.2631745934486389, "y": 0.5084723234176636, "z": 0.2251805067062378, "vis": 0.9969310164451599}, "10": {"x": 0.2745048403739929, "y": 0.5084763169288635, "z": 0.22596989572048187, "vis": 0.9967429041862488}, "11": {"x": 0.22981911897659302, "y": 0.5809218287467957, "z": 0.11621838808059692, "vis": 0.9995778203010559}, "12": {"x": 0.3125998377799988, "y": 0.5727888941764832, "z": 0.10422732681035995, "vis": 0.9991436004638672}, "13": {"x": 0.2168523669242859, "y": 0.6950264573097229, "z": 0.13017594814300537, "vis": 0.4324062168598175}, "14": {"x": 0.315565288066864, "y": 0.6884648203849792, "z": 0.10999950021505356, "vis": 0.5087591409683228}, "15": {"x": 0.23088841140270233, "y": 0.7911040782928467, "z": 0.20054076611995697, "vis": 0.05762552097439766}, "16": {"x": 0.31209272146224976, "y": 0.789351224899292, "z": 0.16304536163806915, "vis": 0.09032220393419266}, "17": {"x": 0.2323879897594452, "y": 0.8115218281745911, "z": 0.20530778169631958, "vis": 0.053078632801771164}, "18": {"x": 0.3112892806529999, "y": 0.81529301404953, "z": 0.17104379832744598, "vis": 0.07274878770112991}, "19": {"x": 0.23772741854190826, "y": 0.8104415535926819, "z": 0.2132587432861328, "vis": 0.04802260920405388}, "20": {"x": 0.3050413131713867, "y": 0.8106352686882019, "z": 0.17035309970378876, "vis": 0.06447161734104156}, "21": {"x": 0.238523930311203, "y": 0.8028934597969055, "z": 0.20444612205028534, "vis": 0.049169283360242844}, "22": {"x": 0.30382415652275085, "y": 0.8041195273399353, "z": 0.16328100860118866, "vis": 0.07070798426866531}, "23": {"x": 0.2330867350101471, "y": 0.7579831480979919, "z": 0.006355815567076206, "vis": 0.9997633099555969}, "24": {"x": 0.28583940863609314, "y": 0.7629908323287964, "z": -0.006648159585893154, "vis": 0.9990808963775635}, "25": {"x": 0.23051095008850098, "y": 0.8940842747688293, "z": 0.11346840858459473, "vis": 0.8561338782310486}, "26": {"x": 0.3017958402633667, "y": 0.8853491544723511, "z": 0.11329684406518936, "vis": 0.5192252397537231}, "27": {"x": 0.2234785556793213, "y": 0.9913492202758789, "z": 0.14100117981433868, "vis": 0.7843242287635803}, "28": {"x": 0.3066132068634033, "y": 0.985568106174469, "z": 0.14457768201828003, "vis": 0.458965003490448}, "29": {"x": 0.22095873951911926, "y": 1.0372240543365479, "z": 0.14088883996009827, "vis": 0.8052403926849365}, "30": {"x": 0.3037303388118744, "y": 0.993567705154419, "z": 0.1476689875125885, "vis": 0.5663579106330872}, "31": {"x": 0.2243303507566452, "y": 0.9811458587646484, "z": 0.1312776654958725, "vis": 0.3798472285270691}, "32": {"x": 0.31263256072998047, "y": 0.9786151051521301, "z": 0.14205621182918549, "vis": 0.22577984631061554}}