{"0": {"x": 0.8241735696792603, "y": 0.39835378527641296, "z": 0.19692446291446686, "vis": 0.999592125415802}, "1": {"x": 0.820841908454895, "y": 0.38927608728408813, "z": 0.1791384071111679, "vis": 0.9996980428695679}, "2": {"x": 0.8188868165016174, "y": 0.38963669538497925, "z": 0.1791619062423706, "vis": 0.9996511936187744}, "3": {"x": 0.8170444965362549, "y": 0.39011332392692566, "z": 0.17914842069149017, "vis": 0.999536395072937}, "4": {"x": 0.8276429772377014, "y": 0.38830137252807617, "z": 0.1849912852048874, "vis": 0.9997147917747498}, "5": {"x": 0.8299526572227478, "y": 0.38815030455589294, "z": 0.18501584231853485, "vis": 0.9996969699859619}, "6": {"x": 0.8323464393615723, "y": 0.38823360204696655, "z": 0.18498173356056213, "vis": 0.9996941089630127}, "7": {"x": 0.8161605596542358, "y": 0.396678626537323, "z": 0.1115574836730957, "vis": 0.9997186064720154}, "8": {"x": 0.8378376960754395, "y": 0.39543861150741577, "z": 0.1386738270521164, "vis": 0.999775230884552}, "9": {"x": 0.8206841349601746, "y": 0.4093283414840698, "z": 0.17681042850017548, "vis": 0.9984898567199707}, "10": {"x": 0.8277104496955872, "y": 0.4084417223930359, "z": 0.18459069728851318, "vis": 0.998866081237793}, "11": {"x": 0.797940731048584, "y": 0.4773760735988617, "z": 0.06395519524812698, "vis": 0.9998501539230347}, "12": {"x": 0.8662276268005371, "y": 0.47258806228637695, "z": 0.09205266088247299, "vis": 0.9998761415481567}, "13": {"x": 0.7662820816040039, "y": 0.5352774858474731, "z": 0.09688068181276321, "vis": 0.9909409880638123}, "14": {"x": 0.8861476182937622, "y": 0.5342022180557251, "z": 0.09696102142333984, "vis": 0.9957441687583923}, "15": {"x": 0.7845997214317322, "y": 0.5796507596969604, "z": 0.20508962869644165, "vis": 0.19450728595256805}, "16": {"x": 0.884193480014801, "y": 0.6202012896537781, "z": 0.15365412831306458, "vis": 0.6472985744476318}, "17": {"x": 0.7874705791473389, "y": 0.5955272316932678, "z": 0.2163546085357666, "vis": 0.1110372468829155}, "18": {"x": 0.8887418508529663, "y": 0.6445465683937073, "z": 0.16157087683677673, "vis": 0.41343820095062256}, "19": {"x": 0.7920477986335754, "y": 0.5946071743965149, "z": 0.21823209524154663, "vis": 0.10530861467123032}, "20": {"x": 0.884788453578949, "y": 0.6398021578788757, "z": 0.16757003962993622, "vis": 0.38138267397880554}, "21": {"x": 0.7921394109725952, "y": 0.5896588563919067, "z": 0.20852729678153992, "vis": 0.10983220487833023}, "22": {"x": 0.8818319439888, "y": 0.6326125860214233, "z": 0.1572696715593338, "vis": 0.3713403344154358}, "23": {"x": 0.8083595037460327, "y": 0.6420656442642212, "z": -0.0193963423371315, "vis": 0.9995726943016052}, "24": {"x": 0.845339834690094, "y": 0.6415154933929443, "z": 0.019177427515387535, "vis": 0.999131977558136}, "25": {"x": 0.8016490340232849, "y": 0.7653872966766357, "z": -0.005032416433095932, "vis": 0.9487824440002441}, "26": {"x": 0.8533644080162048, "y": 0.7550681233406067, "z": 0.01380701083689928, "vis": 0.7448554039001465}, "27": {"x": 0.8045353293418884, "y": 0.9103391766548157, "z": -0.08016087114810944, "vis": 0.9199976921081543}, "28": {"x": 0.8360655307769775, "y": 0.8835633993148804, "z": -0.0545608289539814, "vis": 0.863963782787323}, "29": {"x": 0.8083731532096863, "y": 0.9357064962387085, "z": -0.09038005024194717, "vis": 0.9325810074806213}, "30": {"x": 0.8328888416290283, "y": 0.9089149236679077, "z": -0.06340362131595612, "vis": 0.9326080679893494}, "31": {"x": 0.79582279920578, "y": 0.9336447715759277, "z": -0.10819685459136963, "vis": 0.7744044661521912}, "32": {"x": 0.8323745131492615, "y": 0.899347186088562, "z": -0.08132337033748627, "vis": 0.7801836729049683}}