{"0": {"x": 0.10588312894105911, "y": 0.3754223585128784, "z": 0.260802686214447, "vis": 0.9997918009757996}, "1": {"x": 0.10208089649677277, "y": 0.36466023325920105, "z": 0.2398396134376526, "vis": 0.9998660087585449}, "2": {"x": 0.09935147315263748, "y": 0.36531949043273926, "z": 0.23977023363113403, "vis": 0.9998145699501038}, "3": {"x": 0.09657847136259079, "y": 0.3662683069705963, "z": 0.23974481225013733, "vis": 0.9998886585235596}, "4": {"x": 0.11085981130599976, "y": 0.36359840631484985, "z": 0.23987407982349396, "vis": 0.9998438358306885}, "5": {"x": 0.11400848627090454, "y": 0.3636728525161743, "z": 0.23989026248455048, "vis": 0.9997733235359192}, "6": {"x": 0.11715596169233322, "y": 0.3641658425331116, "z": 0.23983649909496307, "vis": 0.999863862991333}, "7": {"x": 0.09318915009498596, "y": 0.3751825988292694, "z": 0.14568623900413513, "vis": 0.9998067021369934}, "8": {"x": 0.12282861024141312, "y": 0.3767029047012329, "z": 0.14679381251335144, "vis": 0.9997106194496155}, "9": {"x": 0.10043754428625107, "y": 0.3878459334373474, "z": 0.22992953658103943, "vis": 0.9995705485343933}, "10": {"x": 0.11208941042423248, "y": 0.3879733383655548, "z": 0.23053616285324097, "vis": 0.9995716214179993}, "11": {"x": 0.06398478150367737, "y": 0.45994502305984497, "z": 0.09871640056371689, "vis": 0.9975199103355408}, "12": {"x": 0.1510891616344452, "y": 0.46664267778396606, "z": 0.07889712601900101, "vis": 0.9987648725509644}, "13": {"x": 0.049641817808151245, "y": 0.5750427842140198, "z": 0.13620871305465698, "vis": 0.10618795454502106}, "14": {"x": 0.16154344379901886, "y": 0.5842674970626831, "z": 0.13635554909706116, "vis": 0.27968212962150574}, "15": {"x": 0.0851651057600975, "y": 0.587889552116394, "z": 0.235564723610878, "vis": 0.029689989984035492}, "16": {"x": 0.14024235308170319, "y": 0.5928218364715576, "z": 0.25098177790641785, "vis": 0.047220680862665176}, "17": {"x": 0.09210223704576492, "y": 0.5907288193702698, "z": 0.24975083768367767, "vis": 0.035132963210344315}, "18": {"x": 0.1356053501367569, "y": 0.5941503047943115, "z": 0.2731834650039673, "vis": 0.05813722312450409}, "19": {"x": 0.0972146987915039, "y": 0.5861733555793762, "z": 0.2553354799747467, "vis": 0.03498522564768791}, "20": {"x": 0.12957479059696198, "y": 0.584492027759552, "z": 0.27065080404281616, "vis": 0.06027444824576378}, "21": {"x": 0.09616799652576447, "y": 0.5848444104194641, "z": 0.23958180844783783, "vis": 0.03898374363780022}, "22": {"x": 0.13085076212882996, "y": 0.5831661224365234, "z": 0.2531110942363739, "vis": 0.07215375453233719}, "23": {"x": 0.057586945593357086, "y": 0.6530047059059143, "z": 0.0030879778787493706, "vis": 0.9981391429901123}, "24": {"x": 0.11596199870109558, "y": 0.6615501642227173, "z": -0.003230876289308071, "vis": 0.9976510405540466}, "25": {"x": 0.03300432860851288, "y": 0.752662718296051, "z": 0.08755596727132797, "vis": 0.9624204635620117}, "26": {"x": 0.1622791737318039, "y": 0.781650960445404, "z": 0.07696393877267838, "vis": 0.8808441162109375}, "27": {"x": 0.00614369660615921, "y": 0.9007493853569031, "z": -0.12186369299888611, "vis": 0.9923723936080933}, "28": {"x": 0.17137360572814941, "y": 0.9478206634521484, "z": -0.13599275052547455, "vis": 0.9876411557197571}, "29": {"x": 0.010266005992889404, "y": 0.9435913562774658, "z": -0.14328980445861816, "vis": 0.9949131011962891}, "30": {"x": 0.1644017994403839, "y": 0.9763157367706299, "z": -0.1561352014541626, "vis": 0.9933933615684509}, "31": {"x": -0.005820088088512421, "y": 0.9360964298248291, "z": -0.14424142241477966, "vis": 0.9476359486579895}, "32": {"x": 0.19645151495933533, "y": 0.9632604122161865, "z": -0.15461474657058716, "vis": 0.9252365231513977}}