{"0": {"x": 0.24929927289485931, "y": 0.25116777420043945, "z": 0.11470220983028412, "vis": 0.9996020197868347}, "1": {"x": 0.24438896775245667, "y": 0.23280030488967896, "z": 0.08482775837182999, "vis": 0.9996896982192993}, "2": {"x": 0.241131991147995, "y": 0.2332547903060913, "z": 0.08479414135217667, "vis": 0.9996657371520996}, "3": {"x": 0.2381368726491928, "y": 0.2341548353433609, "z": 0.08473047614097595, "vis": 0.9996819496154785}, "4": {"x": 0.25326007604599, "y": 0.23317934572696686, "z": 0.08688212931156158, "vis": 0.9995965361595154}, "5": {"x": 0.2559521198272705, "y": 0.2336972951889038, "z": 0.08690066635608673, "vis": 0.9995342493057251}, "6": {"x": 0.2585103511810303, "y": 0.23445676267147064, "z": 0.0868074893951416, "vis": 0.9995335340499878}, "7": {"x": 0.23397475481033325, "y": 0.2454117238521576, "z": -0.01925808936357498, "vis": 0.9997795224189758}, "8": {"x": 0.26115095615386963, "y": 0.24554122984409332, "z": -0.011310418136417866, "vis": 0.9997100234031677}, "9": {"x": 0.2445993721485138, "y": 0.26863542199134827, "z": 0.08384079486131668, "vis": 0.999697208404541}, "10": {"x": 0.2543747127056122, "y": 0.26843640208244324, "z": 0.08617434650659561, "vis": 0.999672532081604}, "11": {"x": 0.19204984605312347, "y": 0.36074408888816833, "z": -0.06350641697645187, "vis": 0.9998836517333984}, "12": {"x": 0.29254859685897827, "y": 0.34599798917770386, "z": -0.0489547960460186, "vis": 0.9998522996902466}, "13": {"x": 0.169136643409729, "y": 0.5045617818832397, "z": -0.053880784660577774, "vis": 0.9802237749099731}, "14": {"x": 0.31044062972068787, "y": 0.4947637617588043, "z": 0.0007084407843649387, "vis": 0.9729356169700623}, "15": {"x": 0.17816120386123657, "y": 0.6272431015968323, "z": 0.014689886011183262, "vis": 0.6589837670326233}, "16": {"x": 0.31081944704055786, "y": 0.6099633574485779, "z": 0.11568484455347061, "vis": 0.6357192397117615}, "17": {"x": 0.17791828513145447, "y": 0.6594207882881165, "z": 0.016767803579568863, "vis": 0.4875980615615845}, "18": {"x": 0.3127638101577759, "y": 0.6413682699203491, "z": 0.1288830190896988, "vis": 0.4660452604293823}, "19": {"x": 0.1851215958595276, "y": 0.6531079411506653, "z": 0.018034612759947777, "vis": 0.46138787269592285}, "20": {"x": 0.30538395047187805, "y": 0.6370404362678528, "z": 0.12796978652477264, "vis": 0.43815377354621887}, "21": {"x": 0.1875370889902115, "y": 0.6422058939933777, "z": 0.01653902605175972, "vis": 0.41436535120010376}, "22": {"x": 0.3011395037174225, "y": 0.6258463263511658, "z": 0.1177576556801796, "vis": 0.4245346784591675}, "23": {"x": 0.214118093252182, "y": 0.6150936484336853, "z": -0.009104344993829727, "vis": 0.9997860789299011}, "24": {"x": 0.2715374529361725, "y": 0.6067918539047241, "z": 0.008856959640979767, "vis": 0.9994534850120544}, "25": {"x": 0.22024030983448029, "y": 0.7903397083282471, "z": 0.0996042937040329, "vis": 0.8397783637046814}, "26": {"x": 0.27215027809143066, "y": 0.7949850559234619, "z": 0.14221405982971191, "vis": 0.7012186050415039}, "27": {"x": 0.22108663618564606, "y": 0.9749360680580139, "z": 0.20797161757946014, "vis": 0.6883586645126343}, "28": {"x": 0.2712739408016205, "y": 0.9633065462112427, "z": 0.25272223353385925, "vis": 0.5044443607330322}, "29": {"x": 0.2195468246936798, "y": 0.9870267510414124, "z": 0.2187722772359848, "vis": 0.7782749533653259}, "30": {"x": 0.26717129349708557, "y": 0.9817395210266113, "z": 0.265480101108551, "vis": 0.689444363117218}, "31": {"x": 0.21629105508327484, "y": 0.9751231074333191, "z": 0.21214783191680908, "vis": 0.44455552101135254}, "32": {"x": 0.2702081799507141, "y": 0.9571942687034607, "z": 0.25915148854255676, "vis": 0.2783275246620178}}