{"0": {"x": 0.28168678283691406, "y": 0.5419489145278931, "z": -0.11763429641723633, "vis": 0.9997850060462952}, "1": {"x": 0.28088846802711487, "y": 0.5258370637893677, "z": -0.10061943531036377, "vis": 0.9998630285263062}, "2": {"x": 0.28212183713912964, "y": 0.5261645317077637, "z": -0.10071511566638947, "vis": 0.9997836947441101}, "3": {"x": 0.28332284092903137, "y": 0.5264080762863159, "z": -0.10083714127540588, "vis": 0.9998303651809692}, "4": {"x": 0.2735556960105896, "y": 0.5242241621017456, "z": -0.11362859606742859, "vis": 0.9999121427536011}, "5": {"x": 0.2693015933036804, "y": 0.5237958431243896, "z": -0.11368264257907867, "vis": 0.9998822212219238}, "6": {"x": 0.2647685706615448, "y": 0.5235077738761902, "z": -0.11368007957935333, "vis": 0.9999016523361206}, "7": {"x": 0.2772444188594818, "y": 0.5320349335670471, "z": -0.016961703076958656, "vis": 0.9997746348381042}, "8": {"x": 0.25358253717422485, "y": 0.5316385626792908, "z": -0.07155559957027435, "vis": 0.9998739957809448}, "9": {"x": 0.28203141689300537, "y": 0.5600275993347168, "z": -0.0853189155459404, "vis": 0.9992762207984924}, "10": {"x": 0.2746981084346771, "y": 0.5584007501602173, "z": -0.10078594088554382, "vis": 0.9995973706245422}, "11": {"x": 0.25041067600250244, "y": 0.6096804141998291, "z": 0.0880042165517807, "vis": 0.9987530708312988}, "12": {"x": 0.2558923065662384, "y": 0.6192467212677002, "z": -0.12230448424816132, "vis": 0.9993095397949219}, "13": {"x": 0.25707942247390747, "y": 0.7158734798431396, "z": 0.1194683238863945, "vis": 0.05663374811410904}, "14": {"x": 0.2772238552570343, "y": 0.733066737651825, "z": -0.12142330408096313, "vis": 0.8732988834381104}, "15": {"x": 0.28455430269241333, "y": 0.7533891201019287, "z": 0.07623753696680069, "vis": 0.10771067440509796}, "16": {"x": 0.31850552558898926, "y": 0.7570868134498596, "z": -0.06179852783679962, "vis": 0.6308677196502686}, "17": {"x": 0.2913576364517212, "y": 0.7618579268455505, "z": 0.07422471046447754, "vis": 0.1394689530134201}, "18": {"x": 0.3219289183616638, "y": 0.7645395994186401, "z": -0.07246338576078415, "vis": 0.5779271721839905}, "19": {"x": 0.29706406593322754, "y": 0.7542017102241516, "z": 0.060996439307928085, "vis": 0.14134956896305084}, "20": {"x": 0.3240235149860382, "y": 0.7518494129180908, "z": -0.069671630859375, "vis": 0.5880771279335022}, "21": {"x": 0.2934877276420593, "y": 0.7524017095565796, "z": 0.06796547025442123, "vis": 0.15252052247524261}, "22": {"x": 0.32226836681365967, "y": 0.7505229711532593, "z": -0.059389326721429825, "vis": 0.5929630398750305}, "23": {"x": 0.20258376002311707, "y": 0.8204938173294067, "z": 0.07095874100923538, "vis": 0.9981695413589478}, "24": {"x": 0.2014494687318802, "y": 0.8212136030197144, "z": -0.07095605880022049, "vis": 0.9984925985336304}, "25": {"x": 0.24630619585514069, "y": 0.9605743288993835, "z": 0.06786316633224487, "vis": 0.7028718590736389}, "26": {"x": 0.30110350251197815, "y": 0.7936822772026062, "z": -0.0964372530579567, "vis": 0.8751304149627686}, "27": {"x": 0.16915084421634674, "y": 0.927261233329773, "z": 0.14872480928897858, "vis": 0.30694934725761414}, "28": {"x": 0.2959215044975281, "y": 0.9686793684959412, "z": -0.02930089458823204, "vis": 0.7643779516220093}, "29": {"x": 0.1575438529253006, "y": 0.9148088097572327, "z": 0.1593473255634308, "vis": 0.3844020664691925}, "30": {"x": 0.28355181217193604, "y": 0.9931256771087646, "z": -0.020430875942111015, "vis": 0.7880189418792725}, "31": {"x": 0.14977583289146423, "y": 0.9551184177398682, "z": 0.18031452596187592, "vis": 0.2776236832141876}, "32": {"x": 0.32812607288360596, "y": 1.0182782411575317, "z": -0.01867442950606346, "vis": 0.7235981225967407}}