{"0": {"x": 0.34761351346969604, "y": 0.5495187640190125, "z": -0.012642979621887207, "vis": 0.9992644190788269}, "1": {"x": 0.3507819175720215, "y": 0.5361745357513428, "z": -0.022416170686483383, "vis": 0.9992691874504089}, "2": {"x": 0.35148945450782776, "y": 0.5360605120658875, "z": -0.022463498637080193, "vis": 0.999241828918457}, "3": {"x": 0.3521950840950012, "y": 0.5359463691711426, "z": -0.02247670851647854, "vis": 0.9994538426399231}, "4": {"x": 0.35101521015167236, "y": 0.5359663963317871, "z": -0.0059756324626505375, "vis": 0.9992358684539795}, "5": {"x": 0.3518811762332916, "y": 0.5356568098068237, "z": -0.005964567884802818, "vis": 0.9989148378372192}, "6": {"x": 0.3527529835700989, "y": 0.5353363752365112, "z": -0.006034152116626501, "vis": 0.9991651773452759}, "7": {"x": 0.35881662368774414, "y": 0.5431959629058838, "z": -0.04096047952771187, "vis": 0.999427855014801}, "8": {"x": 0.3597763478755951, "y": 0.5419892072677612, "z": 0.029738543555140495, "vis": 0.9990983009338379}, "9": {"x": 0.35007259249687195, "y": 0.5616198182106018, "z": -0.016529807820916176, "vis": 0.9989145994186401}, "10": {"x": 0.35026776790618896, "y": 0.5621371269226074, "z": 0.004077624529600143, "vis": 0.9988817572593689}, "11": {"x": 0.36032983660697937, "y": 0.6005772352218628, "z": -0.09688174724578857, "vis": 0.9999114274978638}, "12": {"x": 0.37993794679641724, "y": 0.6055837273597717, "z": 0.11110986769199371, "vis": 0.9993865489959717}, "13": {"x": 0.36439356207847595, "y": 0.6927179098129272, "z": -0.12718500196933746, "vis": 0.9752616882324219}, "14": {"x": 0.3649269640445709, "y": 0.6819929480552673, "z": 0.16296280920505524, "vis": 0.067107655107975}, "15": {"x": 0.3434617817401886, "y": 0.7714448571205139, "z": -0.1052163690328598, "vis": 0.9564357399940491}, "16": {"x": 0.33278870582580566, "y": 0.6960234642028809, "z": 0.16261236369609833, "vis": 0.14055727422237396}, "17": {"x": 0.3383859395980835, "y": 0.7912282943725586, "z": -0.11913134157657623, "vis": 0.9320046901702881}, "18": {"x": 0.3244209885597229, "y": 0.6916137337684631, "z": 0.17288565635681152, "vis": 0.17138926684856415}, "19": {"x": 0.3364490568637848, "y": 0.789034366607666, "z": -0.11641954630613327, "vis": 0.9271246194839478}, "20": {"x": 0.321526437997818, "y": 0.6877322196960449, "z": 0.1577373892068863, "vis": 0.17476607859134674}, "21": {"x": 0.3379764258861542, "y": 0.7837142944335938, "z": -0.10211368650197983, "vis": 0.8866778016090393}, "22": {"x": 0.3239351809024811, "y": 0.6887616515159607, "z": 0.15607520937919617, "vis": 0.17590029537677765}, "23": {"x": 0.3691290616989136, "y": 0.7717390656471252, "z": -0.05550025776028633, "vis": 0.9960770010948181}, "24": {"x": 0.39211195707321167, "y": 0.7750967741012573, "z": 0.055490341037511826, "vis": 0.9968388080596924}, "25": {"x": 0.3210853934288025, "y": 0.8626746535301208, "z": -0.0350995808839798, "vis": 0.9330557584762573}, "26": {"x": 0.3902876377105713, "y": 0.8991777896881104, "z": 0.06213754042983055, "vis": 0.7668265700340271}, "27": {"x": 0.32882747054100037, "y": 0.9798241853713989, "z": 0.022347496822476387, "vis": 0.8834140300750732}, "28": {"x": 0.3999583423137665, "y": 1.0119271278381348, "z": 0.0672309473156929, "vis": 0.7655302286148071}, "29": {"x": 0.3360489010810852, "y": 0.9946318864822388, "z": 0.027285724878311157, "vis": 0.909075140953064}, "30": {"x": 0.4113078713417053, "y": 1.0552473068237305, "z": 0.06627780944108963, "vis": 0.7809262275695801}, "31": {"x": 0.3010143041610718, "y": 0.9930379986763, "z": 0.02130565047264099, "vis": 0.825782299041748}, "32": {"x": 0.38694971799850464, "y": 1.0518958568572998, "z": 0.0468282513320446, "vis": 0.6093630790710449}}