{"0": {"x": 0.2692529559135437, "y": 0.49596256017684937, "z": 0.25025156140327454, "vis": 0.9987244009971619}, "1": {"x": 0.2657933235168457, "y": 0.4846768081188202, "z": 0.23886597156524658, "vis": 0.9991796612739563}, "2": {"x": 0.2632001042366028, "y": 0.4850926101207733, "z": 0.23886097967624664, "vis": 0.9991180300712585}, "3": {"x": 0.26068028807640076, "y": 0.48571738600730896, "z": 0.23875445127487183, "vis": 0.9993941783905029}, "4": {"x": 0.27468663454055786, "y": 0.48321160674095154, "z": 0.24000020325183868, "vis": 0.9987900853157043}, "5": {"x": 0.2778530418872833, "y": 0.4827859103679657, "z": 0.24005979299545288, "vis": 0.9985829591751099}, "6": {"x": 0.2807885408401489, "y": 0.48266226053237915, "z": 0.24000731110572815, "vis": 0.998931348323822}, "7": {"x": 0.2558285892009735, "y": 0.49542468786239624, "z": 0.16923686861991882, "vis": 0.9993340373039246}, "8": {"x": 0.28508588671684265, "y": 0.49313682317733765, "z": 0.1732662469148636, "vis": 0.9988818764686584}, "9": {"x": 0.2637462913990021, "y": 0.5087694525718689, "z": 0.2266397327184677, "vis": 0.9979602098464966}, "10": {"x": 0.2752854824066162, "y": 0.5084543228149414, "z": 0.22793811559677124, "vis": 0.9978394508361816}, "11": {"x": 0.23017863929271698, "y": 0.5784352421760559, "z": 0.11647086590528488, "vis": 0.9995918869972229}, "12": {"x": 0.3128533363342285, "y": 0.5729323625564575, "z": 0.10909424722194672, "vis": 0.9992762207984924}, "13": {"x": 0.21664416790008545, "y": 0.6932258009910583, "z": 0.13609682023525238, "vis": 0.4422287046909332}, "14": {"x": 0.3161509037017822, "y": 0.6890420317649841, "z": 0.1159779503941536, "vis": 0.5417159795761108}, "15": {"x": 0.23118436336517334, "y": 0.7842519283294678, "z": 0.2152136117219925, "vis": 0.05820819362998009}, "16": {"x": 0.3126105070114136, "y": 0.7903944253921509, "z": 0.16808588802814484, "vis": 0.11799473315477371}, "17": {"x": 0.23246976733207703, "y": 0.8038026690483093, "z": 0.22220741212368011, "vis": 0.05367244407534599}, "18": {"x": 0.31212666630744934, "y": 0.813717246055603, "z": 0.1756357103586197, "vis": 0.09604614228010178}, "19": {"x": 0.2378644049167633, "y": 0.8024407625198364, "z": 0.22844843566417694, "vis": 0.04870404675602913}, "20": {"x": 0.30581361055374146, "y": 0.8117877244949341, "z": 0.17546525597572327, "vis": 0.08500303328037262}, "21": {"x": 0.23876029253005981, "y": 0.7953076362609863, "z": 0.21893568336963654, "vis": 0.05027320608496666}, "22": {"x": 0.30424267053604126, "y": 0.8030099868774414, "z": 0.16856466233730316, "vis": 0.09060364216566086}, "23": {"x": 0.23291781544685364, "y": 0.7564363479614258, "z": 0.002803032286465168, "vis": 0.9997062087059021}, "24": {"x": 0.2865520417690277, "y": 0.7626326680183411, "z": -0.0030578766018152237, "vis": 0.9989206790924072}, "25": {"x": 0.2289784997701645, "y": 0.8872414827346802, "z": 0.1053130179643631, "vis": 0.8890701532363892}, "26": {"x": 0.30174434185028076, "y": 0.8870340585708618, "z": 0.1099647656083107, "vis": 0.5607526898384094}, "27": {"x": 0.22401836514472961, "y": 0.9943171739578247, "z": 0.13747186958789825, "vis": 0.7726091146469116}, "28": {"x": 0.30704551935195923, "y": 0.9853777289390564, "z": 0.1431007981300354, "vis": 0.4630926847457886}, "29": {"x": 0.22265802323818207, "y": 1.041227102279663, "z": 0.1378553956747055, "vis": 0.7908269166946411}, "30": {"x": 0.3066726326942444, "y": 1.0311764478683472, "z": 0.1463346928358078, "vis": 0.5536623597145081}, "31": {"x": 0.22357186675071716, "y": 0.9832937717437744, "z": 0.12960413098335266, "vis": 0.3722594678401947}, "32": {"x": 0.31115201115608215, "y": 0.9810370802879333, "z": 0.14061419665813446, "vis": 0.22920115292072296}}