{"0": {"x": 0.13489602506160736, "y": 0.372707724571228, "z": 0.3261217772960663, "vis": 0.9999388456344604}, "1": {"x": 0.13120883703231812, "y": 0.36112019419670105, "z": 0.3086996376514435, "vis": 0.9999593496322632}, "2": {"x": 0.12866821885108948, "y": 0.36159446835517883, "z": 0.30866795778274536, "vis": 0.9999319314956665}, "3": {"x": 0.12617582082748413, "y": 0.3623732924461365, "z": 0.30869075655937195, "vis": 0.9999608993530273}, "4": {"x": 0.13911712169647217, "y": 0.36089280247688293, "z": 0.309739351272583, "vis": 0.9999533891677856}, "5": {"x": 0.14183898270130157, "y": 0.36131250858306885, "z": 0.30973342061042786, "vis": 0.9999144077301025}, "6": {"x": 0.14458449184894562, "y": 0.3620328903198242, "z": 0.3096371293067932, "vis": 0.999953031539917}, "7": {"x": 0.12244878709316254, "y": 0.3723300099372864, "z": 0.21974554657936096, "vis": 0.9999188184738159}, "8": {"x": 0.14842656254768372, "y": 0.37322691082954407, "z": 0.2247888594865799, "vis": 0.9999169111251831}, "9": {"x": 0.13091625273227692, "y": 0.3858855366706848, "z": 0.2958182394504547, "vis": 0.9998939037322998}, "10": {"x": 0.14047296345233917, "y": 0.3870399594306946, "z": 0.297601580619812, "vis": 0.9998812675476074}, "11": {"x": 0.09079455584287643, "y": 0.4591934382915497, "z": 0.1504020243883133, "vis": 0.9980693459510803}, "12": {"x": 0.1770254522562027, "y": 0.46999263763427734, "z": 0.135631263256073, "vis": 0.9984766840934753}, "13": {"x": 0.08729400485754013, "y": 0.5885802507400513, "z": 0.09441500157117844, "vis": 0.0904197096824646}, "14": {"x": 0.16926708817481995, "y": 0.5883973836898804, "z": 0.10648062825202942, "vis": 0.08295100927352905}, "15": {"x": 0.10001178830862045, "y": 0.6545386910438538, "z": 0.0637519359588623, "vis": 0.04330466315150261}, "16": {"x": 0.14758972823619843, "y": 0.6073535084724426, "z": 0.08703940361738205, "vis": 0.015177076682448387}, "17": {"x": 0.09781018644571304, "y": 0.6671839952468872, "z": 0.05429584160447121, "vis": 0.05045168846845627}, "18": {"x": 0.14760437607765198, "y": 0.607667088508606, "z": 0.08554654568433762, "vis": 0.020020825788378716}, "19": {"x": 0.10695091634988785, "y": 0.6635665893554688, "z": 0.06489665061235428, "vis": 0.050472598522901535}, "20": {"x": 0.13481752574443817, "y": 0.5961366295814514, "z": 0.0807577446103096, "vis": 0.023215802386403084}, "21": {"x": 0.11019647866487503, "y": 0.6596672534942627, "z": 0.06494657695293427, "vis": 0.059842031449079514}, "22": {"x": 0.13151118159294128, "y": 0.5960218906402588, "z": 0.08300980925559998, "vis": 0.031468793749809265}, "23": {"x": 0.08288641273975372, "y": 0.6486114263534546, "z": 0.008088844828307629, "vis": 0.9995119571685791}, "24": {"x": 0.14270389080047607, "y": 0.6604121327400208, "z": -0.008127198554575443, "vis": 0.9994205236434937}, "25": {"x": 0.04769193381071091, "y": 0.7384366989135742, "z": 0.16488265991210938, "vis": 0.9567368030548096}, "26": {"x": 0.17154838144779205, "y": 0.7719317078590393, "z": 0.10150031000375748, "vis": 0.9532561302185059}, "27": {"x": 0.0302127692848444, "y": 0.9134904146194458, "z": -0.06286624073982239, "vis": 0.9989650249481201}, "28": {"x": 0.16816280782222748, "y": 0.9546818733215332, "z": -0.13014379143714905, "vis": 0.9990617632865906}, "29": {"x": 0.029852936044335365, "y": 0.9410520792007446, "z": -0.0868150070309639, "vis": 0.9995114803314209}, "30": {"x": 0.1618751883506775, "y": 0.977849543094635, "z": -0.15317262709140778, "vis": 0.9997742772102356}, "31": {"x": 0.023020246997475624, "y": 0.9594107270240784, "z": -0.08362637460231781, "vis": 0.9716498851776123}, "32": {"x": 0.19211900234222412, "y": 0.9701589941978455, "z": -0.15615688264369965, "vis": 0.9722521305084229}}