{"0": {"x": 0.23160474002361298, "y": 1.0130152702331543, "z": -0.1284598559141159, "vis": 0.9964874982833862}, "1": {"x": 0.22821876406669617, "y": 1.023461937904358, "z": -0.15032610297203064, "vis": 0.997624933719635}, "2": {"x": 0.22840647399425507, "y": 1.0228379964828491, "z": -0.15032467246055603, "vis": 0.9975175857543945}, "3": {"x": 0.2286011278629303, "y": 1.022150993347168, "z": -0.15035764873027802, "vis": 0.997343122959137}, "4": {"x": 0.22563780844211578, "y": 1.022989273071289, "z": -0.13535651564598083, "vis": 0.9967415928840637}, "5": {"x": 0.22445864975452423, "y": 1.0219993591308594, "z": -0.13542643189430237, "vis": 0.99638831615448}, "6": {"x": 0.22323967516422272, "y": 1.021025538444519, "z": -0.13546104729175568, "vis": 0.9965387582778931}, "7": {"x": 0.2263113409280777, "y": 1.00594162940979, "z": -0.19608789682388306, "vis": 0.9971287846565247}, "8": {"x": 0.21739846467971802, "y": 1.0040276050567627, "z": -0.1299595832824707, "vis": 0.9960809350013733}, "9": {"x": 0.23329026997089386, "y": 0.9966964721679688, "z": -0.1383029669523239, "vis": 0.9956179857254028}, "10": {"x": 0.23130109906196594, "y": 0.9952857494354248, "z": -0.11926401406526566, "vis": 0.9962145686149597}, "11": {"x": 0.246709406375885, "y": 0.922268807888031, "z": -0.220449298620224, "vis": 0.9995342493057251}, "12": {"x": 0.2102440893650055, "y": 0.9259912371635437, "z": -0.05824882909655571, "vis": 0.9990962743759155}, "13": {"x": 0.3084638714790344, "y": 0.867173433303833, "z": -0.20045538246631622, "vis": 0.8377508521080017}, "14": {"x": 0.2408425509929657, "y": 0.8722405433654785, "z": -0.0357515774667263, "vis": 0.20438070595264435}, "15": {"x": 0.2838172912597656, "y": 0.9669897556304932, "z": -0.13579197227954865, "vis": 0.5271618366241455}, "16": {"x": 0.2408132702112198, "y": 0.964989960193634, "z": -0.04883372783660889, "vis": 0.18350550532341003}, "17": {"x": 0.2829570174217224, "y": 0.98415207862854, "z": -0.14955301582813263, "vis": 0.48406603932380676}, "18": {"x": 0.23748473823070526, "y": 0.9863728284835815, "z": -0.0466962605714798, "vis": 0.22554847598075867}, "19": {"x": 0.2686583399772644, "y": 0.9854499101638794, "z": -0.14439822733402252, "vis": 0.4896237552165985}, "20": {"x": 0.23935778439044952, "y": 0.9950690269470215, "z": -0.048116181045770645, "vis": 0.2186032384634018}, "21": {"x": 0.26817587018013, "y": 0.9797869324684143, "z": -0.13190922141075134, "vis": 0.4692562222480774}, "22": {"x": 0.24093422293663025, "y": 0.9866368770599365, "z": -0.0491158552467823, "vis": 0.20345525443553925}, "23": {"x": 0.25051018595695496, "y": 0.7051767706871033, "z": -0.05532785877585411, "vis": 0.9999696016311646}, "24": {"x": 0.2309146374464035, "y": 0.7146994471549988, "z": 0.05511395260691643, "vis": 0.9999464750289917}, "25": {"x": 0.27032938599586487, "y": 0.7126225829124451, "z": 0.039321430027484894, "vis": 0.4655188024044037}, "26": {"x": 0.2413451373577118, "y": 0.7216360569000244, "z": 0.25455963611602783, "vis": 0.09795869141817093}, "27": {"x": 0.2547648549079895, "y": 0.6467887759208679, "z": 0.12347685545682907, "vis": 0.4488706588745117}, "28": {"x": 0.2500181794166565, "y": 0.6415613889694214, "z": 0.3288418650627136, "vis": 0.24694612622261047}, "29": {"x": 0.2479296624660492, "y": 0.6365528106689453, "z": 0.13723187148571014, "vis": 0.6754904389381409}, "30": {"x": 0.25045648217201233, "y": 0.6272454261779785, "z": 0.33951249718666077, "vis": 0.4373140037059784}, "31": {"x": 0.2554346024990082, "y": 0.627663254737854, "z": 0.1604580581188202, "vis": 0.6229378581047058}, "32": {"x": 0.25903791189193726, "y": 0.6162018775939941, "z": 0.36517706513404846, "vis": 0.3837601840496063}}