{"0": {"x": 0.22977854311466217, "y": 1.0128321647644043, "z": -0.05021495744585991, "vis": 0.9991973042488098}, "1": {"x": 0.22890715301036835, "y": 1.0181808471679688, "z": -0.07828997820615768, "vis": 0.9993574023246765}, "2": {"x": 0.23163780570030212, "y": 1.0179420709609985, "z": -0.07830051332712173, "vis": 0.9993457198143005}, "3": {"x": 0.23435156047344208, "y": 1.0176199674606323, "z": -0.07830769568681717, "vis": 0.9992632269859314}, "4": {"x": 0.22067613899707794, "y": 1.0169638395309448, "z": -0.07376379519701004, "vis": 0.9992915391921997}, "5": {"x": 0.21794648468494415, "y": 1.0159289836883545, "z": -0.07381925731897354, "vis": 0.9991982579231262}, "6": {"x": 0.21516570448875427, "y": 1.01488196849823, "z": -0.07387977093458176, "vis": 0.9990623593330383}, "7": {"x": 0.23942095041275024, "y": 1.0030763149261475, "z": -0.149246945977211, "vis": 0.998895525932312}, "8": {"x": 0.2108066976070404, "y": 0.997503936290741, "z": -0.1288091242313385, "vis": 0.9991775155067444}, "9": {"x": 0.23428641259670258, "y": 0.997653067111969, "z": -0.06738206744194031, "vis": 0.9985087513923645}, "10": {"x": 0.22588129341602325, "y": 0.9935305118560791, "z": -0.06135142222046852, "vis": 0.998889148235321}, "11": {"x": 0.2727065682411194, "y": 0.938086986541748, "z": -0.16342467069625854, "vis": 0.9998637437820435}, "12": {"x": 0.19637976586818695, "y": 0.9248805642127991, "z": -0.09559351205825806, "vis": 0.9995380640029907}, "13": {"x": 0.3175123333930969, "y": 0.8746421933174133, "z": -0.10395742207765579, "vis": 0.8230022192001343}, "14": {"x": 0.19265532493591309, "y": 0.8870971202850342, "z": 0.05416150391101837, "vis": 0.13695767521858215}, "15": {"x": 0.295160174369812, "y": 0.9650450944900513, "z": -0.05110516771674156, "vis": 0.7087529897689819}, "16": {"x": 0.21329036355018616, "y": 0.9804865121841431, "z": 0.20776525139808655, "vis": 0.1297871172428131}, "17": {"x": 0.29260292649269104, "y": 0.9805899262428284, "z": -0.0626060739159584, "vis": 0.7637407183647156}, "18": {"x": 0.21266576647758484, "y": 0.989773154258728, "z": 0.22395363450050354, "vis": 0.2087131291627884}, "19": {"x": 0.28017204999923706, "y": 0.9814307689666748, "z": -0.07091936469078064, "vis": 0.7766244411468506}, "20": {"x": 0.22013325989246368, "y": 0.9917248487472534, "z": 0.21112865209579468, "vis": 0.2076587975025177}, "21": {"x": 0.27940234541893005, "y": 0.9773962497711182, "z": -0.053444840013980865, "vis": 0.7327534556388855}, "22": {"x": 0.22497622668743134, "y": 0.9897024631500244, "z": 0.2068084478378296, "vis": 0.20586495101451874}, "23": {"x": 0.2717994153499603, "y": 0.7188612818717957, "z": -0.02614397369325161, "vis": 0.9999902248382568}, "24": {"x": 0.23018282651901245, "y": 0.7143541574478149, "z": 0.025830935686826706, "vis": 0.9999784231185913}, "25": {"x": 0.2858332395553589, "y": 0.7273792624473572, "z": 0.21999263763427734, "vis": 0.3038901388645172}, "26": {"x": 0.23493842780590057, "y": 0.7459848523139954, "z": 0.3029608428478241, "vis": 0.0502675361931324}, "27": {"x": 0.2657530903816223, "y": 0.6353711485862732, "z": 0.2910500764846802, "vis": 0.6345896124839783}, "28": {"x": 0.25159841775894165, "y": 0.656701385974884, "z": 0.3965960144996643, "vis": 0.36353600025177}, "29": {"x": 0.25786682963371277, "y": 0.6163626313209534, "z": 0.3044111132621765, "vis": 0.8224889636039734}, "30": {"x": 0.2536034882068634, "y": 0.625766396522522, "z": 0.409469336271286, "vis": 0.6026107668876648}, "31": {"x": 0.26499828696250916, "y": 0.6212471127510071, "z": 0.3408774733543396, "vis": 0.5707252621650696}, "32": {"x": 0.25819072127342224, "y": 0.6338214874267578, "z": 0.4404561221599579, "vis": 0.29899075627326965}}