{"0": {"x": 0.21708448231220245, "y": 0.3065447509288788, "z": 0.0790952518582344, "vis": 0.9984740614891052}, "1": {"x": 0.21056023240089417, "y": 0.28982508182525635, "z": 0.05232227221131325, "vis": 0.9989750385284424}, "2": {"x": 0.20700527727603912, "y": 0.29021480679512024, "z": 0.05225542560219765, "vis": 0.9987967014312744}, "3": {"x": 0.20337998867034912, "y": 0.2910107970237732, "z": 0.05214812234044075, "vis": 0.9990099668502808}, "4": {"x": 0.22044737637043, "y": 0.29038411378860474, "z": 0.05239715054631233, "vis": 0.9985711574554443}, "5": {"x": 0.22332188487052917, "y": 0.29094281792640686, "z": 0.05244317650794983, "vis": 0.9981077909469604}, "6": {"x": 0.22609518468379974, "y": 0.29165127873420715, "z": 0.05233021080493927, "vis": 0.9982191920280457}, "7": {"x": 0.19881534576416016, "y": 0.30426710844039917, "z": -0.0447637140750885, "vis": 0.9993199110031128}, "8": {"x": 0.23078039288520813, "y": 0.30361220240592957, "z": -0.04608399420976639, "vis": 0.9989639520645142}, "9": {"x": 0.21250417828559875, "y": 0.32699817419052124, "z": 0.049970436841249466, "vis": 0.9987878203392029}, "10": {"x": 0.22232674062252045, "y": 0.32694733142852783, "z": 0.04984967038035393, "vis": 0.9985118508338928}, "11": {"x": 0.16692040860652924, "y": 0.4473875164985657, "z": -0.09091583639383316, "vis": 0.9995757937431335}, "12": {"x": 0.26783961057662964, "y": 0.42238643765449524, "z": -0.08574826270341873, "vis": 0.9991394281387329}, "13": {"x": 0.15462327003479004, "y": 0.6305676698684692, "z": -0.09170207381248474, "vis": 0.9620062708854675}, "14": {"x": 0.2881796956062317, "y": 0.5879523754119873, "z": -0.05250068008899689, "vis": 0.9321408867835999}, "15": {"x": 0.17493249475955963, "y": 0.7394115328788757, "z": -0.031519338488578796, "vis": 0.4291403889656067}, "16": {"x": 0.2913653254508972, "y": 0.7034379839897156, "z": 0.04812486469745636, "vis": 0.6215083599090576}, "17": {"x": 0.17535614967346191, "y": 0.7842696905136108, "z": -0.028477314859628677, "vis": 0.266732394695282}, "18": {"x": 0.2930251359939575, "y": 0.7332227826118469, "z": 0.06032644212245941, "vis": 0.46525484323501587}, "19": {"x": 0.17795220017433167, "y": 0.7815409898757935, "z": -0.02668101154267788, "vis": 0.25311362743377686}, "20": {"x": 0.2844942808151245, "y": 0.7326539754867554, "z": 0.060479141771793365, "vis": 0.4419136345386505}, "21": {"x": 0.17778080701828003, "y": 0.7709854245185852, "z": -0.03011501021683216, "vis": 0.25662294030189514}, "22": {"x": 0.28126633167266846, "y": 0.7227480411529541, "z": 0.04944615811109543, "vis": 0.41580259799957275}, "23": {"x": 0.20420704782009125, "y": 0.6983925104141235, "z": -0.009274354204535484, "vis": 0.9993335604667664}, "24": {"x": 0.2579413056373596, "y": 0.687574565410614, "z": 0.009203529916703701, "vis": 0.9978389143943787}, "25": {"x": 0.20048819482326508, "y": 0.8661276698112488, "z": 0.10229412466287613, "vis": 0.7642537355422974}, "26": {"x": 0.2580670118331909, "y": 0.8637940883636475, "z": 0.1390227973461151, "vis": 0.5540918111801147}, "27": {"x": 0.21228322386741638, "y": 1.0355039834976196, "z": 0.22639521956443787, "vis": 0.6114919781684875}, "28": {"x": 0.2685762643814087, "y": 1.0277513265609741, "z": 0.2528955340385437, "vis": 0.40701407194137573}, "29": {"x": 0.2175668627023697, "y": 1.0749289989471436, "z": 0.23847493529319763, "vis": 0.6892778277397156}, "30": {"x": 0.268592894077301, "y": 1.0617679357528687, "z": 0.265562504529953, "vis": 0.5374477505683899}, "31": {"x": 0.20644736289978027, "y": 1.0286132097244263, "z": 0.238427996635437, "vis": 0.3901885747909546}, "32": {"x": 0.27512744069099426, "y": 1.035069227218628, "z": 0.2596645951271057, "vis": 0.20182155072689056}}