{"0": {"x": 0.2772001624107361, "y": 0.39862868189811707, "z": -0.01782798580825329, "vis": 0.9967597126960754}, "1": {"x": 0.2774519622325897, "y": 0.37824615836143494, "z": -0.011024490930140018, "vis": 0.9979044198989868}, "2": {"x": 0.27638620138168335, "y": 0.37634071707725525, "z": -0.01110826339572668, "vis": 0.9971663355827332}, "3": {"x": 0.27524781227111816, "y": 0.3741343915462494, "z": -0.011217327788472176, "vis": 0.9981860518455505}, "4": {"x": 0.2774367034435272, "y": 0.3785105049610138, "z": -0.037022266536951065, "vis": 0.9974295496940613}, "5": {"x": 0.27634695172309875, "y": 0.3769950866699219, "z": -0.03701513633131981, "vis": 0.9961591958999634}, "6": {"x": 0.2751305103302002, "y": 0.375173419713974, "z": -0.03704407811164856, "vis": 0.9973471164703369}, "7": {"x": 0.2589302957057953, "y": 0.3631760776042938, "z": 0.021421261131763458, "vis": 0.9969080090522766}, "8": {"x": 0.25992551445961, "y": 0.36553287506103516, "z": -0.09746834635734558, "vis": 0.9975696206092834}, "9": {"x": 0.2679186165332794, "y": 0.4094061255455017, "z": -0.0015149766113609076, "vis": 0.9962992072105408}, "10": {"x": 0.2670874297618866, "y": 0.4088018238544464, "z": -0.035787370055913925, "vis": 0.9975691437721252}, "11": {"x": 0.20337677001953125, "y": 0.4375462234020233, "z": 0.07079283893108368, "vis": 0.9988766312599182}, "12": {"x": 0.23857510089874268, "y": 0.44622498750686646, "z": -0.14484667778015137, "vis": 0.9998674392700195}, "13": {"x": 0.1875464767217636, "y": 0.5890787243843079, "z": 0.08246610313653946, "vis": 0.022983815521001816}, "14": {"x": 0.24704509973526, "y": 0.6238599419593811, "z": -0.14101335406303406, "vis": 0.960247278213501}, "15": {"x": 0.21915356814861298, "y": 0.688258171081543, "z": 0.061406102031469345, "vis": 0.03135423734784126}, "16": {"x": 0.2835099697113037, "y": 0.752988874912262, "z": -0.07394012063741684, "vis": 0.8971970677375793}, "17": {"x": 0.2260642945766449, "y": 0.7096801400184631, "z": 0.06055891513824463, "vis": 0.045599814504384995}, "18": {"x": 0.3015417456626892, "y": 0.7868943214416504, "z": -0.08635982871055603, "vis": 0.8703526854515076}, "19": {"x": 0.2318541556596756, "y": 0.7055959701538086, "z": 0.045025765895843506, "vis": 0.04487042874097824}, "20": {"x": 0.30699536204338074, "y": 0.7802111506462097, "z": -0.07594885677099228, "vis": 0.8637022376060486}, "21": {"x": 0.22975187003612518, "y": 0.7006921172142029, "z": 0.053242430090904236, "vis": 0.045079510658979416}, "22": {"x": 0.2982197701931, "y": 0.7594437599182129, "z": -0.06806962192058563, "vis": 0.8217634558677673}, "23": {"x": 0.18441087007522583, "y": 0.7126820683479309, "z": 0.05885807424783707, "vis": 0.96332186460495}, "24": {"x": 0.2170543670654297, "y": 0.71938157081604, "z": -0.05890905484557152, "vis": 0.9762657284736633}, "25": {"x": 0.18015137314796448, "y": 0.8963420391082764, "z": 0.11451135575771332, "vis": 0.05268431454896927}, "26": {"x": 0.222421795129776, "y": 0.9176511168479919, "z": -0.007503607776015997, "vis": 0.20268745720386505}, "27": {"x": 0.18326297402381897, "y": 1.0803663730621338, "z": 0.19351601600646973, "vis": 0.02877248451113701}, "28": {"x": 0.212717205286026, "y": 1.0991010665893555, "z": 0.07888910174369812, "vis": 0.14369603991508484}, "29": {"x": 0.17435994744300842, "y": 1.1111090183258057, "z": 0.1981661468744278, "vis": 0.06800733506679535}, "30": {"x": 0.20229250192642212, "y": 1.1297836303710938, "z": 0.08716200292110443, "vis": 0.17712660133838654}, "31": {"x": 0.20657199621200562, "y": 1.1135129928588867, "z": 0.17091481387615204, "vis": 0.04654821380972862}, "32": {"x": 0.24073413014411926, "y": 1.13071870803833, "z": 0.05648699402809143, "vis": 0.11805129796266556}}