{"0": {"x": 0.24854014813899994, "y": 0.42078089714050293, "z": 0.2821458578109741, "vis": 0.9990641474723816}, "1": {"x": 0.24380528926849365, "y": 0.4089335799217224, "z": 0.268453985452652, "vis": 0.9993594288825989}, "2": {"x": 0.24042807519435883, "y": 0.4090389311313629, "z": 0.26836711168289185, "vis": 0.9993962049484253}, "3": {"x": 0.2372622936964035, "y": 0.40939170122146606, "z": 0.2682427167892456, "vis": 0.9995063543319702}, "4": {"x": 0.2536461353302002, "y": 0.40992119908332825, "z": 0.26529720425605774, "vis": 0.9992146492004395}, "5": {"x": 0.2565244734287262, "y": 0.4106748700141907, "z": 0.26535138487815857, "vis": 0.999183714389801}, "6": {"x": 0.2593126595020294, "y": 0.41160848736763, "z": 0.26527100801467896, "vis": 0.9992450475692749}, "7": {"x": 0.23363611102104187, "y": 0.4180794358253479, "z": 0.19047078490257263, "vis": 0.999462902545929}, "8": {"x": 0.26249635219573975, "y": 0.4213544726371765, "z": 0.1753907948732376, "vis": 0.9988981485366821}, "9": {"x": 0.24416996538639069, "y": 0.43319612741470337, "z": 0.2553974986076355, "vis": 0.9978094696998596}, "10": {"x": 0.25342699885368347, "y": 0.4336305856704712, "z": 0.2512046992778778, "vis": 0.9972625970840454}, "11": {"x": 0.20000268518924713, "y": 0.5110372304916382, "z": 0.1439235657453537, "vis": 0.996690034866333}, "12": {"x": 0.28662946820259094, "y": 0.5044728517532349, "z": 0.09582451730966568, "vis": 0.9983324408531189}, "13": {"x": 0.20928849279880524, "y": 0.6237645149230957, "z": 0.1386796534061432, "vis": 0.021900685504078865}, "14": {"x": 0.29073745012283325, "y": 0.6239365935325623, "z": 0.047625582665205, "vis": 0.21840085089206696}, "15": {"x": 0.23552405834197998, "y": 0.6792187690734863, "z": 0.17321035265922546, "vis": 0.012191790156066418}, "16": {"x": 0.2750476598739624, "y": 0.6643779873847961, "z": 0.004283099435269833, "vis": 0.04982100799679756}, "17": {"x": 0.23819242417812347, "y": 0.6918485760688782, "z": 0.1727066934108734, "vis": 0.01750211790204048}, "18": {"x": 0.27544865012168884, "y": 0.6755967140197754, "z": -0.0067265830002725124, "vis": 0.06807772815227509}, "19": {"x": 0.2442989945411682, "y": 0.6866136789321899, "z": 0.17229360342025757, "vis": 0.017126863822340965}, "20": {"x": 0.27153685688972473, "y": 0.6675041913986206, "z": -0.003033069195225835, "vis": 0.06558037549257278}, "21": {"x": 0.24535328149795532, "y": 0.6806649565696716, "z": 0.17268115282058716, "vis": 0.018653852865099907}, "22": {"x": 0.26893502473831177, "y": 0.6624788045883179, "z": 0.003798957448452711, "vis": 0.06737489253282547}, "23": {"x": 0.20340260863304138, "y": 0.7024559378623962, "z": 0.013542517088353634, "vis": 0.9995531439781189}, "24": {"x": 0.2634868323802948, "y": 0.7006391286849976, "z": -0.013621707446873188, "vis": 0.999220609664917}, "25": {"x": 0.14982165396213531, "y": 0.8056952953338623, "z": 0.0188745204359293, "vis": 0.9749814867973328}, "26": {"x": 0.31473422050476074, "y": 0.8075294494628906, "z": 0.09285716712474823, "vis": 0.9266539216041565}, "27": {"x": 0.09614180028438568, "y": 0.9553623795509338, "z": -0.03688749298453331, "vis": 0.9625301361083984}, "28": {"x": 0.3496764302253723, "y": 0.968431830406189, "z": 0.05332294479012489, "vis": 0.9310516715049744}, "29": {"x": 0.09321241825819016, "y": 0.9828240871429443, "z": -0.04321841895580292, "vis": 0.9714906215667725}, "30": {"x": 0.34427714347839355, "y": 0.9856753349304199, "z": 0.04966825246810913, "vis": 0.9314372539520264}, "31": {"x": 0.08826905488967896, "y": 0.9548510909080505, "z": -0.051645904779434204, "vis": 0.8301331996917725}, "32": {"x": 0.36537760496139526, "y": 0.9791839718818665, "z": 0.055834852159023285, "vis": 0.7282384634017944}}