{"0": {"x": 0.25035712122917175, "y": 0.2634449303150177, "z": 0.06677261739969254, "vis": 0.9986559152603149}, "1": {"x": 0.24527908861637115, "y": 0.24682670831680298, "z": 0.03508054465055466, "vis": 0.998845100402832}, "2": {"x": 0.24187840521335602, "y": 0.2476542890071869, "z": 0.03503129258751869, "vis": 0.9987955093383789}, "3": {"x": 0.2384151965379715, "y": 0.2489059865474701, "z": 0.03496403992176056, "vis": 0.9987853169441223}, "4": {"x": 0.2549175024032593, "y": 0.2472420632839203, "z": 0.038311783224344254, "vis": 0.9986327290534973}, "5": {"x": 0.2580778896808624, "y": 0.2479984313249588, "z": 0.03831726685166359, "vis": 0.998524010181427}, "6": {"x": 0.26132357120513916, "y": 0.2489568293094635, "z": 0.03820359334349632, "vis": 0.9984857439994812}, "7": {"x": 0.2351842075586319, "y": 0.2624506950378418, "z": -0.07336004078388214, "vis": 0.9992606043815613}, "8": {"x": 0.2662997245788574, "y": 0.26176372170448303, "z": -0.059345394372940063, "vis": 0.9992260932922363}, "9": {"x": 0.2469293773174286, "y": 0.284423291683197, "z": 0.034264225512742996, "vis": 0.9992365837097168}, "10": {"x": 0.25688600540161133, "y": 0.28440389037132263, "z": 0.03852240741252899, "vis": 0.9992448091506958}, "11": {"x": 0.20109666883945465, "y": 0.3880241811275482, "z": -0.11274527758359909, "vis": 0.9996585845947266}, "12": {"x": 0.30029621720314026, "y": 0.3727281093597412, "z": -0.08717350661754608, "vis": 0.9996191263198853}, "13": {"x": 0.19289140403270721, "y": 0.5399291515350342, "z": -0.09508304297924042, "vis": 0.9612499475479126}, "14": {"x": 0.32145988941192627, "y": 0.5271213054656982, "z": -0.02574724517762661, "vis": 0.9116981029510498}, "15": {"x": 0.18399567902088165, "y": 0.6743505597114563, "z": -0.020057469606399536, "vis": 0.7042258977890015}, "16": {"x": 0.31915000081062317, "y": 0.6321454048156738, "z": 0.09599016606807709, "vis": 0.5450154542922974}, "17": {"x": 0.18221515417099, "y": 0.7033374905586243, "z": -0.0216936394572258, "vis": 0.5630699992179871}, "18": {"x": 0.3222315013408661, "y": 0.6580203771591187, "z": 0.10758110135793686, "vis": 0.43618106842041016}, "19": {"x": 0.18882207572460175, "y": 0.6973613500595093, "z": -0.020912110805511475, "vis": 0.5413215160369873}, "20": {"x": 0.3127422332763672, "y": 0.6518629193305969, "z": 0.10325760394334793, "vis": 0.4151672124862671}, "21": {"x": 0.19134899973869324, "y": 0.6875796914100647, "z": -0.018442988395690918, "vis": 0.4860857427120209}, "22": {"x": 0.30920493602752686, "y": 0.6409687995910645, "z": 0.09653271734714508, "vis": 0.40509623289108276}, "23": {"x": 0.22145603597164154, "y": 0.6521021127700806, "z": -0.0065687852911651134, "vis": 0.9995096921920776}, "24": {"x": 0.2772321403026581, "y": 0.6448426842689514, "z": 0.006333223078399897, "vis": 0.9990066885948181}, "25": {"x": 0.22580331563949585, "y": 0.8363173604011536, "z": 0.12742580473423004, "vis": 0.6628223657608032}, "26": {"x": 0.28123801946640015, "y": 0.8302286863327026, "z": 0.15769100189208984, "vis": 0.6028740406036377}, "27": {"x": 0.22875529527664185, "y": 0.9870753288269043, "z": 0.26710614562034607, "vis": 0.568955659866333}, "28": {"x": 0.2843485176563263, "y": 0.9806814193725586, "z": 0.29477307200431824, "vis": 0.40453606843948364}, "29": {"x": 0.2376115471124649, "y": 1.0440053939819336, "z": 0.28077432513237, "vis": 0.6855825781822205}, "30": {"x": 0.2833862602710724, "y": 0.990350604057312, "z": 0.31010133028030396, "vis": 0.6232458353042603}, "31": {"x": 0.22945882380008698, "y": 0.9723944664001465, "z": 0.2743416726589203, "vis": 0.36865004897117615}, "32": {"x": 0.28403931856155396, "y": 0.9679888486862183, "z": 0.3010280728340149, "vis": 0.21909180283546448}}