{"0": {"x": 0.27951496839523315, "y": 0.4461430311203003, "z": 0.336923748254776, "vis": 0.9959698915481567}, "1": {"x": 0.2753266394138336, "y": 0.43426185846328735, "z": 0.33050286769866943, "vis": 0.9969549179077148}, "2": {"x": 0.2731311023235321, "y": 0.43425101041793823, "z": 0.33051156997680664, "vis": 0.9968872666358948}, "3": {"x": 0.27090927958488464, "y": 0.4342888295650482, "z": 0.33040955662727356, "vis": 0.9979360103607178}, "4": {"x": 0.2818599045276642, "y": 0.43551868200302124, "z": 0.3293057084083557, "vis": 0.9945152401924133}, "5": {"x": 0.2839297950267792, "y": 0.436339408159256, "z": 0.3293544054031372, "vis": 0.9932204484939575}, "6": {"x": 0.286038875579834, "y": 0.4372110664844513, "z": 0.3292612135410309, "vis": 0.9948315024375916}, "7": {"x": 0.2563992738723755, "y": 0.48366621136665344, "z": 0.2621730864048004, "vis": 0.9975036978721619}, "8": {"x": 0.2922162711620331, "y": 0.4792967438697815, "z": 0.25542208552360535, "vis": 0.9941920638084412}, "9": {"x": 0.27660053968429565, "y": 0.46150150895118713, "z": 0.3123537600040436, "vis": 0.9929832220077515}, "10": {"x": 0.28073009848594666, "y": 0.48921918869018555, "z": 0.3105089068412781, "vis": 0.9922083020210266}, "11": {"x": 0.2343807816505432, "y": 0.5616279244422913, "z": 0.18365615606307983, "vis": 0.9994640946388245}, "12": {"x": 0.3133969008922577, "y": 0.5595262050628662, "z": 0.1728588491678238, "vis": 0.996353268623352}, "13": {"x": 0.2186030149459839, "y": 0.7043123245239258, "z": 0.162983238697052, "vis": 0.31650444865226746}, "14": {"x": 0.3137385845184326, "y": 0.6837934255599976, "z": 0.1520320624113083, "vis": 0.11862777918577194}, "15": {"x": 0.21962471306324005, "y": 0.8295487761497498, "z": 0.19219407439231873, "vis": 0.09410908073186874}, "16": {"x": 0.30536144971847534, "y": 0.7843353748321533, "z": 0.18545623123645782, "vis": 0.028843404725193977}, "17": {"x": 0.21856200695037842, "y": 0.8606113791465759, "z": 0.18534952402114868, "vis": 0.08005053550004959}, "18": {"x": 0.3050900101661682, "y": 0.800265908241272, "z": 0.18932777643203735, "vis": 0.024999594315886497}, "19": {"x": 0.2235073745250702, "y": 0.8622052073478699, "z": 0.19737938046455383, "vis": 0.07221461087465286}, "20": {"x": 0.297039657831192, "y": 0.7978845834732056, "z": 0.18537145853042603, "vis": 0.022332312539219856}, "21": {"x": 0.22562071681022644, "y": 0.8511502742767334, "z": 0.1952929049730301, "vis": 0.0754966139793396}, "22": {"x": 0.29229456186294556, "y": 0.7904145121574402, "z": 0.1832120418548584, "vis": 0.025500239804387093}, "23": {"x": 0.23274990916252136, "y": 0.7367281913757324, "z": 0.006965809967368841, "vis": 0.999854564666748}, "24": {"x": 0.28731733560562134, "y": 0.7388334274291992, "z": -0.007294865325093269, "vis": 0.9991249442100525}, "25": {"x": 0.2283773571252823, "y": 0.8727772831916809, "z": 0.1264268457889557, "vis": 0.750819206237793}, "26": {"x": 0.30152302980422974, "y": 0.8690260052680969, "z": 0.11174699664115906, "vis": 0.46635255217552185}, "27": {"x": 0.22028806805610657, "y": 0.9861820936203003, "z": 0.1526421457529068, "vis": 0.8002464175224304}, "28": {"x": 0.30483385920524597, "y": 0.9836081266403198, "z": 0.1468084156513214, "vis": 0.5065832138061523}, "29": {"x": 0.22003501653671265, "y": 0.9977633953094482, "z": 0.15113049745559692, "vis": 0.8134652972221375}, "30": {"x": 0.29992252588272095, "y": 0.9918282628059387, "z": 0.14955703914165497, "vis": 0.6034622192382812}, "31": {"x": 0.2212534248828888, "y": 0.9756585359573364, "z": 0.12937870621681213, "vis": 0.27848583459854126}, "32": {"x": 0.3076991140842438, "y": 0.9722225666046143, "z": 0.1300877183675766, "vis": 0.17851845920085907}}