{"0": {"x": 0.09740954637527466, "y": 0.4573264420032501, "z": 0.014475236646831036, "vis": 0.9999611377716064}, "1": {"x": 0.09981909394264221, "y": 0.4473888576030731, "z": 0.0010965857654809952, "vis": 0.9999605417251587}, "2": {"x": 0.10050129145383835, "y": 0.44734615087509155, "z": 0.0010934887686744332, "vis": 0.9999545812606812}, "3": {"x": 0.10121537744998932, "y": 0.4473937749862671, "z": 0.0011126571334898472, "vis": 0.9999651908874512}, "4": {"x": 0.09969925880432129, "y": 0.4471229910850525, "z": 0.019824836403131485, "vis": 0.9999485015869141}, "5": {"x": 0.10020741075277328, "y": 0.4468132555484772, "z": 0.01983516477048397, "vis": 0.999933123588562}, "6": {"x": 0.10076387226581573, "y": 0.4464287757873535, "z": 0.01982831582427025, "vis": 0.9999501705169678}, "7": {"x": 0.1086365208029747, "y": 0.45177850127220154, "z": -0.03993390128016472, "vis": 0.9999532699584961}, "8": {"x": 0.11032480746507645, "y": 0.4492047429084778, "z": 0.042522966861724854, "vis": 0.9999079704284668}, "9": {"x": 0.1008027046918869, "y": 0.4682484567165375, "z": 0.0012772921472787857, "vis": 0.9999442100524902}, "10": {"x": 0.10056190192699432, "y": 0.46807241439819336, "z": 0.02528906986117363, "vis": 0.9999040365219116}, "11": {"x": 0.11559990793466568, "y": 0.5054232478141785, "z": -0.09733301401138306, "vis": 0.999991774559021}, "12": {"x": 0.1297532021999359, "y": 0.5060900449752808, "z": 0.09662347286939621, "vis": 0.9998168349266052}, "13": {"x": 0.1219559907913208, "y": 0.5848962068557739, "z": -0.12661172449588776, "vis": 0.996084451675415}, "14": {"x": 0.13075140118598938, "y": 0.5852034687995911, "z": 0.1193210706114769, "vis": 0.06407701224088669}, "15": {"x": 0.09092023968696594, "y": 0.6229841709136963, "z": -0.0970180481672287, "vis": 0.9936603903770447}, "16": {"x": 0.10422636568546295, "y": 0.6175137758255005, "z": 0.09303440898656845, "vis": 0.11624374240636826}, "17": {"x": 0.08153287321329117, "y": 0.6396551728248596, "z": -0.11129197478294373, "vis": 0.987068772315979}, "18": {"x": 0.09285249561071396, "y": 0.6358761787414551, "z": 0.09561751037836075, "vis": 0.13484898209571838}, "19": {"x": 0.07952375710010529, "y": 0.627950131893158, "z": -0.10121740400791168, "vis": 0.9857096672058105}, "20": {"x": 0.09438595920801163, "y": 0.6255465149879456, "z": 0.07909244298934937, "vis": 0.13591095805168152}, "21": {"x": 0.08188091218471527, "y": 0.6227707862854004, "z": -0.09085970371961594, "vis": 0.9739192724227905}, "22": {"x": 0.09230992197990417, "y": 0.6304386854171753, "z": 0.08479657769203186, "vis": 0.14269772171974182}, "23": {"x": 0.12676599621772766, "y": 0.6634536981582642, "z": -0.06009312719106674, "vis": 0.9997639060020447}, "24": {"x": 0.1417422890663147, "y": 0.6647847294807434, "z": 0.060027945786714554, "vis": 0.9995166063308716}, "25": {"x": 0.09369081258773804, "y": 0.7461166977882385, "z": -0.04305172711610794, "vis": 0.9754472970962524}, "26": {"x": 0.14550690352916718, "y": 0.7722949981689453, "z": 0.08477096259593964, "vis": 0.7307252883911133}, "27": {"x": 0.09606367349624634, "y": 0.8520117998123169, "z": -0.02982253022491932, "vis": 0.9928788542747498}, "28": {"x": 0.18013766407966614, "y": 0.8630280494689941, "z": 0.07513852417469025, "vis": 0.9380688071250916}, "29": {"x": 0.09675365686416626, "y": 0.8697787523269653, "z": -0.028288841247558594, "vis": 0.9896832704544067}, "30": {"x": 0.18587371706962585, "y": 0.8746320009231567, "z": 0.07367753982543945, "vis": 0.9505069851875305}, "31": {"x": 0.07059448957443237, "y": 0.8880337476730347, "z": -0.03497912734746933, "vis": 0.9888627529144287}, "32": {"x": 0.16391433775424957, "y": 0.886680006980896, "z": 0.06789685040712357, "vis": 0.9223672151565552}}