{"0": {"x": 0.22619037330150604, "y": 0.4011523127555847, "z": 0.22738198935985565, "vis": 0.9990456700325012}, "1": {"x": 0.221363827586174, "y": 0.3868415951728821, "z": 0.2082955539226532, "vis": 0.9994845390319824}, "2": {"x": 0.2179705798625946, "y": 0.3859815001487732, "z": 0.20824627578258514, "vis": 0.9993300437927246}, "3": {"x": 0.2147568315267563, "y": 0.38572636246681213, "z": 0.20814453065395355, "vis": 0.9995903372764587}, "4": {"x": 0.22949689626693726, "y": 0.3890477418899536, "z": 0.20548419654369354, "vis": 0.9992683529853821}, "5": {"x": 0.23149751126766205, "y": 0.38942810893058777, "z": 0.20551806688308716, "vis": 0.998984158039093}, "6": {"x": 0.2333933413028717, "y": 0.38995057344436646, "z": 0.20546886324882507, "vis": 0.9993321299552917}, "7": {"x": 0.20905955135822296, "y": 0.39450693130493164, "z": 0.12288512289524078, "vis": 0.9994895458221436}, "8": {"x": 0.23424598574638367, "y": 0.39837461709976196, "z": 0.10996884852647781, "vis": 0.9989301562309265}, "9": {"x": 0.2206977903842926, "y": 0.4126264452934265, "z": 0.2001817524433136, "vis": 0.9985920786857605}, "10": {"x": 0.2292177528142929, "y": 0.41459205746650696, "z": 0.19653068482875824, "vis": 0.9981622099876404}, "11": {"x": 0.1720660924911499, "y": 0.486853688955307, "z": 0.0925363153219223, "vis": 0.9974461793899536}, "12": {"x": 0.25414788722991943, "y": 0.4863298535346985, "z": 0.04328920319676399, "vis": 0.9984906911849976}, "13": {"x": 0.16282591223716736, "y": 0.5960937142372131, "z": 0.1465619057416916, "vis": 0.0956808552145958}, "14": {"x": 0.2550063729286194, "y": 0.5971835851669312, "z": 0.08834126591682434, "vis": 0.4710861146450043}, "15": {"x": 0.1928683966398239, "y": 0.6120484471321106, "z": 0.24919340014457703, "vis": 0.009657338261604309}, "16": {"x": 0.24026477336883545, "y": 0.622042179107666, "z": 0.1778710037469864, "vis": 0.050324760377407074}, "17": {"x": 0.1982317864894867, "y": 0.6179439425468445, "z": 0.26377102732658386, "vis": 0.010403599590063095}, "18": {"x": 0.23753972351551056, "y": 0.6246162056922913, "z": 0.19246730208396912, "vis": 0.057420484721660614}, "19": {"x": 0.2052888125181198, "y": 0.612141489982605, "z": 0.2659028470516205, "vis": 0.009978056885302067}, "20": {"x": 0.23168477416038513, "y": 0.6138086915016174, "z": 0.19342179596424103, "vis": 0.05641591548919678}, "21": {"x": 0.20462949573993683, "y": 0.6084581017494202, "z": 0.2519230544567108, "vis": 0.012291289865970612}, "22": {"x": 0.23105427622795105, "y": 0.6109210252761841, "z": 0.18055713176727295, "vis": 0.05863983929157257}, "23": {"x": 0.17369478940963745, "y": 0.6736288070678711, "z": 0.01947859860956669, "vis": 0.998695433139801}, "24": {"x": 0.22750091552734375, "y": 0.6723193526268005, "z": -0.01952960342168808, "vis": 0.997724711894989}, "25": {"x": 0.15696196258068085, "y": 0.8060579299926758, "z": 0.018366672098636627, "vis": 0.8908406496047974}, "26": {"x": 0.27345073223114014, "y": 0.8050284385681152, "z": 0.04172086715698242, "vis": 0.8257304430007935}, "27": {"x": 0.1380683332681656, "y": 0.9701892137527466, "z": -0.03221236914396286, "vis": 0.8760740756988525}, "28": {"x": 0.29327821731567383, "y": 0.9647713303565979, "z": -0.0034700718242675066, "vis": 0.8467452526092529}, "29": {"x": 0.13066580891609192, "y": 0.9941703677177429, "z": -0.03699406236410141, "vis": 0.9036942720413208}, "30": {"x": 0.2879689633846283, "y": 0.9862362146377563, "z": -0.0064143771305680275, "vis": 0.8210894465446472}, "31": {"x": 0.1399192065000534, "y": 0.9802377223968506, "z": -0.046810850501060486, "vis": 0.572845458984375}, "32": {"x": 0.31301671266555786, "y": 0.9801534414291382, "z": -0.003926296718418598, "vis": 0.5510550141334534}}