{"0": {"x": 0.3085678219795227, "y": 0.6490965485572815, "z": 0.060843657702207565, "vis": 0.9966912269592285}, "1": {"x": 0.30428624153137207, "y": 0.6366469860076904, "z": 0.04094464331865311, "vis": 0.9971412420272827}, "2": {"x": 0.30126985907554626, "y": 0.6379177570343018, "z": 0.04090036079287529, "vis": 0.9963807463645935}, "3": {"x": 0.29824763536453247, "y": 0.6394624710083008, "z": 0.04084930568933487, "vis": 0.9976224303245544}, "4": {"x": 0.3138611316680908, "y": 0.6352106332778931, "z": 0.0431576669216156, "vis": 0.9967317581176758}, "5": {"x": 0.31680646538734436, "y": 0.6358211040496826, "z": 0.04316338524222374, "vis": 0.9960804581642151}, "6": {"x": 0.31990382075309753, "y": 0.636920690536499, "z": 0.04306511580944061, "vis": 0.9972323775291443}, "7": {"x": 0.29531794786453247, "y": 0.6512849926948547, "z": -0.02828175760805607, "vis": 0.9989230036735535}, "8": {"x": 0.3254030644893646, "y": 0.6504548788070679, "z": -0.016321728006005287, "vis": 0.9977352619171143}, "9": {"x": 0.3034667372703552, "y": 0.6651866436004639, "z": 0.04047335311770439, "vis": 0.9964922070503235}, "10": {"x": 0.31374502182006836, "y": 0.6664760112762451, "z": 0.04419756680727005, "vis": 0.9954476952552795}, "11": {"x": 0.2675848603248596, "y": 0.751176118850708, "z": -0.026667479425668716, "vis": 0.9981617331504822}, "12": {"x": 0.350369930267334, "y": 0.7577176094055176, "z": -0.05135408416390419, "vis": 0.9981815814971924}, "13": {"x": 0.27560436725616455, "y": 0.8668680787086487, "z": -0.007356205489486456, "vis": 0.06743896752595901}, "14": {"x": 0.34209176898002625, "y": 0.8729091286659241, "z": -0.053197216242551804, "vis": 0.023554231971502304}, "15": {"x": 0.28734591603279114, "y": 0.8893393278121948, "z": 0.024506963789463043, "vis": 0.03766552731394768}, "16": {"x": 0.31115779280662537, "y": 0.8901126980781555, "z": -0.05984042212367058, "vis": 0.007909491658210754}, "17": {"x": 0.2857735753059387, "y": 0.9015780687332153, "z": 0.020276453346014023, "vis": 0.04562569782137871}, "18": {"x": 0.30800896883010864, "y": 0.899188220500946, "z": -0.07164857536554337, "vis": 0.009553085081279278}, "19": {"x": 0.29251769185066223, "y": 0.8903118371963501, "z": 0.020603347569704056, "vis": 0.046751778572797775}, "20": {"x": 0.2997710108757019, "y": 0.8885895013809204, "z": -0.07671283930540085, "vis": 0.00989361573010683}, "21": {"x": 0.29640689492225647, "y": 0.8854900598526001, "z": 0.024583518505096436, "vis": 0.04279998689889908}, "22": {"x": 0.2970164716243744, "y": 0.8841065168380737, "z": -0.06439606100320816, "vis": 0.01121035311371088}, "23": {"x": 0.2746467888355255, "y": 0.978237509727478, "z": 0.020923588424921036, "vis": 0.9991464614868164}, "24": {"x": 0.328999787569046, "y": 0.9737639427185059, "z": -0.021030394360423088, "vis": 0.9989245533943176}, "25": {"x": 0.2615243196487427, "y": 0.9273302555084229, "z": 0.24475136399269104, "vis": 0.058747030794620514}, "26": {"x": 0.39622223377227783, "y": 0.9100167751312256, "z": 0.16973693668842316, "vis": 0.28224512934684753}, "27": {"x": 0.2551502585411072, "y": 0.9758798480033875, "z": 0.4078730344772339, "vis": 0.10622740536928177}, "28": {"x": 0.3462260365486145, "y": 0.9619755744934082, "z": 0.3593983054161072, "vis": 0.13371875882148743}, "29": {"x": 0.25338214635849, "y": 0.9935672879219055, "z": 0.4254549741744995, "vis": 0.12595263123512268}, "30": {"x": 0.3370632529258728, "y": 0.9768642783164978, "z": 0.3821291923522949, "vis": 0.24763061106204987}, "31": {"x": 0.25459930300712585, "y": 0.9494742751121521, "z": 0.4460844397544861, "vis": 0.06858976185321808}, "32": {"x": 0.3405535817146301, "y": 0.9609147310256958, "z": 0.4364398717880249, "vis": 0.10885844379663467}}