{"0": {"x": 0.30493777990341187, "y": 0.9029814600944519, "z": -0.1276443898677826, "vis": 0.999699592590332}, "1": {"x": 0.30553629994392395, "y": 0.9027288556098938, "z": -0.14127181470394135, "vis": 0.9998213648796082}, "2": {"x": 0.30586016178131104, "y": 0.9011557698249817, "z": -0.14127704501152039, "vis": 0.9997506737709045}, "3": {"x": 0.30621132254600525, "y": 0.9005504250526428, "z": -0.1413247436285019, "vis": 0.9997974038124084}, "4": {"x": 0.30432137846946716, "y": 0.9071473479270935, "z": -0.13319940865039825, "vis": 0.9997909665107727}, "5": {"x": 0.30269554257392883, "y": 0.9081007242202759, "z": -0.1332741677761078, "vis": 0.999717652797699}, "6": {"x": 0.30542853474617004, "y": 0.9058722853660583, "z": -0.13331806659698486, "vis": 0.9997543692588806}, "7": {"x": 0.30544519424438477, "y": 0.8849180936813354, "z": -0.15418590605258942, "vis": 0.9994553923606873}, "8": {"x": 0.29833507537841797, "y": 0.8888934254646301, "z": -0.11833633482456207, "vis": 0.9993664622306824}, "9": {"x": 0.3058066964149475, "y": 0.8922570943832397, "z": -0.12603603303432465, "vis": 0.9992805123329163}, "10": {"x": 0.3089594841003418, "y": 0.88200443983078, "z": -0.11570003628730774, "vis": 0.9993564486503601}, "11": {"x": 0.3185449540615082, "y": 0.8184730410575867, "z": -0.14061219990253448, "vis": 0.9995673298835754}, "12": {"x": 0.27423590421676636, "y": 0.8228542804718018, "z": -0.062324922531843185, "vis": 0.9990088939666748}, "13": {"x": 0.3498844802379608, "y": 0.8329135179519653, "z": -0.14811602234840393, "vis": 0.6795743703842163}, "14": {"x": 0.27725568413734436, "y": 0.833582878112793, "z": -0.00905897468328476, "vis": 0.2346285730600357}, "15": {"x": 0.35794830322265625, "y": 0.9372071027755737, "z": -0.1727782040834427, "vis": 0.779942512512207}, "16": {"x": 0.27328920364379883, "y": 0.9318302869796753, "z": -0.009755981154739857, "vis": 0.3753705620765686}, "17": {"x": 0.3642537295818329, "y": 0.9651285409927368, "z": -0.2016517072916031, "vis": 0.7623827457427979}, "18": {"x": 0.26632651686668396, "y": 0.9513028264045715, "z": -0.021281274035573006, "vis": 0.4319961369037628}, "19": {"x": 0.3471958339214325, "y": 0.9605814218521118, "z": -0.2069067507982254, "vis": 0.7622874975204468}, "20": {"x": 0.27460527420043945, "y": 0.9579955339431763, "z": -0.03719216212630272, "vis": 0.43799132108688354}, "21": {"x": 0.3436901867389679, "y": 0.953169584274292, "z": -0.17703941464424133, "vis": 0.70954430103302}, "22": {"x": 0.2787812054157257, "y": 0.951764702796936, "z": -0.016453241929411888, "vis": 0.4069810211658478}, "23": {"x": 0.31447920203208923, "y": 0.6231052875518799, "z": -0.028832891955971718, "vis": 0.9999420642852783}, "24": {"x": 0.2935817241668701, "y": 0.6412542462348938, "z": 0.028744466602802277, "vis": 0.9997891783714294}, "25": {"x": 0.34271490573883057, "y": 0.736260712146759, "z": -0.044048648327589035, "vis": 0.2513088285923004}, "26": {"x": 0.27838557958602905, "y": 0.7935552597045898, "z": 0.07553263008594513, "vis": 0.08827634900808334}, "27": {"x": 0.313777357339859, "y": 0.6978015303611755, "z": 0.1632837951183319, "vis": 0.061434853821992874}, "28": {"x": 0.2859371602535248, "y": 0.8203827738761902, "z": 0.22704407572746277, "vis": 0.06815597414970398}, "29": {"x": 0.30531659722328186, "y": 0.6868585348129272, "z": 0.18619216978549957, "vis": 0.09929386526346207}, "30": {"x": 0.28858935832977295, "y": 0.8137635588645935, "z": 0.24391841888427734, "vis": 0.09698201715946198}, "31": {"x": 0.3148898184299469, "y": 0.7097622156143188, "z": 0.20102240145206451, "vis": 0.13572001457214355}, "32": {"x": 0.28759899735450745, "y": 0.8596403002738953, "z": 0.25123727321624756, "vis": 0.143699511885643}}