{"0": {"x": 0.3103218674659729, "y": 0.6391733884811401, "z": 0.08519214391708374, "vis": 0.9993720650672913}, "1": {"x": 0.3057235777378082, "y": 0.6277663707733154, "z": 0.06687930226325989, "vis": 0.9994953870773315}, "2": {"x": 0.3026596009731293, "y": 0.6287099123001099, "z": 0.066850945353508, "vis": 0.9993046522140503}, "3": {"x": 0.29970791935920715, "y": 0.6298996210098267, "z": 0.06679603457450867, "vis": 0.9995192289352417}, "4": {"x": 0.3153056502342224, "y": 0.6263962388038635, "z": 0.06902575492858887, "vis": 0.9994661211967468}, "5": {"x": 0.3183661103248596, "y": 0.6267229914665222, "z": 0.06901030242443085, "vis": 0.9993360638618469}, "6": {"x": 0.32149791717529297, "y": 0.6272562146186829, "z": 0.0688912570476532, "vis": 0.9995580315589905}, "7": {"x": 0.2958453297615051, "y": 0.6411840915679932, "z": -0.0032144805882126093, "vis": 0.9997112154960632}, "8": {"x": 0.32669246196746826, "y": 0.6381169557571411, "z": 0.007848262786865234, "vis": 0.9995108842849731}, "9": {"x": 0.3047252893447876, "y": 0.6545339822769165, "z": 0.06364322453737259, "vis": 0.9990179538726807}, "10": {"x": 0.3158720135688782, "y": 0.6555908918380737, "z": 0.0671348050236702, "vis": 0.998753547668457}, "11": {"x": 0.2657271921634674, "y": 0.738797128200531, "z": -0.00425765011459589, "vis": 0.9989005327224731}, "12": {"x": 0.3497808873653412, "y": 0.7466779351234436, "z": -0.04248221591114998, "vis": 0.9995017051696777}, "13": {"x": 0.2752240002155304, "y": 0.8536432981491089, "z": 0.003350718878209591, "vis": 0.04202231764793396}, "14": {"x": 0.34215688705444336, "y": 0.8598251342773438, "z": -0.059683434665203094, "vis": 0.02924967370927334}, "15": {"x": 0.28939834237098694, "y": 0.893273651599884, "z": 0.03081832453608513, "vis": 0.018974939361214638}, "16": {"x": 0.32237645983695984, "y": 0.8951656222343445, "z": -0.08563527464866638, "vis": 0.008805226534605026}, "17": {"x": 0.2947319447994232, "y": 0.9016444683074951, "z": 0.02776838093996048, "vis": 0.02361644059419632}, "18": {"x": 0.31842491030693054, "y": 0.9089268445968628, "z": -0.09843629598617554, "vis": 0.01080093439668417}, "19": {"x": 0.30103692412376404, "y": 0.8914805054664612, "z": 0.02817414700984955, "vis": 0.024099579080939293}, "20": {"x": 0.3133489489555359, "y": 0.9001671075820923, "z": -0.10290821641683578, "vis": 0.011049835942685604}, "21": {"x": 0.30430713295936584, "y": 0.8858485817909241, "z": 0.03078366443514824, "vis": 0.02268890105187893}, "22": {"x": 0.31106701493263245, "y": 0.8940902948379517, "z": -0.09033703058958054, "vis": 0.012584207579493523}, "23": {"x": 0.27230995893478394, "y": 0.96892911195755, "z": 0.024272195994853973, "vis": 0.999758780002594}, "24": {"x": 0.3261183500289917, "y": 0.9673278331756592, "z": -0.024640368297696114, "vis": 0.9997915625572205}, "25": {"x": 0.25082650780677795, "y": 0.9090505838394165, "z": 0.2814334034919739, "vis": 0.10231832414865494}, "26": {"x": 0.3999570310115814, "y": 0.9000491499900818, "z": 0.16441889107227325, "vis": 0.4902551472187042}, "27": {"x": 0.24582836031913757, "y": 0.9765270948410034, "z": 0.3943069577217102, "vis": 0.16023576259613037}, "28": {"x": 0.3552165627479553, "y": 0.97865891456604, "z": 0.34097227454185486, "vis": 0.17658014595508575}, "29": {"x": 0.24514953792095184, "y": 0.9969117641448975, "z": 0.4077964425086975, "vis": 0.17880648374557495}, "30": {"x": 0.34437933564186096, "y": 0.9922138452529907, "z": 0.3635024130344391, "vis": 0.3072604835033417}, "31": {"x": 0.24267899990081787, "y": 0.9490301012992859, "z": 0.4411526322364807, "vis": 0.08838602155447006}, "32": {"x": 0.3530350625514984, "y": 0.9849019646644592, "z": 0.43640682101249695, "vis": 0.13244415819644928}}