{"0": {"x": 0.36657828092575073, "y": 0.314179003238678, "z": -0.07734134793281555, "vis": 0.9796645641326904}, "1": {"x": 0.3672773838043213, "y": 0.3072923421859741, "z": -0.08224859088659286, "vis": 0.9807302951812744}, "2": {"x": 0.36853277683258057, "y": 0.30682364106178284, "z": -0.08228772133588791, "vis": 0.9792681932449341}, "3": {"x": 0.3698204755783081, "y": 0.30614131689071655, "z": -0.08231237530708313, "vis": 0.9845245480537415}, "4": {"x": 0.36476320028305054, "y": 0.3072836399078369, "z": -0.06795591861009598, "vis": 0.9687105417251587}, "5": {"x": 0.3640572130680084, "y": 0.3068998456001282, "z": -0.06799241900444031, "vis": 0.9541226029396057}, "6": {"x": 0.36333543062210083, "y": 0.30626484751701355, "z": -0.06803108751773834, "vis": 0.964839518070221}, "7": {"x": 0.37654969096183777, "y": 0.30477505922317505, "z": -0.0737922266125679, "vis": 0.9722021222114563}, "8": {"x": 0.36867088079452515, "y": 0.3058805763721466, "z": -0.009283347055315971, "vis": 0.9139615893363953}, "9": {"x": 0.3707401752471924, "y": 0.3194226026535034, "z": -0.07161203026771545, "vis": 0.9635409712791443}, "10": {"x": 0.36754393577575684, "y": 0.3198504149913788, "z": -0.0531771294772625, "vis": 0.9285268783569336}, "11": {"x": 0.3918308615684509, "y": 0.3283596336841583, "z": -0.09930539131164551, "vis": 0.9986703395843506}, "12": {"x": 0.3734090030193329, "y": 0.33725684881210327, "z": 0.05709591507911682, "vis": 0.9910598397254944}, "13": {"x": 0.3697553277015686, "y": 0.3829402029514313, "z": -0.14282365143299103, "vis": 0.9501050114631653}, "14": {"x": 0.345251202583313, "y": 0.3680785894393921, "z": 0.06934649497270584, "vis": 0.3524492383003235}, "15": {"x": 0.33277180790901184, "y": 0.3882497251033783, "z": -0.15699899196624756, "vis": 0.8238623738288879}, "16": {"x": 0.32833626866340637, "y": 0.35418158769607544, "z": -0.012671354226768017, "vis": 0.4002758860588074}, "17": {"x": 0.32468175888061523, "y": 0.3903738260269165, "z": -0.17688195407390594, "vis": 0.7744635343551636}, "18": {"x": 0.322515606880188, "y": 0.35226011276245117, "z": -0.022136352956295013, "vis": 0.3960780203342438}, "19": {"x": 0.3244958519935608, "y": 0.3805043697357178, "z": -0.1735505908727646, "vis": 0.7775525450706482}, "20": {"x": 0.32416024804115295, "y": 0.3474065661430359, "z": -0.03522985056042671, "vis": 0.40938204526901245}, "21": {"x": 0.3279660940170288, "y": 0.380393385887146, "z": -0.15519705414772034, "vis": 0.6982494592666626}, "22": {"x": 0.3264511525630951, "y": 0.3493703603744507, "z": -0.021302416920661926, "vis": 0.42002347111701965}, "23": {"x": 0.3867851495742798, "y": 0.4561949372291565, "z": -0.05775241181254387, "vis": 0.9981670379638672}, "24": {"x": 0.3791836202144623, "y": 0.4571059048175812, "z": 0.05783862620592117, "vis": 0.9948248863220215}, "25": {"x": 0.3773024380207062, "y": 0.55633145570755, "z": -0.12570683658123016, "vis": 0.553416907787323}, "26": {"x": 0.3688330054283142, "y": 0.5457202196121216, "z": 0.05181185156106949, "vis": 0.1108839213848114}, "27": {"x": 0.3801279067993164, "y": 0.6790175437927246, "z": -0.14284831285476685, "vis": 0.8205040097236633}, "28": {"x": 0.3822038471698761, "y": 0.6530414819717407, "z": 0.10116393119096756, "vis": 0.17725494503974915}, "29": {"x": 0.3849864900112152, "y": 0.6935804486274719, "z": -0.14584679901599884, "vis": 0.8217630386352539}, "30": {"x": 0.3887406289577484, "y": 0.6673733592033386, "z": 0.10472766309976578, "vis": 0.3051045835018158}, "31": {"x": 0.35935404896736145, "y": 0.7138187885284424, "z": -0.20591223239898682, "vis": 0.8706488609313965}, "32": {"x": 0.36988288164138794, "y": 0.6862606406211853, "z": 0.06885375827550888, "vis": 0.3051632344722748}}