{"0": {"x": 0.26943305134773254, "y": 0.39397740364074707, "z": -0.002629093127325177, "vis": 0.9963562488555908}, "1": {"x": 0.26867493987083435, "y": 0.36938560009002686, "z": 0.0035716970451176167, "vis": 0.9973500967025757}, "2": {"x": 0.26721322536468506, "y": 0.3672022819519043, "z": 0.0034921467304229736, "vis": 0.9962635636329651}, "3": {"x": 0.26565682888031006, "y": 0.36477410793304443, "z": 0.00337510509416461, "vis": 0.9977236390113831}, "4": {"x": 0.26958152651786804, "y": 0.37016090750694275, "z": -0.02403150126338005, "vis": 0.9971075654029846}, "5": {"x": 0.2687910199165344, "y": 0.3686990439891815, "z": -0.024026434868574142, "vis": 0.9956008195877075}, "6": {"x": 0.26793771982192993, "y": 0.3670700490474701, "z": -0.024071328341960907, "vis": 0.997055172920227}, "7": {"x": 0.2487151175737381, "y": 0.35723501443862915, "z": 0.03273417428135872, "vis": 0.9957106113433838}, "8": {"x": 0.25340238213539124, "y": 0.3621063530445099, "z": -0.09277855604887009, "vis": 0.9970260262489319}, "9": {"x": 0.2601373493671417, "y": 0.40553852915763855, "z": 0.012952103279531002, "vis": 0.9954617619514465}, "10": {"x": 0.2605317533016205, "y": 0.4064682126045227, "z": -0.023280778899788857, "vis": 0.9969291090965271}, "11": {"x": 0.19264867901802063, "y": 0.4382864236831665, "z": 0.08381602168083191, "vis": 0.9985145926475525}, "12": {"x": 0.24664106965065002, "y": 0.45784205198287964, "z": -0.15097635984420776, "vis": 0.9998733997344971}, "13": {"x": 0.19298529624938965, "y": 0.5946792364120483, "z": 0.1008717492222786, "vis": 0.024930644780397415}, "14": {"x": 0.25297626852989197, "y": 0.6241588592529297, "z": -0.15951775014400482, "vis": 0.9658150672912598}, "15": {"x": 0.22752240300178528, "y": 0.7024043202400208, "z": 0.07738455384969711, "vis": 0.03410468250513077}, "16": {"x": 0.28429296612739563, "y": 0.7602514624595642, "z": -0.10164345055818558, "vis": 0.9064931869506836}, "17": {"x": 0.23538483679294586, "y": 0.7247948050498962, "z": 0.0788942277431488, "vis": 0.04884149506688118}, "18": {"x": 0.30197957158088684, "y": 0.8038506507873535, "z": -0.1161632388830185, "vis": 0.8670202493667603}, "19": {"x": 0.24203088879585266, "y": 0.7235026955604553, "z": 0.06089385226368904, "vis": 0.048861004412174225}, "20": {"x": 0.30452483892440796, "y": 0.7943126559257507, "z": -0.10358662903308868, "vis": 0.8589398860931396}, "21": {"x": 0.23948818445205688, "y": 0.71832275390625, "z": 0.06803927570581436, "vis": 0.05153176560997963}, "22": {"x": 0.2974192798137665, "y": 0.7770422697067261, "z": -0.09523245692253113, "vis": 0.8094402551651001}, "23": {"x": 0.17584872245788574, "y": 0.727085530757904, "z": 0.0647692084312439, "vis": 0.9583470225334167}, "24": {"x": 0.2108888328075409, "y": 0.7365770936012268, "z": -0.06487096101045609, "vis": 0.9710458517074585}, "25": {"x": 0.17675122618675232, "y": 0.9070174694061279, "z": 0.11718276143074036, "vis": 0.07011330127716064}, "26": {"x": 0.2265259325504303, "y": 0.9285777807235718, "z": -0.014449461363255978, "vis": 0.22995389997959137}, "27": {"x": 0.17804820835590363, "y": 1.092087745666504, "z": 0.1986905038356781, "vis": 0.038879334926605225}, "28": {"x": 0.22219499945640564, "y": 1.1137713193893433, "z": 0.07079058885574341, "vis": 0.16137640178203583}, "29": {"x": 0.17027054727077484, "y": 1.1229100227355957, "z": 0.20347130298614502, "vis": 0.07794298231601715}, "30": {"x": 0.21303202211856842, "y": 1.1441956758499146, "z": 0.0788126289844513, "vis": 0.17941385507583618}, "31": {"x": 0.2004825323820114, "y": 1.1242879629135132, "z": 0.17280007898807526, "vis": 0.0510442815721035}, "32": {"x": 0.2507884204387665, "y": 1.1469244956970215, "z": 0.04576899856328964, "vis": 0.1232052817940712}}