{"0": {"x": 0.23807275295257568, "y": 0.464118629693985, "z": 0.20773029327392578, "vis": 0.9985231757164001}, "1": {"x": 0.2331419289112091, "y": 0.4521072804927826, "z": 0.197456955909729, "vis": 0.9991405010223389}, "2": {"x": 0.22997842729091644, "y": 0.4520444869995117, "z": 0.19740183651447296, "vis": 0.9988521337509155}, "3": {"x": 0.22719940543174744, "y": 0.45259445905685425, "z": 0.19735687971115112, "vis": 0.9991592168807983}, "4": {"x": 0.24154894053936005, "y": 0.4519694149494171, "z": 0.1877097189426422, "vis": 0.9990905523300171}, "5": {"x": 0.24385005235671997, "y": 0.4517466127872467, "z": 0.18771499395370483, "vis": 0.998906135559082}, "6": {"x": 0.24606123566627502, "y": 0.45158451795578003, "z": 0.18762825429439545, "vis": 0.999220609664917}, "7": {"x": 0.22348587214946747, "y": 0.46083852648735046, "z": 0.14489145576953888, "vis": 0.9988040924072266}, "8": {"x": 0.24819138646125793, "y": 0.4579675793647766, "z": 0.1018679216504097, "vis": 0.998863935470581}, "9": {"x": 0.2328316569328308, "y": 0.4754928648471832, "z": 0.19100698828697205, "vis": 0.9977185726165771}, "10": {"x": 0.24211888015270233, "y": 0.47493284940719604, "z": 0.1786021590232849, "vis": 0.997651994228363}, "11": {"x": 0.1932549625635147, "y": 0.5371845364570618, "z": 0.16194915771484375, "vis": 0.9965270161628723}, "12": {"x": 0.2578553557395935, "y": 0.5222675800323486, "z": 0.011296075768768787, "vis": 0.9994875192642212}, "13": {"x": 0.21700744330883026, "y": 0.6403043866157532, "z": 0.22945496439933777, "vis": 0.02187897078692913}, "14": {"x": 0.2733013927936554, "y": 0.6280428171157837, "z": 0.04543384909629822, "vis": 0.7862959504127502}, "15": {"x": 0.2466878741979599, "y": 0.6462873220443726, "z": 0.31161075830459595, "vis": 0.05673057213425636}, "16": {"x": 0.2867700159549713, "y": 0.6183267831802368, "z": 0.15696296095848083, "vis": 0.44305965304374695}, "17": {"x": 0.2510606050491333, "y": 0.6454707384109497, "z": 0.3325260579586029, "vis": 0.06687713414430618}, "18": {"x": 0.29315871000289917, "y": 0.6123238801956177, "z": 0.1700357347726822, "vis": 0.44086164236068726}, "19": {"x": 0.25741755962371826, "y": 0.6388180255889893, "z": 0.32961052656173706, "vis": 0.06559852510690689}, "20": {"x": 0.29059767723083496, "y": 0.607994794845581, "z": 0.1733425408601761, "vis": 0.439117431640625}, "21": {"x": 0.25663959980010986, "y": 0.6392674446105957, "z": 0.31238141655921936, "vis": 0.06589742749929428}, "22": {"x": 0.28696590662002563, "y": 0.6118588447570801, "z": 0.16173772513866425, "vis": 0.44823765754699707}, "23": {"x": 0.17016682028770447, "y": 0.7209770083427429, "z": 0.04587814211845398, "vis": 0.9994111061096191}, "24": {"x": 0.22498881816864014, "y": 0.7087332010269165, "z": -0.046135518699884415, "vis": 0.9990449547767639}, "25": {"x": 0.15310831367969513, "y": 0.8172509670257568, "z": 0.0910123959183693, "vis": 0.8875209093093872}, "26": {"x": 0.28695443272590637, "y": 0.7877194285392761, "z": -0.012939104810357094, "vis": 0.9057804942131042}, "27": {"x": 0.13399027287960052, "y": 0.9610998034477234, "z": -0.061558570712804794, "vis": 0.9480527639389038}, "28": {"x": 0.28809234499931335, "y": 0.9625563621520996, "z": -0.15299665927886963, "vis": 0.922782838344574}, "29": {"x": 0.12966611981391907, "y": 0.97788405418396, "z": -0.07795687019824982, "vis": 0.9719734191894531}, "30": {"x": 0.28153735399246216, "y": 0.9822756052017212, "z": -0.16382990777492523, "vis": 0.9416278004646301}, "31": {"x": 0.13206368684768677, "y": 0.9790932536125183, "z": -0.08745268732309341, "vis": 0.8811797499656677}, "32": {"x": 0.31674647331237793, "y": 0.9775121808052063, "z": -0.16474786400794983, "vis": 0.8181813359260559}}