{"0": {"x": 0.668308675289154, "y": 0.40210920572280884, "z": 0.21314184367656708, "vis": 0.9640271067619324}, "1": {"x": 0.6662197113037109, "y": 0.3905932307243347, "z": 0.18987782299518585, "vis": 0.9700587391853333}, "2": {"x": 0.6642765402793884, "y": 0.39039599895477295, "z": 0.18985986709594727, "vis": 0.9805479049682617}, "3": {"x": 0.6623829007148743, "y": 0.3905657231807709, "z": 0.1898851841688156, "vis": 0.9735521078109741}, "4": {"x": 0.6729161143302917, "y": 0.3909325897693634, "z": 0.19024039804935455, "vis": 0.9584172368049622}, "5": {"x": 0.6757515668869019, "y": 0.39089012145996094, "z": 0.1902025192975998, "vis": 0.9689017534255981}, "6": {"x": 0.6786677241325378, "y": 0.39121291041374207, "z": 0.19011290371418, "vis": 0.9518763422966003}, "7": {"x": 0.6619471907615662, "y": 0.39769530296325684, "z": 0.10410676896572113, "vis": 0.9762228727340698}, "8": {"x": 0.6847406029701233, "y": 0.3988022804260254, "z": 0.10661009699106216, "vis": 0.9757920503616333}, "9": {"x": 0.6660691499710083, "y": 0.41127923130989075, "z": 0.1868072748184204, "vis": 0.9623478055000305}, "10": {"x": 0.6723397970199585, "y": 0.41164904832839966, "z": 0.18743866682052612, "vis": 0.9501412510871887}, "11": {"x": 0.6399169564247131, "y": 0.4577583074569702, "z": 0.07573183625936508, "vis": 0.9998656511306763}, "12": {"x": 0.7130330801010132, "y": 0.47828447818756104, "z": 0.037313129752874374, "vis": 0.9989564418792725}, "13": {"x": 0.601803719997406, "y": 0.4911929666996002, "z": 0.05691942200064659, "vis": 0.9995896220207214}, "14": {"x": 0.7226575613021851, "y": 0.5840479731559753, "z": 0.09265558421611786, "vis": 0.9683246612548828}, "15": {"x": 0.5666650533676147, "y": 0.5701828002929688, "z": 0.09044315665960312, "vis": 0.9810876250267029}, "16": {"x": 0.6949306726455688, "y": 0.6104651689529419, "z": 0.20324131846427917, "vis": 0.10307735949754715}, "17": {"x": 0.5573287010192871, "y": 0.5938868522644043, "z": 0.0909152701497078, "vis": 0.9317905902862549}, "18": {"x": 0.6873620748519897, "y": 0.6252423524856567, "z": 0.21356722712516785, "vis": 0.04875841364264488}, "19": {"x": 0.5617187023162842, "y": 0.5946944952011108, "z": 0.09680008888244629, "vis": 0.9253909587860107}, "20": {"x": 0.6810790300369263, "y": 0.613257884979248, "z": 0.21343545615673065, "vis": 0.044601213186979294}, "21": {"x": 0.5662226676940918, "y": 0.5869725942611694, "z": 0.09307938069105148, "vis": 0.8646681904792786}, "22": {"x": 0.6831637620925903, "y": 0.6091694831848145, "z": 0.20544074475765228, "vis": 0.04637153074145317}, "23": {"x": 0.6337745189666748, "y": 0.6439507603645325, "z": 0.05276722088456154, "vis": 0.9990463852882385}, "24": {"x": 0.6667491793632507, "y": 0.6642835140228271, "z": -0.05301225185394287, "vis": 0.9987101554870605}, "25": {"x": 0.6396365761756897, "y": 0.7748124599456787, "z": 0.09249947220087051, "vis": 0.4462484121322632}, "26": {"x": 0.6446577906608582, "y": 0.8010031580924988, "z": -0.0743253231048584, "vis": 0.993094801902771}, "27": {"x": 0.6307823657989502, "y": 0.9227437973022461, "z": 0.11573325097560883, "vis": 0.753829300403595}, "28": {"x": 0.6016451120376587, "y": 0.9377517700195312, "z": -0.08647934347391129, "vis": 0.9846516847610474}, "29": {"x": 0.6271167397499084, "y": 0.9445919990539551, "z": 0.11565161496400833, "vis": 0.8671240210533142}, "30": {"x": 0.5871762633323669, "y": 0.9492714405059814, "z": -0.08856254816055298, "vis": 0.9919483661651611}, "31": {"x": 0.642605185508728, "y": 0.9584723711013794, "z": 0.0877099260687828, "vis": 0.3791370689868927}, "32": {"x": 0.6048855781555176, "y": 0.974897027015686, "z": -0.1306721270084381, "vis": 0.8471056222915649}}