{"0": {"x": 0.5290756821632385, "y": 0.1563718616962433, "z": -0.030028188601136208, "vis": 0.9906768798828125}, "1": {"x": 0.5286521315574646, "y": 0.14459732174873352, "z": -0.03975554183125496, "vis": 0.984002411365509}, "2": {"x": 0.5294079184532166, "y": 0.1438174992799759, "z": -0.039795245975255966, "vis": 0.9830838441848755}, "3": {"x": 0.5301204323768616, "y": 0.14291806519031525, "z": -0.03981911018490791, "vis": 0.9823706150054932}, "4": {"x": 0.5284784436225891, "y": 0.14459984004497528, "z": -0.0280428696423769, "vis": 0.9842352867126465}, "5": {"x": 0.5290037393569946, "y": 0.14379975199699402, "z": -0.028038866817951202, "vis": 0.9840843081474304}, "6": {"x": 0.5297641754150391, "y": 0.14295542240142822, "z": -0.028078140690922737, "vis": 0.9821686148643494}, "7": {"x": 0.5351917147636414, "y": 0.13864485919475555, "z": -0.06578399240970612, "vis": 0.9829786419868469}, "8": {"x": 0.5351462364196777, "y": 0.13699647784233093, "z": -0.012643182650208473, "vis": 0.9729743003845215}, "9": {"x": 0.5342837572097778, "y": 0.16008596122264862, "z": -0.037476807832717896, "vis": 0.9815245270729065}, "10": {"x": 0.5340009331703186, "y": 0.1602713167667389, "z": -0.022184763103723526, "vis": 0.9815145134925842}, "11": {"x": 0.5524399280548096, "y": 0.169428288936615, "z": -0.08289461582899094, "vis": 0.9995796084403992}, "12": {"x": 0.5533924698829651, "y": 0.16590435802936554, "z": 0.007628984749317169, "vis": 0.9989460110664368}, "13": {"x": 0.5590263605117798, "y": 0.23325374722480774, "z": -0.08653458207845688, "vis": 0.6142294406890869}, "14": {"x": 0.5613113045692444, "y": 0.20211169123649597, "z": -0.0021355084609240294, "vis": 0.05050632730126381}, "15": {"x": 0.5537825226783752, "y": 0.24719718098640442, "z": -0.06271041929721832, "vis": 0.38692134618759155}, "16": {"x": 0.5579134821891785, "y": 0.22762461006641388, "z": -0.027610773220658302, "vis": 0.037434324622154236}, "17": {"x": 0.5526152849197388, "y": 0.25145429372787476, "z": -0.06745138019323349, "vis": 0.3924896717071533}, "18": {"x": 0.5577976703643799, "y": 0.23525485396385193, "z": -0.023189717903733253, "vis": 0.05135807767510414}, "19": {"x": 0.5534791946411133, "y": 0.2428819239139557, "z": -0.06124698370695114, "vis": 0.3983924984931946}, "20": {"x": 0.5559083223342896, "y": 0.23134754598140717, "z": -0.029017020016908646, "vis": 0.053524479269981384}, "21": {"x": 0.5543880462646484, "y": 0.24088197946548462, "z": -0.05915103480219841, "vis": 0.33406874537467957}, "22": {"x": 0.5555950999259949, "y": 0.2287212610244751, "z": -0.03087729960680008, "vis": 0.05800437182188034}, "23": {"x": 0.5570230484008789, "y": 0.3026387393474579, "z": -0.03021813929080963, "vis": 0.9995627999305725}, "24": {"x": 0.5598795413970947, "y": 0.29319503903388977, "z": 0.029976308345794678, "vis": 0.9994075298309326}, "25": {"x": 0.552891731262207, "y": 0.35763949155807495, "z": 0.009851695038378239, "vis": 0.7493091225624084}, "26": {"x": 0.5732063055038452, "y": 0.32454976439476013, "z": 0.09877042472362518, "vis": 0.3311690390110016}, "27": {"x": 0.5586867332458496, "y": 0.37103450298309326, "z": 0.07194297760725021, "vis": 0.47668319940567017}, "28": {"x": 0.5610398650169373, "y": 0.3736737370491028, "z": 0.12806297838687897, "vis": 0.5822056531906128}, "29": {"x": 0.5610736608505249, "y": 0.36019831895828247, "z": 0.07998021692037582, "vis": 0.5822215676307678}, "30": {"x": 0.5594098567962646, "y": 0.3731389343738556, "z": 0.13206467032432556, "vis": 0.726573646068573}, "31": {"x": 0.5489117503166199, "y": 0.38871386647224426, "z": 0.09541825950145721, "vis": 0.46150603890419006}, "32": {"x": 0.5479425191879272, "y": 0.3916622996330261, "z": 0.14135657250881195, "vis": 0.5720889568328857}}