{"0": {"x": 0.5064734220504761, "y": 0.4525882303714752, "z": -0.40603509545326233, "vis": 0.9932314157485962}, "1": {"x": 0.5077784657478333, "y": 0.44053420424461365, "z": -0.40524426102638245, "vis": 0.9870937466621399}, "2": {"x": 0.5100208520889282, "y": 0.43801775574684143, "z": -0.40524426102638245, "vis": 0.9846770167350769}, "3": {"x": 0.5120653510093689, "y": 0.4352528750896454, "z": -0.40531864762306213, "vis": 0.9878436326980591}, "4": {"x": 0.5022604465484619, "y": 0.4431817829608917, "z": -0.3976972997188568, "vis": 0.9809877872467041}, "5": {"x": 0.5006652474403381, "y": 0.4426725506782532, "z": -0.39774462580680847, "vis": 0.96758633852005}, "6": {"x": 0.49917152523994446, "y": 0.44190889596939087, "z": -0.3978162109851837, "vis": 0.971792459487915}, "7": {"x": 0.5168443322181702, "y": 0.42267873883247375, "z": -0.35246139764785767, "vis": 0.9791274666786194}, "8": {"x": 0.4985196590423584, "y": 0.4362866282463074, "z": -0.3187965154647827, "vis": 0.9319945573806763}, "9": {"x": 0.5128387212753296, "y": 0.45472660660743713, "z": -0.38209494948387146, "vis": 0.9945757389068604}, "10": {"x": 0.507202684879303, "y": 0.4586799442768097, "z": -0.3723970055580139, "vis": 0.9913796186447144}, "11": {"x": 0.5439316630363464, "y": 0.43587785959243774, "z": -0.2988883852958679, "vis": 0.9995359182357788}, "12": {"x": 0.4988585412502289, "y": 0.4683995544910431, "z": -0.21925224363803864, "vis": 0.9974989295005798}, "13": {"x": 0.5519351959228516, "y": 0.5576105117797852, "z": -0.3149084746837616, "vis": 0.9780197143554688}, "14": {"x": 0.519193172454834, "y": 0.5454149842262268, "z": -0.1970629245042801, "vis": 0.4160301387310028}, "15": {"x": 0.5470733642578125, "y": 0.6449737548828125, "z": -0.3427680730819702, "vis": 0.9537713527679443}, "16": {"x": 0.5361695885658264, "y": 0.5824684500694275, "z": -0.23511427640914917, "vis": 0.29497185349464417}, "17": {"x": 0.5473224520683289, "y": 0.6686086058616638, "z": -0.37368640303611755, "vis": 0.8970462679862976}, "18": {"x": 0.5400838851928711, "y": 0.5950273871421814, "z": -0.25573936104774475, "vis": 0.1893547922372818}, "19": {"x": 0.5410785675048828, "y": 0.6687358617782593, "z": -0.3809777498245239, "vis": 0.897599995136261}, "20": {"x": 0.5388016104698181, "y": 0.5877736806869507, "z": -0.26947611570358276, "vis": 0.19306400418281555}, "21": {"x": 0.5401497483253479, "y": 0.6613166928291321, "z": -0.3466188907623291, "vis": 0.8117547035217285}, "22": {"x": 0.5384660363197327, "y": 0.5822156667709351, "z": -0.24210768938064575, "vis": 0.15506140887737274}, "23": {"x": 0.5617082118988037, "y": 0.5351079702377319, "z": -0.020631857216358185, "vis": 0.9942129254341125}, "24": {"x": 0.5324178338050842, "y": 0.5429071187973022, "z": 0.020746419206261635, "vis": 0.9911564588546753}, "25": {"x": 0.554032027721405, "y": 0.6495461463928223, "z": -0.07171750068664551, "vis": 0.259218692779541}, "26": {"x": 0.5251255035400391, "y": 0.645726203918457, "z": -0.05894492194056511, "vis": 0.5752074718475342}, "27": {"x": 0.5535139441490173, "y": 0.7445624470710754, "z": 0.04649462178349495, "vis": 0.2895764410495758}, "28": {"x": 0.5365697741508484, "y": 0.7628146409988403, "z": 0.03246824070811272, "vis": 0.4906962811946869}, "29": {"x": 0.5546289682388306, "y": 0.7625572681427002, "z": 0.05376981571316719, "vis": 0.19700175523757935}, "30": {"x": 0.5430815815925598, "y": 0.7807431817054749, "z": 0.038280144333839417, "vis": 0.19222141802310944}, "31": {"x": 0.5489177703857422, "y": 0.7785782814025879, "z": -0.02120591700077057, "vis": 0.4227883517742157}, "32": {"x": 0.5265552997589111, "y": 0.8018161058425903, "z": -0.041570186614990234, "vis": 0.5409314036369324}}