{"0": {"x": 0.5663847327232361, "y": 0.546517550945282, "z": -0.09230198711156845, "vis": 0.9957705140113831}, "1": {"x": 0.5674762725830078, "y": 0.5319948196411133, "z": -0.09402059763669968, "vis": 0.9978506565093994}, "2": {"x": 0.5682823061943054, "y": 0.530981183052063, "z": -0.09407692402601242, "vis": 0.9970249533653259}, "3": {"x": 0.5691542625427246, "y": 0.5300450325012207, "z": -0.09413463622331619, "vis": 0.9981366395950317}, "4": {"x": 0.5643050670623779, "y": 0.5353454351425171, "z": -0.08460649102926254, "vis": 0.9974815249443054}, "5": {"x": 0.5640298128128052, "y": 0.5351660251617432, "z": -0.08460284769535065, "vis": 0.9964863061904907}, "6": {"x": 0.5638195872306824, "y": 0.5349278450012207, "z": -0.08466843515634537, "vis": 0.9973834156990051}, "7": {"x": 0.5819388628005981, "y": 0.5236771106719971, "z": -0.07900397479534149, "vis": 0.9982267022132874}, "8": {"x": 0.5667495131492615, "y": 0.53559410572052, "z": -0.035121381282806396, "vis": 0.9980205297470093}, "9": {"x": 0.5724918246269226, "y": 0.5520162582397461, "z": -0.08480645716190338, "vis": 0.9980688691139221}, "10": {"x": 0.5687835216522217, "y": 0.5556206703186035, "z": -0.07213541120290756, "vis": 0.9971036314964294}, "11": {"x": 0.6082969903945923, "y": 0.5621278285980225, "z": -0.08568840473890305, "vis": 0.9996576309204102}, "12": {"x": 0.5700517296791077, "y": 0.5971708297729492, "z": -0.026759356260299683, "vis": 0.999316930770874}, "13": {"x": 0.6174741983413696, "y": 0.5674165487289429, "z": -0.19395411014556885, "vis": 0.9652649760246277}, "14": {"x": 0.586842954158783, "y": 0.5805138349533081, "z": -0.10751323401927948, "vis": 0.8785418272018433}, "15": {"x": 0.5925942063331604, "y": 0.5319900512695312, "z": -0.24478285014629364, "vis": 0.8461278676986694}, "16": {"x": 0.6073164343833923, "y": 0.5131446719169617, "z": -0.18119782209396362, "vis": 0.5950782895088196}, "17": {"x": 0.5866667032241821, "y": 0.5238159894943237, "z": -0.26382920145988464, "vis": 0.7301849126815796}, "18": {"x": 0.6136059165000916, "y": 0.49692586064338684, "z": -0.19830742478370667, "vis": 0.43974992632865906}, "19": {"x": 0.586155116558075, "y": 0.5200711488723755, "z": -0.25308850407600403, "vis": 0.7053006887435913}, "20": {"x": 0.6127941012382507, "y": 0.49839285016059875, "z": -0.19331152737140656, "vis": 0.42706313729286194}, "21": {"x": 0.587954044342041, "y": 0.5274733304977417, "z": -0.24171850085258484, "vis": 0.651145339012146}, "22": {"x": 0.6122164130210876, "y": 0.5066770911216736, "z": -0.18233585357666016, "vis": 0.39160066843032837}, "23": {"x": 0.650338888168335, "y": 0.7471513748168945, "z": -0.02652611769735813, "vis": 0.9996175765991211}, "24": {"x": 0.6191405057907104, "y": 0.7554662227630615, "z": 0.026610972359776497, "vis": 0.9997530579566956}, "25": {"x": 0.6565157771110535, "y": 0.8659276366233826, "z": -0.05745213106274605, "vis": 0.5308343172073364}, "26": {"x": 0.602210521697998, "y": 0.844971776008606, "z": -0.08939549326896667, "vis": 0.4281955659389496}, "27": {"x": 0.6370226144790649, "y": 0.9383237361907959, "z": -0.018155068159103394, "vis": 0.11483506858348846}, "28": {"x": 0.5993329286575317, "y": 0.921059250831604, "z": -0.12087222933769226, "vis": 0.08351636677980423}, "29": {"x": 0.6364782452583313, "y": 0.9539070129394531, "z": -0.015066495165228844, "vis": 0.1784542351961136}, "30": {"x": 0.6047350168228149, "y": 0.9401249885559082, "z": -0.12554354965686798, "vis": 0.1548541784286499}, "31": {"x": 0.6254017353057861, "y": 0.946008026599884, "z": -0.056461989879608154, "vis": 0.1660386174917221}, "32": {"x": 0.576696515083313, "y": 0.9093738198280334, "z": -0.1686641126871109, "vis": 0.22181648015975952}}