{"0": {"x": 0.45735490322113037, "y": 0.39508283138275146, "z": -0.40164071321487427, "vis": 0.9998409748077393}, "1": {"x": 0.4776160418987274, "y": 0.32633984088897705, "z": -0.44415971636772156, "vis": 0.9998282194137573}, "2": {"x": 0.48884332180023193, "y": 0.32400548458099365, "z": -0.44421637058258057, "vis": 0.9998194575309753}, "3": {"x": 0.5014545917510986, "y": 0.32087624073028564, "z": -0.44452032446861267, "vis": 0.9998639822006226}, "4": {"x": 0.46023350954055786, "y": 0.32770705223083496, "z": -0.355579674243927, "vis": 0.9997972846031189}, "5": {"x": 0.45767921209335327, "y": 0.3265414237976074, "z": -0.3548724353313446, "vis": 0.9997228980064392}, "6": {"x": 0.4552759826183319, "y": 0.32541680335998535, "z": -0.35518020391464233, "vis": 0.9997512698173523}, "7": {"x": 0.5563657879829407, "y": 0.3436706066131592, "z": -0.4671175479888916, "vis": 0.9999263286590576}, "8": {"x": 0.4954496920108795, "y": 0.34621870517730713, "z": -0.05921143665909767, "vis": 0.9997426867485046}, "9": {"x": 0.48054245114326477, "y": 0.4567718505859375, "z": -0.4024079740047455, "vis": 0.9998897314071655}, "10": {"x": 0.4628862738609314, "y": 0.45855724811553955, "z": -0.28501003980636597, "vis": 0.9997616410255432}, "11": {"x": 0.6930232048034668, "y": 0.6922062039375305, "z": -0.6139649152755737, "vis": 0.9978834986686707}, "12": {"x": 0.47316601872444153, "y": 0.699700117111206, "z": 0.20082443952560425, "vis": 0.9978804588317871}, "13": {"x": 0.7080346345901489, "y": 1.2656527757644653, "z": -0.6767550706863403, "vis": 0.4936778247356415}, "14": {"x": 0.3997536301612854, "y": 1.1460529565811157, "z": 0.26763030886650085, "vis": 0.06545766443014145}, "15": {"x": 0.6296187043190002, "y": 1.651719093322754, "z": -0.516642153263092, "vis": 0.04892962425947189}, "16": {"x": 0.32763880491256714, "y": 1.4444632530212402, "z": -0.0577240027487278, "vis": 0.014684132300317287}, "17": {"x": 0.6313984990119934, "y": 1.7786530256271362, "z": -0.5746384263038635, "vis": 0.06322402507066727}, "18": {"x": 0.2911359965801239, "y": 1.550361156463623, "z": -0.08559253811836243, "vis": 0.027582978829741478}, "19": {"x": 0.5959330797195435, "y": 1.7826745510101318, "z": -0.566779375076294, "vis": 0.10647743195295334}, "20": {"x": 0.3090599775314331, "y": 1.5376970767974854, "z": -0.1497821807861328, "vis": 0.05009133741259575}, "21": {"x": 0.5958461761474609, "y": 1.7315647602081299, "z": -0.5121721029281616, "vis": 0.103414386510849}, "22": {"x": 0.32618850469589233, "y": 1.503713607788086, "z": -0.10484352707862854, "vis": 0.05475742369890213}, "23": {"x": 0.6696608662605286, "y": 1.5969750881195068, "z": -0.25501227378845215, "vis": 0.0007935139583423734}, "24": {"x": 0.49229153990745544, "y": 1.5867842435836792, "z": 0.25926318764686584, "vis": 0.0008574581588618457}, "25": {"x": 0.6431758403778076, "y": 2.294694662094116, "z": -0.3604961633682251, "vis": 0.0004898851620964706}, "26": {"x": 0.4682266414165497, "y": 2.277446746826172, "z": 0.46318334341049194, "vis": 0.00019834206614177674}, "27": {"x": 0.6589892506599426, "y": 2.918945074081421, "z": -0.017381789162755013, "vis": 2.9422524676192552e-05}, "28": {"x": 0.4912891685962677, "y": 2.8909287452697754, "z": 0.7489650249481201, "vis": 4.993898073735181e-06}, "29": {"x": 0.6885424256324768, "y": 3.027796506881714, "z": -0.004750590771436691, "vis": 3.134156941086985e-05}, "30": {"x": 0.5018908977508545, "y": 2.992605447769165, "z": 0.7670134902000427, "vis": 2.456417860230431e-05}, "31": {"x": 0.5633634924888611, "y": 3.076845645904541, "z": -0.38694140315055847, "vis": 4.77829271403607e-05}, "32": {"x": 0.45254847407341003, "y": 3.0710575580596924, "z": 0.4227179288864136, "vis": 2.023238812398631e-05}}