{"0": {"x": 0.54015052318573, "y": 0.4008147418498993, "z": 0.12966401875019073, "vis": 0.9738715291023254}, "1": {"x": 0.5433447957038879, "y": 0.39990317821502686, "z": 0.1295287311077118, "vis": 0.9489400386810303}, "2": {"x": 0.5445575714111328, "y": 0.3997693359851837, "z": 0.12957513332366943, "vis": 0.9273987412452698}, "3": {"x": 0.5457825660705566, "y": 0.3997292220592499, "z": 0.1295722872018814, "vis": 0.9205653071403503}, "4": {"x": 0.5404562950134277, "y": 0.3986889719963074, "z": 0.1345638930797577, "vis": 0.9600546360015869}, "5": {"x": 0.5399305820465088, "y": 0.3976554274559021, "z": 0.1345110535621643, "vis": 0.9644659161567688}, "6": {"x": 0.5394120216369629, "y": 0.3966463804244995, "z": 0.1343594640493393, "vis": 0.9724717140197754}, "7": {"x": 0.5513352751731873, "y": 0.3952179253101349, "z": 0.12864075601100922, "vis": 0.9137239456176758}, "8": {"x": 0.5398691892623901, "y": 0.38981807231903076, "z": 0.15176217257976532, "vis": 0.9707478880882263}, "9": {"x": 0.5420230627059937, "y": 0.4006170630455017, "z": 0.13034403324127197, "vis": 0.966813325881958}, "10": {"x": 0.5392686128616333, "y": 0.3991093933582306, "z": 0.13640348613262177, "vis": 0.9820887446403503}, "11": {"x": 0.5641863346099854, "y": 0.40134066343307495, "z": 0.08621560037136078, "vis": 0.9998667240142822}, "12": {"x": 0.532677948474884, "y": 0.38377732038497925, "z": 0.148278146982193, "vis": 0.9999415874481201}, "13": {"x": 0.5642582774162292, "y": 0.4414770305156708, "z": 0.06955119222402573, "vis": 0.3454858660697937}, "14": {"x": 0.5003952383995056, "y": 0.3759252727031708, "z": 0.11188959330320358, "vis": 0.36873748898506165}, "15": {"x": 0.5403640866279602, "y": 0.406672865152359, "z": 0.08163755387067795, "vis": 0.10817069560289383}, "16": {"x": 0.48870187997817993, "y": 0.34618884325027466, "z": 0.08100270479917526, "vis": 0.3054282069206238}, "17": {"x": 0.5325753092765808, "y": 0.4038402736186981, "z": 0.07862953096628189, "vis": 0.12448541820049286}, "18": {"x": 0.4856123626232147, "y": 0.3417048454284668, "z": 0.0783994272351265, "vis": 0.3055664002895355}, "19": {"x": 0.5317171812057495, "y": 0.3955291211605072, "z": 0.09282806515693665, "vis": 0.10587139427661896}, "20": {"x": 0.4872855842113495, "y": 0.33906593918800354, "z": 0.07876250892877579, "vis": 0.27901825308799744}, "21": {"x": 0.5330038070678711, "y": 0.3947046101093292, "z": 0.0891205295920372, "vis": 0.08529912680387497}, "22": {"x": 0.4882076382637024, "y": 0.34134799242019653, "z": 0.0811125710606575, "vis": 0.2726672887802124}, "23": {"x": 0.5545119047164917, "y": 0.494136244058609, "z": -0.027088232338428497, "vis": 0.9999929666519165}, "24": {"x": 0.5322479009628296, "y": 0.48496463894844055, "z": 0.02690061368048191, "vis": 0.999974250793457}, "25": {"x": 0.5726296901702881, "y": 0.5819177627563477, "z": -0.1480109989643097, "vis": 0.9809593558311462}, "26": {"x": 0.4951867461204529, "y": 0.46211761236190796, "z": -0.01631900668144226, "vis": 0.708311140537262}, "27": {"x": 0.6217029094696045, "y": 0.6943473815917969, "z": -0.25202831625938416, "vis": 0.959520697593689}, "28": {"x": 0.45148155093193054, "y": 0.49277055263519287, "z": -0.02995692938566208, "vis": 0.8347249031066895}, "29": {"x": 0.626550018787384, "y": 0.7198169827461243, "z": -0.2635974884033203, "vis": 0.9623664617538452}, "30": {"x": 0.44770604372024536, "y": 0.5139554738998413, "z": -0.031039834022521973, "vis": 0.9268274903297424}, "31": {"x": 0.6302221417427063, "y": 0.7094309329986572, "z": -0.3288458287715912, "vis": 0.9665172100067139}, "32": {"x": 0.430945485830307, "y": 0.46827754378318787, "z": -0.06597044318914413, "vis": 0.8927239179611206}}