{"0": {"x": 0.4804779887199402, "y": 0.3704175353050232, "z": -0.5641326308250427, "vis": 0.9998801946640015}, "1": {"x": 0.4982140362262726, "y": 0.3166828155517578, "z": -0.5888476967811584, "vis": 0.999879002571106}, "2": {"x": 0.5073715448379517, "y": 0.31534212827682495, "z": -0.5889650583267212, "vis": 0.9998383522033691}, "3": {"x": 0.518782913684845, "y": 0.3128032088279724, "z": -0.5892521142959595, "vis": 0.999907374382019}, "4": {"x": 0.4824535846710205, "y": 0.31593263149261475, "z": -0.5180157423019409, "vis": 0.9998394250869751}, "5": {"x": 0.47919219732284546, "y": 0.31516319513320923, "z": -0.5175862908363342, "vis": 0.9997135996818542}, "6": {"x": 0.47596055269241333, "y": 0.3144263029098511, "z": -0.5177779793739319, "vis": 0.9997656941413879}, "7": {"x": 0.5682327747344971, "y": 0.3377532958984375, "z": -0.5567740201950073, "vis": 0.9999574422836304}, "8": {"x": 0.5071811676025391, "y": 0.33958303928375244, "z": -0.22418244183063507, "vis": 0.9997404217720032}, "9": {"x": 0.4971313178539276, "y": 0.43003058433532715, "z": -0.5462508201599121, "vis": 0.9999747276306152}, "10": {"x": 0.4806128144264221, "y": 0.43312257528305054, "z": -0.4507308900356293, "vis": 0.9999198913574219}, "11": {"x": 0.68067866563797, "y": 0.6377416849136353, "z": -0.6059595942497253, "vis": 0.9996786117553711}, "12": {"x": 0.4712080955505371, "y": 0.6843613386154175, "z": 0.04140683263540268, "vis": 0.9981270432472229}, "13": {"x": 0.7756524682044983, "y": 1.100732445716858, "z": -0.6724154353141785, "vis": 0.9056051969528198}, "14": {"x": 0.4600324332714081, "y": 1.0455600023269653, "z": 0.13511838018894196, "vis": 0.11629941314458847}, "15": {"x": 0.6870269179344177, "y": 1.4033571481704712, "z": -0.680244505405426, "vis": 0.13045138120651245}, "16": {"x": 0.48592662811279297, "y": 1.346855878829956, "z": -0.2415684163570404, "vis": 0.012391211465001106}, "17": {"x": 0.676947295665741, "y": 1.5161218643188477, "z": -0.7682482004165649, "vis": 0.0978705957531929}, "18": {"x": 0.481591135263443, "y": 1.444466471672058, "z": -0.2858068346977234, "vis": 0.017388882115483284}, "19": {"x": 0.6389400362968445, "y": 1.4986214637756348, "z": -0.7504419684410095, "vis": 0.1502094715833664}, "20": {"x": 0.4919470250606537, "y": 1.4105956554412842, "z": -0.34637439250946045, "vis": 0.029901862144470215}, "21": {"x": 0.6431998014450073, "y": 1.4542688131332397, "z": -0.6731216907501221, "vis": 0.14503270387649536}, "22": {"x": 0.49596264958381653, "y": 1.3740789890289307, "z": -0.28178930282592773, "vis": 0.03524060547351837}, "23": {"x": 0.665274441242218, "y": 1.3981348276138306, "z": -0.21686775982379913, "vis": 0.0034748916514217854}, "24": {"x": 0.5111356377601624, "y": 1.400263786315918, "z": 0.2203179895877838, "vis": 0.002915948163717985}, "25": {"x": 0.6466838121414185, "y": 1.96381676197052, "z": -0.11582045257091522, "vis": 0.000530685530975461}, "26": {"x": 0.5085533857345581, "y": 1.9586268663406372, "z": 0.5561690330505371, "vis": 0.00036558794090524316}, "27": {"x": 0.6559572815895081, "y": 2.4472999572753906, "z": 0.4033489525318146, "vis": 2.6178955522482283e-05}, "28": {"x": 0.527884840965271, "y": 2.439119815826416, "z": 1.0753880739212036, "vis": 1.0537981324887369e-05}, "29": {"x": 0.6772164106369019, "y": 2.5396361351013184, "z": 0.43276068568229675, "vis": 1.9382992832106538e-05}, "30": {"x": 0.5357409119606018, "y": 2.525815963745117, "z": 1.1183316707611084, "vis": 4.9331058107782155e-05}, "31": {"x": 0.5885199904441833, "y": 2.5897879600524902, "z": 0.07247932255268097, "vis": 4.145884668105282e-05}, "32": {"x": 0.5039911270141602, "y": 2.59915828704834, "z": 0.7792127728462219, "vis": 6.39603822492063e-05}}