{"0": {"x": 0.09792587161064148, "y": 0.49932238459587097, "z": 0.07920708507299423, "vis": 0.997647225856781}, "1": {"x": 0.09579423069953918, "y": 0.4831242859363556, "z": 0.0523407869040966, "vis": 0.9985925555229187}, "2": {"x": 0.0927489623427391, "y": 0.4826473891735077, "z": 0.05231257528066635, "vis": 0.9987080097198486}, "3": {"x": 0.08952685445547104, "y": 0.48239243030548096, "z": 0.05221552029252052, "vis": 0.9986565113067627}, "4": {"x": 0.1036294549703598, "y": 0.4845232665538788, "z": 0.054749682545661926, "vis": 0.9983781576156616}, "5": {"x": 0.10609599947929382, "y": 0.48527592420578003, "z": 0.0547625795006752, "vis": 0.9982073307037354}, "6": {"x": 0.1086646169424057, "y": 0.4863838255405426, "z": 0.054674506187438965, "vis": 0.9982895255088806}, "7": {"x": 0.0843271017074585, "y": 0.48932260274887085, "z": -0.03794559836387634, "vis": 0.9986573457717896}, "8": {"x": 0.11066574603319168, "y": 0.4970083236694336, "z": -0.0272489245980978, "vis": 0.9986843466758728}, "9": {"x": 0.0926588699221611, "y": 0.5118398666381836, "z": 0.05328363925218582, "vis": 0.9957786798477173}, "10": {"x": 0.10091790556907654, "y": 0.5156359672546387, "z": 0.05635854974389076, "vis": 0.9965804219245911}, "11": {"x": 0.03738110885024071, "y": 0.5800819993019104, "z": -0.06660295277833939, "vis": 0.9975430965423584}, "12": {"x": 0.12470120936632156, "y": 0.60135817527771, "z": -0.05842072144150734, "vis": 0.9980897307395935}, "13": {"x": 0.008458767086267471, "y": 0.6906147003173828, "z": 0.005093140993267298, "vis": 0.714657187461853}, "14": {"x": 0.13861259818077087, "y": 0.72294020652771, "z": 0.011426455341279507, "vis": 0.7283368110656738}, "15": {"x": 0.03336069732904434, "y": 0.7308129668235779, "z": 0.1368771642446518, "vis": 0.021719615906476974}, "16": {"x": 0.1366647183895111, "y": 0.7739584445953369, "z": 0.13857170939445496, "vis": 0.02911432273685932}, "17": {"x": 0.03846807777881622, "y": 0.7420969605445862, "z": 0.15422332286834717, "vis": 0.01888820342719555}, "18": {"x": 0.13394632935523987, "y": 0.8043068647384644, "z": 0.1584085077047348, "vis": 0.023882810026407242}, "19": {"x": 0.046347349882125854, "y": 0.7392745018005371, "z": 0.15617035329341888, "vis": 0.018511904403567314}, "20": {"x": 0.13346505165100098, "y": 0.7951937913894653, "z": 0.16286015510559082, "vis": 0.024056976661086082}, "21": {"x": 0.046124882996082306, "y": 0.7334585785865784, "z": 0.14229965209960938, "vis": 0.019313784316182137}, "22": {"x": 0.131205752491951, "y": 0.7868643403053284, "z": 0.14448930323123932, "vis": 0.026449359953403473}, "23": {"x": 0.030743025243282318, "y": 0.8345726132392883, "z": 0.0017458165530115366, "vis": 0.9887662529945374}, "24": {"x": 0.08160358667373657, "y": 0.8474788069725037, "z": -0.002004659967496991, "vis": 0.9919829964637756}, "25": {"x": 0.03360077738761902, "y": 0.8983607292175293, "z": 0.22202256321907043, "vis": 0.3218368887901306}, "26": {"x": 0.12179391086101532, "y": 0.9571492671966553, "z": 0.20644889771938324, "vis": 0.2656359076499939}, "27": {"x": 0.036873459815979004, "y": 0.9893285632133484, "z": 0.2929718792438507, "vis": 0.1898815780878067}, "28": {"x": 0.13054373860359192, "y": 1.0547271966934204, "z": 0.268231600522995, "vis": 0.17357990145683289}, "29": {"x": 0.028818290680646896, "y": 1.049028754234314, "z": 0.3025496006011963, "vis": 0.2570677399635315}, "30": {"x": 0.12895911931991577, "y": 1.0722404718399048, "z": 0.27900588512420654, "vis": 0.3478318750858307}, "31": {"x": 0.028246402740478516, "y": 0.9972721338272095, "z": 0.32644516229629517, "vis": 0.08390728384256363}, "32": {"x": 0.1412700116634369, "y": 1.0671817064285278, "z": 0.3048936426639557, "vis": 0.10728978365659714}}