{"0": {"x": 0.2996003031730652, "y": 0.4335530996322632, "z": 0.3949725031852722, "vis": 0.9486737847328186}, "1": {"x": 0.29480403661727905, "y": 0.420736163854599, "z": 0.3747977912425995, "vis": 0.9779415726661682}, "2": {"x": 0.29170840978622437, "y": 0.42081114649772644, "z": 0.374783992767334, "vis": 0.9745352268218994}, "3": {"x": 0.2885083854198456, "y": 0.42150843143463135, "z": 0.3747484087944031, "vis": 0.9747174978256226}, "4": {"x": 0.30184033513069153, "y": 0.4185197949409485, "z": 0.3731982409954071, "vis": 0.9790534377098083}, "5": {"x": 0.30353406071662903, "y": 0.41704440116882324, "z": 0.37324202060699463, "vis": 0.9739564657211304}, "6": {"x": 0.30523771047592163, "y": 0.4160412847995758, "z": 0.3731248676776886, "vis": 0.9778081178665161}, "7": {"x": 0.2830718755722046, "y": 0.42717108130455017, "z": 0.28737571835517883, "vis": 0.9870839715003967}, "8": {"x": 0.30667269229888916, "y": 0.4207472503185272, "z": 0.27983981370925903, "vis": 0.9852945804595947}, "9": {"x": 0.2944505214691162, "y": 0.4433627426624298, "z": 0.3665536642074585, "vis": 0.9526714086532593}, "10": {"x": 0.3025152087211609, "y": 0.4403928518295288, "z": 0.3642131984233856, "vis": 0.9618584513664246}, "11": {"x": 0.2514338195323944, "y": 0.4874267280101776, "z": 0.1689462512731552, "vis": 0.9986566305160522}, "12": {"x": 0.33972761034965515, "y": 0.4546676576137543, "z": 0.18687008321285248, "vis": 0.9997034668922424}, "13": {"x": 0.20172758400440216, "y": 0.5988130569458008, "z": 0.11387481540441513, "vis": 0.9980373978614807}, "14": {"x": 0.405171275138855, "y": 0.4503897726535797, "z": 0.08944118022918701, "vis": 0.9981523156166077}, "15": {"x": 0.23137694597244263, "y": 0.5795608162879944, "z": 0.12072873115539551, "vis": 0.4712943732738495}, "16": {"x": 0.4379290044307709, "y": 0.5353999733924866, "z": -0.0058411164209246635, "vis": 0.8354679942131042}, "17": {"x": 0.232789546251297, "y": 0.5791202783584595, "z": 0.10661879926919937, "vis": 0.27046844363212585}, "18": {"x": 0.44594132900238037, "y": 0.5533781051635742, "z": -0.020943595096468925, "vis": 0.625244677066803}, "19": {"x": 0.23960494995117188, "y": 0.5677733421325684, "z": 0.11750239133834839, "vis": 0.26618731021881104}, "20": {"x": 0.44171392917633057, "y": 0.5628457069396973, "z": -0.007207310758531094, "vis": 0.6109923124313354}, "21": {"x": 0.24054042994976044, "y": 0.5685670971870422, "z": 0.12473928183317184, "vis": 0.24788875877857208}, "22": {"x": 0.4385007321834564, "y": 0.5584827661514282, "z": -0.0016196215292438865, "vis": 0.5533134341239929}, "23": {"x": 0.2983646094799042, "y": 0.6644640564918518, "z": -0.0198665801435709, "vis": 0.9950317144393921}, "24": {"x": 0.33691543340682983, "y": 0.6570501327514648, "z": 0.01988922618329525, "vis": 0.9958139061927795}, "25": {"x": 0.3070186972618103, "y": 0.8279252052307129, "z": -0.017225826159119606, "vis": 0.7823912501335144}, "26": {"x": 0.3268301784992218, "y": 0.8285866975784302, "z": -0.0017940166871994734, "vis": 0.6266561150550842}, "27": {"x": 0.31363826990127563, "y": 0.9946575164794922, "z": -0.10682094097137451, "vis": 0.45350053906440735}, "28": {"x": 0.33541709184646606, "y": 0.9886929988861084, "z": -0.07373812794685364, "vis": 0.2977914810180664}, "29": {"x": 0.3201368749141693, "y": 1.0229253768920898, "z": -0.1184830516576767, "vis": 0.7115983963012695}, "30": {"x": 0.33560383319854736, "y": 1.0193673372268677, "z": -0.08142506331205368, "vis": 0.6359113454818726}, "31": {"x": 0.3053966760635376, "y": 1.025273323059082, "z": -0.12817005813121796, "vis": 0.2575472295284271}, "32": {"x": 0.3366411328315735, "y": 0.9927988648414612, "z": -0.10001106560230255, "vis": 0.16785000264644623}}