{"0": {"x": 0.507021427154541, "y": 0.3910171389579773, "z": -0.41787800192832947, "vis": 0.9997010231018066}, "1": {"x": 0.5085572600364685, "y": 0.3742552101612091, "z": -0.41580334305763245, "vis": 0.9987377524375916}, "2": {"x": 0.511049211025238, "y": 0.3710983693599701, "z": -0.4157801568508148, "vis": 0.9990206956863403}, "3": {"x": 0.5134459733963013, "y": 0.36810192465782166, "z": -0.4158538281917572, "vis": 0.998028576374054}, "4": {"x": 0.5021283626556396, "y": 0.3793385624885559, "z": -0.4126318097114563, "vis": 0.9990298748016357}, "5": {"x": 0.5001200437545776, "y": 0.37965303659439087, "z": -0.4127503037452698, "vis": 0.9993939399719238}, "6": {"x": 0.49808141589164734, "y": 0.3797939419746399, "z": -0.4128521978855133, "vis": 0.9989680051803589}, "7": {"x": 0.5169099569320679, "y": 0.35962000489234924, "z": -0.33721575140953064, "vis": 0.9990569949150085}, "8": {"x": 0.49468886852264404, "y": 0.3761598467826843, "z": -0.3225080668926239, "vis": 0.9996204376220703}, "9": {"x": 0.5131133794784546, "y": 0.39538082480430603, "z": -0.38301795721054077, "vis": 0.999832272529602}, "10": {"x": 0.5054858922958374, "y": 0.40017127990722656, "z": -0.3792118728160858, "vis": 0.9998241066932678}, "11": {"x": 0.5482590198516846, "y": 0.3872217833995819, "z": -0.2500941753387451, "vis": 0.9999231100082397}, "12": {"x": 0.4843306541442871, "y": 0.4233022630214691, "z": -0.2251937836408615, "vis": 0.9999179840087891}, "13": {"x": 0.5718269348144531, "y": 0.43695294857025146, "z": -0.23880717158317566, "vis": 0.9683346152305603}, "14": {"x": 0.4891086220741272, "y": 0.481273889541626, "z": -0.2597906291484833, "vis": 0.9570274949073792}, "15": {"x": 0.5453150272369385, "y": 0.49134957790374756, "z": -0.28088828921318054, "vis": 0.6185996532440186}, "16": {"x": 0.5151082873344421, "y": 0.5015742778778076, "z": -0.37583279609680176, "vis": 0.7797406315803528}, "17": {"x": 0.5389026999473572, "y": 0.5093050003051758, "z": -0.3008156418800354, "vis": 0.5409988164901733}, "18": {"x": 0.5243173241615295, "y": 0.5120348930358887, "z": -0.4057871401309967, "vis": 0.7045617699623108}, "19": {"x": 0.5355396270751953, "y": 0.4971120357513428, "z": -0.30829891562461853, "vis": 0.5207704305648804}, "20": {"x": 0.5257766842842102, "y": 0.5006141662597656, "z": -0.41416603326797485, "vis": 0.6858867406845093}, "21": {"x": 0.5366960763931274, "y": 0.4909515380859375, "z": -0.28316205739974976, "vis": 0.4081279933452606}, "22": {"x": 0.5239033102989197, "y": 0.4957086443901062, "z": -0.38067466020584106, "vis": 0.5867360234260559}, "23": {"x": 0.561805248260498, "y": 0.538571834564209, "z": -0.0248908419162035, "vis": 0.9996246099472046}, "24": {"x": 0.5277926921844482, "y": 0.558468759059906, "z": 0.024983838200569153, "vis": 0.9990033507347107}, "25": {"x": 0.547971785068512, "y": 0.6759982109069824, "z": -0.10646803677082062, "vis": 0.9683221578598022}, "26": {"x": 0.5173507332801819, "y": 0.6663679480552673, "z": -0.0369255505502224, "vis": 0.8182433843612671}, "27": {"x": 0.5510990023612976, "y": 0.8069937229156494, "z": 0.029269583523273468, "vis": 0.9549299478530884}, "28": {"x": 0.5271613001823425, "y": 0.7943736910820007, "z": 0.11800267547369003, "vis": 0.7930068969726562}, "29": {"x": 0.5531564354896545, "y": 0.8219891786575317, "z": 0.036889273673295975, "vis": 0.7872546911239624}, "30": {"x": 0.533846378326416, "y": 0.80759596824646, "z": 0.1276812106370926, "vis": 0.5752583146095276}, "31": {"x": 0.5396425127983093, "y": 0.855328381061554, "z": -0.061427678912878036, "vis": 0.9497444033622742}, "32": {"x": 0.5132968425750732, "y": 0.8406214714050293, "z": 0.03660653159022331, "vis": 0.82432621717453}}