{"0": {"x": 0.5755282640457153, "y": 0.5133036375045776, "z": 0.03267250582575798, "vis": 0.9460737705230713}, "1": {"x": 0.5793901681900024, "y": 0.4942872226238251, "z": 0.01091516762971878, "vis": 0.9640209078788757}, "2": {"x": 0.5809859037399292, "y": 0.4938215911388397, "z": 0.010882235132157803, "vis": 0.9641929864883423}, "3": {"x": 0.5825337171554565, "y": 0.49335870146751404, "z": 0.010793759487569332, "vis": 0.9730806350708008}, "4": {"x": 0.5789622068405151, "y": 0.4937576353549957, "z": 0.045460596680641174, "vis": 0.9583051800727844}, "5": {"x": 0.5802334547042847, "y": 0.49281376600265503, "z": 0.04548768699169159, "vis": 0.9602619409561157}, "6": {"x": 0.5814173817634583, "y": 0.4915894865989685, "z": 0.04542055353522301, "vis": 0.9704593420028687}, "7": {"x": 0.5972222089767456, "y": 0.49388614296913147, "z": -0.051354385912418365, "vis": 0.9681457281112671}, "8": {"x": 0.5965938568115234, "y": 0.4898640513420105, "z": 0.10345330089330673, "vis": 0.9732058048248291}, "9": {"x": 0.5855276584625244, "y": 0.5290202498435974, "z": 0.011245949193835258, "vis": 0.9553830623626709}, "10": {"x": 0.5844031572341919, "y": 0.5291485786437988, "z": 0.05598771199584007, "vis": 0.9503633975982666}, "11": {"x": 0.6312422752380371, "y": 0.5602249503135681, "z": -0.15657655894756317, "vis": 0.9974750876426697}, "12": {"x": 0.6417218446731567, "y": 0.5407474637031555, "z": 0.1902056634426117, "vis": 0.9883856773376465}, "13": {"x": 0.6880936026573181, "y": 0.6441965103149414, "z": -0.18702150881290436, "vis": 0.5438377261161804}, "14": {"x": 0.6999546885490417, "y": 0.6455227732658386, "z": 0.23416070640087128, "vis": 0.006858932785689831}, "15": {"x": 0.6925656199455261, "y": 0.7231043577194214, "z": -0.10588822513818741, "vis": 0.2388983815908432}, "16": {"x": 0.7113322019577026, "y": 0.7223943471908569, "z": 0.20184944570064545, "vis": 0.006524507887661457}, "17": {"x": 0.6991217136383057, "y": 0.7382976412773132, "z": -0.12084881216287613, "vis": 0.2420894354581833}, "18": {"x": 0.7178381085395813, "y": 0.7445221543312073, "z": 0.2110656499862671, "vis": 0.01047467440366745}, "19": {"x": 0.6916049122810364, "y": 0.7344024777412415, "z": -0.11501337587833405, "vis": 0.24840667843818665}, "20": {"x": 0.713614821434021, "y": 0.741227924823761, "z": 0.18911686539649963, "vis": 0.010749087668955326}, "21": {"x": 0.690896213054657, "y": 0.7268808484077454, "z": -0.10053708404302597, "vis": 0.2257203757762909}, "22": {"x": 0.7104043364524841, "y": 0.7334616780281067, "z": 0.19088560342788696, "vis": 0.01227189414203167}, "23": {"x": 0.7402641177177429, "y": 0.7468222379684448, "z": -0.11602447926998138, "vis": 0.993599534034729}, "24": {"x": 0.7429534792900085, "y": 0.7306756973266602, "z": 0.11617693305015564, "vis": 0.993775486946106}, "25": {"x": 0.6457223296165466, "y": 0.9078454375267029, "z": -0.1411418467760086, "vis": 0.7779999375343323}, "26": {"x": 0.6558941602706909, "y": 0.8536847233772278, "z": 0.13856752216815948, "vis": 0.09834197908639908}, "27": {"x": 0.7190018892288208, "y": 0.9857262969017029, "z": -0.02726924978196621, "vis": 0.33589527010917664}, "28": {"x": 0.7149425745010376, "y": 0.9518607258796692, "z": 0.16756205260753632, "vis": 0.06531796604394913}, "29": {"x": 0.7371779680252075, "y": 0.9744505286216736, "z": -0.011900144629180431, "vis": 0.39944779872894287}, "30": {"x": 0.7297449707984924, "y": 0.9542281031608582, "z": 0.16946227848529816, "vis": 0.1251734346151352}, "31": {"x": 0.7125283479690552, "y": 1.0418206453323364, "z": 0.015894444659352303, "vis": 0.2841742932796478}, "32": {"x": 0.7072803974151611, "y": 1.0078608989715576, "z": 0.17225052416324615, "vis": 0.08750922232866287}}