{"0": {"x": 0.6973455548286438, "y": 0.19865992665290833, "z": -0.10129877179861069, "vis": 0.9992362260818481}, "1": {"x": 0.7009379267692566, "y": 0.18483759462833405, "z": -0.1198623925447464, "vis": 0.9994725584983826}, "2": {"x": 0.7013059854507446, "y": 0.18566277623176575, "z": -0.11987341940402985, "vis": 0.9992832541465759}, "3": {"x": 0.7014411687850952, "y": 0.18687190115451813, "z": -0.11991694569587708, "vis": 0.9994251728057861}, "4": {"x": 0.7019684314727783, "y": 0.18231415748596191, "z": -0.11298045516014099, "vis": 0.999362051486969}, "5": {"x": 0.7039338946342468, "y": 0.18258598446846008, "z": -0.11302720755338669, "vis": 0.9991788268089294}, "6": {"x": 0.7050637602806091, "y": 0.18305817246437073, "z": -0.11308562010526657, "vis": 0.9994608759880066}, "7": {"x": 0.706338107585907, "y": 0.19622868299484253, "z": -0.14131046831607819, "vis": 0.9985581040382385}, "8": {"x": 0.7108066082000732, "y": 0.1929234266281128, "z": -0.11096195876598358, "vis": 0.9988787770271301}, "9": {"x": 0.6980722546577454, "y": 0.21586233377456665, "z": -0.10184351354837418, "vis": 0.9988868832588196}, "10": {"x": 0.6985544562339783, "y": 0.21531541645526886, "z": -0.09322432428598404, "vis": 0.9992074370384216}, "11": {"x": 0.6910014748573303, "y": 0.2962152063846588, "z": -0.1203889548778534, "vis": 0.99959796667099}, "12": {"x": 0.7248852849006653, "y": 0.2892201840877533, "z": -0.044085580855607986, "vis": 0.9998024106025696}, "13": {"x": 0.6339948177337646, "y": 0.2971300780773163, "z": -0.036164239048957825, "vis": 0.7548576593399048}, "14": {"x": 0.6975424289703369, "y": 0.32400983572006226, "z": 0.04936927556991577, "vis": 0.42108863592147827}, "15": {"x": 0.6666597723960876, "y": 0.23987561464309692, "z": 0.08447538316249847, "vis": 0.07682321965694427}, "16": {"x": 0.683122456073761, "y": 0.24506860971450806, "z": 0.11831017583608627, "vis": 0.07600381970405579}, "17": {"x": 0.6697399616241455, "y": 0.2208223044872284, "z": 0.08873651921749115, "vis": 0.06398753821849823}, "18": {"x": 0.6820961236953735, "y": 0.22526639699935913, "z": 0.12729914486408234, "vis": 0.06560438126325607}, "19": {"x": 0.6744147539138794, "y": 0.22127169370651245, "z": 0.07663746178150177, "vis": 0.06351358443498611}, "20": {"x": 0.6766703724861145, "y": 0.22507381439208984, "z": 0.11662799119949341, "vis": 0.06368795037269592}, "21": {"x": 0.676774263381958, "y": 0.23767176270484924, "z": 0.08353348821401596, "vis": 0.07476911693811417}, "22": {"x": 0.6779278516769409, "y": 0.23242557048797607, "z": 0.11688639968633652, "vis": 0.06790191680192947}, "23": {"x": 0.6847622990608215, "y": 0.5460809469223022, "z": -0.018591580912470818, "vis": 0.9998961687088013}, "24": {"x": 0.684515118598938, "y": 0.5354885458946228, "z": 0.018390214070677757, "vis": 0.9999043941497803}, "25": {"x": 0.7002773880958557, "y": 0.6789323091506958, "z": -0.11000867933034897, "vis": 0.139215886592865}, "26": {"x": 0.6529634594917297, "y": 0.6681165099143982, "z": -0.16556097567081451, "vis": 0.1942565143108368}, "27": {"x": 0.7015243172645569, "y": 0.8050246238708496, "z": -0.2900635004043579, "vis": 0.13998454809188843}, "28": {"x": 0.596237301826477, "y": 0.7337745428085327, "z": -0.40299591422080994, "vis": 0.18280303478240967}, "29": {"x": 0.6996596455574036, "y": 0.8343687057495117, "z": -0.3103868365287781, "vis": 0.39067086577415466}, "30": {"x": 0.5877992510795593, "y": 0.7578823566436768, "z": -0.42840319871902466, "vis": 0.6271547079086304}, "31": {"x": 0.7056846618652344, "y": 0.8043819665908813, "z": -0.3673793375492096, "vis": 0.45776522159576416}, "32": {"x": 0.5812869668006897, "y": 0.7187843322753906, "z": -0.4824548363685608, "vis": 0.6801047325134277}}