{"0": {"x": 0.517038881778717, "y": 0.3916894793510437, "z": -0.051563095301389694, "vis": 0.9991151690483093}, "1": {"x": 0.518293023109436, "y": 0.38005223870277405, "z": -0.0565619096159935, "vis": 0.9992604851722717}, "2": {"x": 0.5194414258003235, "y": 0.379679799079895, "z": -0.05655926838517189, "vis": 0.999119222164154}, "3": {"x": 0.5207214951515198, "y": 0.379498690366745, "z": -0.05655280500650406, "vis": 0.9993058443069458}, "4": {"x": 0.5164543390274048, "y": 0.3805961012840271, "z": -0.04438241198658943, "vis": 0.9994729161262512}, "5": {"x": 0.5163308382034302, "y": 0.3805074393749237, "z": -0.04444154351949692, "vis": 0.9994122982025146}, "6": {"x": 0.5162646174430847, "y": 0.38053858280181885, "z": -0.04449853301048279, "vis": 0.9995840191841125}, "7": {"x": 0.5263808369636536, "y": 0.38071829080581665, "z": -0.05854994058609009, "vis": 0.9987786412239075}, "8": {"x": 0.5208412408828735, "y": 0.38206127285957336, "z": -0.00517675606533885, "vis": 0.9992616772651672}, "9": {"x": 0.5211744904518127, "y": 0.39931046962738037, "z": -0.05088546872138977, "vis": 0.9989019632339478}, "10": {"x": 0.5188206434249878, "y": 0.400134414434433, "z": -0.03556295856833458, "vis": 0.9990841150283813}, "11": {"x": 0.5429201722145081, "y": 0.4182082414627075, "z": -0.08547410368919373, "vis": 0.9981465339660645}, "12": {"x": 0.5339787006378174, "y": 0.4156307876110077, "z": 0.049632903188467026, "vis": 0.9992885589599609}, "13": {"x": 0.5401793718338013, "y": 0.48259538412094116, "z": -0.10905751585960388, "vis": 0.9060180187225342}, "14": {"x": 0.5306593179702759, "y": 0.473123699426651, "z": 0.04589054733514786, "vis": 0.23780643939971924}, "15": {"x": 0.5154209733009338, "y": 0.48607316613197327, "z": -0.08704017847776413, "vis": 0.7932550311088562}, "16": {"x": 0.5173741579055786, "y": 0.5017467737197876, "z": -0.019525807350873947, "vis": 0.39211827516555786}, "17": {"x": 0.5089060068130493, "y": 0.4875795245170593, "z": -0.09882210195064545, "vis": 0.7549366354942322}, "18": {"x": 0.5129645466804504, "y": 0.5101770162582397, "z": -0.023903952911496162, "vis": 0.4234233796596527}, "19": {"x": 0.508260190486908, "y": 0.47893059253692627, "z": -0.09415054321289062, "vis": 0.7422276735305786}, "20": {"x": 0.5136467218399048, "y": 0.5042653679847717, "z": -0.03302070125937462, "vis": 0.4266679286956787}, "21": {"x": 0.5110458135604858, "y": 0.4791949987411499, "z": -0.08439182490110397, "vis": 0.6692144274711609}, "22": {"x": 0.5159494876861572, "y": 0.5018607378005981, "z": -0.024953540414571762, "vis": 0.43394386768341064}, "23": {"x": 0.5845112204551697, "y": 0.5069973468780518, "z": -0.04778736084699631, "vis": 0.9992350339889526}, "24": {"x": 0.575254499912262, "y": 0.5083773732185364, "z": 0.047787848860025406, "vis": 0.9995356798171997}, "25": {"x": 0.5539318919181824, "y": 0.5840540528297424, "z": -0.08879996836185455, "vis": 0.96639484167099}, "26": {"x": 0.5616503357887268, "y": 0.5835138559341431, "z": 0.0024395238142460585, "vis": 0.7307060360908508}, "27": {"x": 0.5468419790267944, "y": 0.6901620626449585, "z": -0.08378195017576218, "vis": 0.9820703268051147}, "28": {"x": 0.5740036964416504, "y": 0.6769969463348389, "z": 0.020809736102819443, "vis": 0.8496943116188049}, "29": {"x": 0.5509441494941711, "y": 0.7046405076980591, "z": -0.08457837998867035, "vis": 0.958747148513794}, "30": {"x": 0.5808055996894836, "y": 0.691754162311554, "z": 0.02175554819405079, "vis": 0.8272112011909485}, "31": {"x": 0.5283301472663879, "y": 0.7148118019104004, "z": -0.12477236241102219, "vis": 0.9773869514465332}, "32": {"x": 0.5583198070526123, "y": 0.7060372829437256, "z": -0.00990177784115076, "vis": 0.890984296798706}}