{"0": {"x": 0.4719342887401581, "y": 0.4904545247554779, "z": -0.41477006673812866, "vis": 0.9998186230659485}, "1": {"x": 0.4734354615211487, "y": 0.4757815897464752, "z": -0.40888386964797974, "vis": 0.9996826648712158}, "2": {"x": 0.47520604729652405, "y": 0.4734634757041931, "z": -0.40889135003089905, "vis": 0.9995018243789673}, "3": {"x": 0.4766542315483093, "y": 0.4711310863494873, "z": -0.4089946150779724, "vis": 0.9996310472488403}, "4": {"x": 0.4665037989616394, "y": 0.4788840115070343, "z": -0.4126508831977844, "vis": 0.9997102618217468}, "5": {"x": 0.46321970224380493, "y": 0.4788247048854828, "z": -0.412727415561676, "vis": 0.9996874332427979}, "6": {"x": 0.45975401997566223, "y": 0.47851598262786865, "z": -0.41274288296699524, "vis": 0.9997344613075256}, "7": {"x": 0.47630879282951355, "y": 0.4653235673904419, "z": -0.324086457490921, "vis": 0.9996439218521118}, "8": {"x": 0.4518042504787445, "y": 0.4755120277404785, "z": -0.3383001387119293, "vis": 0.9996944665908813}, "9": {"x": 0.47387540340423584, "y": 0.4956651031970978, "z": -0.3773689568042755, "vis": 0.9999281167984009}, "10": {"x": 0.46572303771972656, "y": 0.4994311034679413, "z": -0.38161253929138184, "vis": 0.9998728036880493}, "11": {"x": 0.49650686979293823, "y": 0.48292022943496704, "z": -0.21949981153011322, "vis": 0.9999842643737793}, "12": {"x": 0.42966070771217346, "y": 0.5304659008979797, "z": -0.2548142373561859, "vis": 0.9992401599884033}, "13": {"x": 0.5422947406768799, "y": 0.5117303133010864, "z": -0.18888771533966064, "vis": 0.9959450364112854}, "14": {"x": 0.43850988149642944, "y": 0.62958824634552, "z": -0.25002485513687134, "vis": 0.9815641045570374}, "15": {"x": 0.5413243770599365, "y": 0.6119780540466309, "z": -0.2285502701997757, "vis": 0.9386346340179443}, "16": {"x": 0.49023351073265076, "y": 0.6555488109588623, "z": -0.28915196657180786, "vis": 0.9298738837242126}, "17": {"x": 0.5406293869018555, "y": 0.6346309185028076, "z": -0.2485239952802658, "vis": 0.8244351744651794}, "18": {"x": 0.5011643171310425, "y": 0.671427309513092, "z": -0.31699955463409424, "vis": 0.8360140919685364}, "19": {"x": 0.5333377718925476, "y": 0.6335533857345581, "z": -0.2649122178554535, "vis": 0.8332812190055847}, "20": {"x": 0.5031442642211914, "y": 0.6531208753585815, "z": -0.32667234539985657, "vis": 0.8397186398506165}, "21": {"x": 0.5330418348312378, "y": 0.6270360350608826, "z": -0.23513756692409515, "vis": 0.805104672908783}, "22": {"x": 0.49965301156044006, "y": 0.6451812386512756, "z": -0.2925487160682678, "vis": 0.7565340399742126}, "23": {"x": 0.4874977767467499, "y": 0.6386772394180298, "z": -0.004748647101223469, "vis": 0.9998258948326111}, "24": {"x": 0.4448187053203583, "y": 0.6394029259681702, "z": 0.004802984651178122, "vis": 0.9993879795074463}, "25": {"x": 0.48730751872062683, "y": 0.7419726252555847, "z": -0.20078063011169434, "vis": 0.9762405753135681}, "26": {"x": 0.4235457181930542, "y": 0.7394621968269348, "z": -0.16057945787906647, "vis": 0.9645655751228333}, "27": {"x": 0.4727708399295807, "y": 0.86474609375, "z": -0.06637357920408249, "vis": 0.9477049112319946}, "28": {"x": 0.4197023808956146, "y": 0.8733903765678406, "z": -0.046229101717472076, "vis": 0.9701445698738098}, "29": {"x": 0.4682462513446808, "y": 0.8764055371284485, "z": -0.05764159560203552, "vis": 0.7967923879623413}, "30": {"x": 0.4241156280040741, "y": 0.8861924409866333, "z": -0.03970114886760712, "vis": 0.7619379758834839}, "31": {"x": 0.46818315982818604, "y": 0.9117061495780945, "z": -0.15466764569282532, "vis": 0.9504545331001282}, "32": {"x": 0.4064899981021881, "y": 0.9164056777954102, "z": -0.1350860446691513, "vis": 0.9597174525260925}}