{"0": {"x": 0.5525425672531128, "y": 0.38925114274024963, "z": -0.5862711668014526, "vis": 0.999863862991333}, "1": {"x": 0.5906303524971008, "y": 0.3499257564544678, "z": -0.5764206647872925, "vis": 0.9996724128723145}, "2": {"x": 0.6049214601516724, "y": 0.3613460958003998, "z": -0.5763764381408691, "vis": 0.9996846914291382}, "3": {"x": 0.6183617115020752, "y": 0.37206900119781494, "z": -0.5764147043228149, "vis": 0.9996329545974731}, "4": {"x": 0.5593987107276917, "y": 0.3276437520980835, "z": -0.5394690036773682, "vis": 0.9996683597564697}, "5": {"x": 0.551520824432373, "y": 0.32273364067077637, "z": -0.5389305353164673, "vis": 0.9997120499610901}, "6": {"x": 0.5442230701446533, "y": 0.31758296489715576, "z": -0.5392547845840454, "vis": 0.9996910095214844}, "7": {"x": 0.6515652537345886, "y": 0.4265303611755371, "z": -0.4442092180252075, "vis": 0.9995526671409607}, "8": {"x": 0.5640788078308105, "y": 0.36436304450035095, "z": -0.2637348771095276, "vis": 0.9995903372764587}, "9": {"x": 0.5688440799713135, "y": 0.48235511779785156, "z": -0.5373068451881409, "vis": 0.9998511075973511}, "10": {"x": 0.5339937210083008, "y": 0.4581376314163208, "z": -0.4853052496910095, "vis": 0.9998227953910828}, "11": {"x": 0.7357898950576782, "y": 0.7983174324035645, "z": -0.35350266098976135, "vis": 0.995315670967102}, "12": {"x": 0.45628395676612854, "y": 0.7639085650444031, "z": -0.16575120389461517, "vis": 0.9982733726501465}, "13": {"x": 0.815330982208252, "y": 1.2773860692977905, "z": -0.34934771060943604, "vis": 0.18263986706733704}, "14": {"x": 0.36823809146881104, "y": 1.2045230865478516, "z": -0.0586211271584034, "vis": 0.22137773036956787}, "15": {"x": 0.7831739783287048, "y": 1.644615888595581, "z": -0.46152517199516296, "vis": 0.02156192436814308}, "16": {"x": 0.3340597152709961, "y": 1.5463683605194092, "z": -0.30744537711143494, "vis": 0.04697762802243233}, "17": {"x": 0.7962151765823364, "y": 1.7802412509918213, "z": -0.5153923630714417, "vis": 0.027046116068959236}, "18": {"x": 0.3073059320449829, "y": 1.6605863571166992, "z": -0.36526376008987427, "vis": 0.05642719194293022}, "19": {"x": 0.7505185008049011, "y": 1.7884784936904907, "z": -0.541273295879364, "vis": 0.05053582042455673}, "20": {"x": 0.33694660663604736, "y": 1.6741749048233032, "z": -0.42709437012672424, "vis": 0.1081726923584938}, "21": {"x": 0.7411062121391296, "y": 1.7282439470291138, "z": -0.4791971445083618, "vis": 0.04996010661125183}, "22": {"x": 0.3512246608734131, "y": 1.629895806312561, "z": -0.34464165568351746, "vis": 0.1033751592040062}, "23": {"x": 0.6574435234069824, "y": 1.6238715648651123, "z": -0.10282761603593826, "vis": 0.0003605266392696649}, "24": {"x": 0.45646172761917114, "y": 1.5764813423156738, "z": 0.10652495175600052, "vis": 0.0003700536035466939}, "25": {"x": 0.6159636378288269, "y": 2.265313148498535, "z": -0.1766490936279297, "vis": 0.000496969441883266}, "26": {"x": 0.43580162525177, "y": 2.2320666313171387, "z": 0.20772138237953186, "vis": 0.0001192761556012556}, "27": {"x": 0.6012513041496277, "y": 2.8462376594543457, "z": 0.22971054911613464, "vis": 9.090263483813033e-05}, "28": {"x": 0.4196198284626007, "y": 2.7960517406463623, "z": 0.5238617658615112, "vis": 6.654111075476976e-06}, "29": {"x": 0.6102259159088135, "y": 2.9548583030700684, "z": 0.24676445126533508, "vis": 5.562354635912925e-05}, "30": {"x": 0.4143941104412079, "y": 2.891788959503174, "z": 0.5431323051452637, "vis": 2.5458875825279392e-05}, "31": {"x": 0.5465990304946899, "y": 3.00760817527771, "z": -0.17012134194374084, "vis": 9.038505231728777e-05}, "32": {"x": 0.4244246482849121, "y": 2.9814624786376953, "z": 0.13369280099868774, "vis": 5.5716031056363136e-05}}