{"0": {"x": 0.5287593603134155, "y": 0.22551065683364868, "z": -0.10474784672260284, "vis": 0.9682604670524597}, "1": {"x": 0.5273731350898743, "y": 0.21138161420822144, "z": -0.11157704144716263, "vis": 0.9748117327690125}, "2": {"x": 0.5280963182449341, "y": 0.20978520810604095, "z": -0.11160247027873993, "vis": 0.9808422327041626}, "3": {"x": 0.5289716124534607, "y": 0.209493488073349, "z": -0.111648790538311, "vis": 0.9819705486297607}, "4": {"x": 0.5254126191139221, "y": 0.21233774721622467, "z": -0.1002730131149292, "vis": 0.9362958669662476}, "5": {"x": 0.5287007689476013, "y": 0.21774426102638245, "z": -0.10027552396059036, "vis": 0.9244661927223206}, "6": {"x": 0.5287953019142151, "y": 0.2176709771156311, "z": -0.10031471401453018, "vis": 0.9205388426780701}, "7": {"x": 0.5338277220726013, "y": 0.20853762328624725, "z": -0.12114682048559189, "vis": 0.9861391186714172}, "8": {"x": 0.5303969979286194, "y": 0.20981784164905548, "z": -0.07010018825531006, "vis": 0.9072230458259583}, "9": {"x": 0.531619131565094, "y": 0.22535429894924164, "z": -0.10627587884664536, "vis": 0.9849698543548584}, "10": {"x": 0.5324043035507202, "y": 0.2309296727180481, "z": -0.09150365740060806, "vis": 0.9549404978752136}, "11": {"x": 0.5585386753082275, "y": 0.24551482498645782, "z": -0.1257876455783844, "vis": 0.9999048709869385}, "12": {"x": 0.5445389747619629, "y": 0.24447490274906158, "z": -0.026518670842051506, "vis": 0.992590069770813}, "13": {"x": 0.5651552677154541, "y": 0.3185553550720215, "z": -0.137197807431221, "vis": 0.9601640701293945}, "14": {"x": 0.545489490032196, "y": 0.30081048607826233, "z": -0.005077233538031578, "vis": 0.08426383137702942}, "15": {"x": 0.5525278449058533, "y": 0.33811312913894653, "z": -0.14209260046482086, "vis": 0.8709304332733154}, "16": {"x": 0.5428423881530762, "y": 0.3264334499835968, "z": -0.02501586452126503, "vis": 0.08208414912223816}, "17": {"x": 0.5498746037483215, "y": 0.3437354862689972, "z": -0.15613773465156555, "vis": 0.8198069334030151}, "18": {"x": 0.5420995354652405, "y": 0.3329966962337494, "z": -0.027914345264434814, "vis": 0.08416377007961273}, "19": {"x": 0.5484057068824768, "y": 0.3369067311286926, "z": -0.1551341563463211, "vis": 0.8197290897369385}, "20": {"x": 0.54030841588974, "y": 0.329608291387558, "z": -0.03821129351854324, "vis": 0.08732160180807114}, "21": {"x": 0.5493561625480652, "y": 0.3345105051994324, "z": -0.14143690466880798, "vis": 0.7312010526657104}, "22": {"x": 0.5407783389091492, "y": 0.32757845520973206, "z": -0.030130639672279358, "vis": 0.105863556265831}, "23": {"x": 0.5661947727203369, "y": 0.34036409854888916, "z": -0.03512591868638992, "vis": 0.9986371397972107}, "24": {"x": 0.5596266984939575, "y": 0.3357694447040558, "z": 0.03511429578065872, "vis": 0.9924345016479492}, "25": {"x": 0.5571237802505493, "y": 0.4045126736164093, "z": -0.016508493572473526, "vis": 0.9448044896125793}, "26": {"x": 0.5611699819564819, "y": 0.40268629789352417, "z": 0.07479661703109741, "vis": 0.19647318124771118}, "27": {"x": 0.5748512744903564, "y": 0.48198074102401733, "z": 0.02204698510468006, "vis": 0.9704530835151672}, "28": {"x": 0.5738936066627502, "y": 0.46457475423812866, "z": 0.13657572865486145, "vis": 0.4531056582927704}, "29": {"x": 0.5804920196533203, "y": 0.4910171627998352, "z": 0.024471310898661613, "vis": 0.9391023516654968}, "30": {"x": 0.5793834328651428, "y": 0.4750174582004547, "z": 0.141863152384758, "vis": 0.49892887473106384}, "31": {"x": 0.5590401887893677, "y": 0.5013554692268372, "z": -0.006417237687855959, "vis": 0.9618396162986755}, "32": {"x": 0.5619960427284241, "y": 0.4848226308822632, "z": 0.1211092472076416, "vis": 0.6213614344596863}}