{"0": {"x": 0.5212944149971008, "y": 0.4848876893520355, "z": 0.36604931950569153, "vis": 0.992958664894104}, "1": {"x": 0.5194203853607178, "y": 0.4729222357273102, "z": 0.34585925936698914, "vis": 0.9963265061378479}, "2": {"x": 0.518544614315033, "y": 0.4717912971973419, "z": 0.34591567516326904, "vis": 0.9954894185066223}, "3": {"x": 0.5175170302391052, "y": 0.47111207246780396, "z": 0.34592464566230774, "vis": 0.9965044260025024}, "4": {"x": 0.5246047973632812, "y": 0.46879997849464417, "z": 0.3611614406108856, "vis": 0.9963629841804504}, "5": {"x": 0.5266362428665161, "y": 0.4686518609523773, "z": 0.36123156547546387, "vis": 0.9955677390098572}, "6": {"x": 0.5287272930145264, "y": 0.4684732258319855, "z": 0.3612007796764374, "vis": 0.9973908066749573}, "7": {"x": 0.5207223892211914, "y": 0.47265806794166565, "z": 0.2551122307777405, "vis": 0.9940085411071777}, "8": {"x": 0.5398938655853271, "y": 0.4756416082382202, "z": 0.32569870352745056, "vis": 0.9984014630317688}, "9": {"x": 0.5184018611907959, "y": 0.5039612650871277, "z": 0.33391091227531433, "vis": 0.9847965240478516}, "10": {"x": 0.5256326794624329, "y": 0.4988526701927185, "z": 0.3541513979434967, "vis": 0.9867678284645081}, "11": {"x": 0.5122460126876831, "y": 0.5208842754364014, "z": 0.14159518480300903, "vis": 0.9997571110725403}, "12": {"x": 0.5764563679695129, "y": 0.5578928589820862, "z": 0.2876661419868469, "vis": 0.9979795813560486}, "13": {"x": 0.457878440618515, "y": 0.5719701051712036, "z": 0.061379048973321915, "vis": 0.9916157126426697}, "14": {"x": 0.5933977365493774, "y": 0.6637589931488037, "z": 0.3138945698738098, "vis": 0.08962751179933548}, "15": {"x": 0.4086635708808899, "y": 0.5927390456199646, "z": 0.047800883650779724, "vis": 0.9801889657974243}, "16": {"x": 0.5839806199073792, "y": 0.7652686834335327, "z": 0.35010215640068054, "vis": 0.16412614285945892}, "17": {"x": 0.39652663469314575, "y": 0.6036789417266846, "z": 0.027581162750720978, "vis": 0.9747765064239502}, "18": {"x": 0.5836390852928162, "y": 0.7906650304794312, "z": 0.3484547734260559, "vis": 0.21501581370830536}, "19": {"x": 0.39914095401763916, "y": 0.5995758175849915, "z": 0.036743421107530594, "vis": 0.9719385504722595}, "20": {"x": 0.5797430872917175, "y": 0.7901807427406311, "z": 0.3414188027381897, "vis": 0.17170974612236023}, "21": {"x": 0.4042113125324249, "y": 0.597100555896759, "z": 0.05038619041442871, "vis": 0.9511143565177917}, "22": {"x": 0.5782296657562256, "y": 0.7833929061889648, "z": 0.3464874029159546, "vis": 0.18488582968711853}, "23": {"x": 0.5343326926231384, "y": 0.731972336769104, "z": -0.060936570167541504, "vis": 0.9999346733093262}, "24": {"x": 0.5693054795265198, "y": 0.7491044998168945, "z": 0.06072778254747391, "vis": 0.9994822144508362}, "25": {"x": 0.439479261636734, "y": 0.8322839140892029, "z": -0.0544673427939415, "vis": 0.9834833145141602}, "26": {"x": 0.5027782320976257, "y": 0.8495951890945435, "z": 0.09948662668466568, "vis": 0.8547414541244507}, "27": {"x": 0.4778783917427063, "y": 1.0125892162322998, "z": -0.08482227474451065, "vis": 0.9523478150367737}, "28": {"x": 0.5200639963150024, "y": 0.9951515197753906, "z": 0.06615707278251648, "vis": 0.5775737762451172}, "29": {"x": 0.493362694978714, "y": 1.031861662864685, "z": -0.08662921190261841, "vis": 0.9752928614616394}, "30": {"x": 0.5284322500228882, "y": 1.0151277780532837, "z": 0.060428280383348465, "vis": 0.8488154411315918}, "31": {"x": 0.46400147676467896, "y": 1.0758286714553833, "z": -0.07529572397470474, "vis": 0.9147816300392151}, "32": {"x": 0.5183026790618896, "y": 1.036135196685791, "z": 0.04524940252304077, "vis": 0.5374579429626465}}