{"0": {"x": 0.5339475274085999, "y": 0.515264093875885, "z": 0.33365485072135925, "vis": 0.7223103642463684}, "1": {"x": 0.5316980481147766, "y": 0.5006447434425354, "z": 0.3211938440799713, "vis": 0.5672608017921448}, "2": {"x": 0.5264947414398193, "y": 0.49518251419067383, "z": 0.32122713327407837, "vis": 0.5110123753547668}, "3": {"x": 0.524649441242218, "y": 0.494825541973114, "z": 0.321220338344574, "vis": 0.6012065410614014}, "4": {"x": 0.5383349061012268, "y": 0.5060979127883911, "z": 0.32723861932754517, "vis": 0.6496546268463135}, "5": {"x": 0.5405914187431335, "y": 0.507768988609314, "z": 0.3273518681526184, "vis": 0.5795246958732605}, "6": {"x": 0.5429067015647888, "y": 0.5093425512313843, "z": 0.3273017108440399, "vis": 0.6764025688171387}, "7": {"x": 0.5227614641189575, "y": 0.4994662404060364, "z": 0.2483222633600235, "vis": 0.5399420261383057}, "8": {"x": 0.5457736849784851, "y": 0.5175256133079529, "z": 0.2789023518562317, "vis": 0.7085187435150146}, "9": {"x": 0.5290335416793823, "y": 0.5226647853851318, "z": 0.3077670633792877, "vis": 0.5620014667510986}, "10": {"x": 0.5358653664588928, "y": 0.5282423496246338, "z": 0.31660377979278564, "vis": 0.6378644108772278}, "11": {"x": 0.49819013476371765, "y": 0.5204026699066162, "z": 0.13977374136447906, "vis": 0.9996755123138428}, "12": {"x": 0.5709109902381897, "y": 0.5905335545539856, "z": 0.23274846374988556, "vis": 0.9985257983207703}, "13": {"x": 0.4562595784664154, "y": 0.5451314449310303, "z": 0.03081139735877514, "vis": 0.9819602966308594}, "14": {"x": 0.5659802556037903, "y": 0.7013833522796631, "z": 0.19888973236083984, "vis": 0.09529531002044678}, "15": {"x": 0.4183816611766815, "y": 0.5620842576026917, "z": -0.05615692958235741, "vis": 0.9048119187355042}, "16": {"x": 0.5482096672058105, "y": 0.8005027174949646, "z": 0.1644131988286972, "vis": 0.6590560674667358}, "17": {"x": 0.40436285734176636, "y": 0.5616523623466492, "z": -0.08408191800117493, "vis": 0.8727288842201233}, "18": {"x": 0.547332227230072, "y": 0.8205909729003906, "z": 0.1538383960723877, "vis": 0.7560287117958069}, "19": {"x": 0.40755215287208557, "y": 0.5549156665802002, "z": -0.06576575338840485, "vis": 0.8521044850349426}, "20": {"x": 0.5389028191566467, "y": 0.8196399807929993, "z": 0.15165197849273682, "vis": 0.6909061670303345}, "21": {"x": 0.4154902696609497, "y": 0.5608062744140625, "z": -0.05222509428858757, "vis": 0.7822044491767883}, "22": {"x": 0.5366807579994202, "y": 0.8143909573554993, "z": 0.16127631068229675, "vis": 0.5908662676811218}, "23": {"x": 0.5038264989852905, "y": 0.6884599328041077, "z": -0.048062052577733994, "vis": 0.9999904632568359}, "24": {"x": 0.550774335861206, "y": 0.7251352667808533, "z": 0.04759557172656059, "vis": 0.9998780488967896}, "25": {"x": 0.43193507194519043, "y": 0.7361212372779846, "z": 0.06140044704079628, "vis": 0.9852362871170044}, "26": {"x": 0.5117535591125488, "y": 0.7907721996307373, "z": 0.19187085330486298, "vis": 0.6953737139701843}, "27": {"x": 0.4304178059101105, "y": 0.8862979412078857, "z": 0.022403856739401817, "vis": 0.9848301410675049}, "28": {"x": 0.4974585175514221, "y": 0.9132074117660522, "z": 0.14110025763511658, "vis": 0.8805042505264282}, "29": {"x": 0.43730437755584717, "y": 0.9067147970199585, "z": 0.019806627184152603, "vis": 0.9926135540008545}, "30": {"x": 0.49895140528678894, "y": 0.9340827465057373, "z": 0.13355585932731628, "vis": 0.9572654366493225}, "31": {"x": 0.42745861411094666, "y": 0.932102620601654, "z": 0.03369608893990517, "vis": 0.9694899916648865}, "32": {"x": 0.48212090134620667, "y": 0.9411060810089111, "z": 0.11599567532539368, "vis": 0.7862017750740051}}