{"0": {"x": 0.5085184574127197, "y": 0.421640545129776, "z": -0.08833276480436325, "vis": 0.9999408721923828}, "1": {"x": 0.5099513530731201, "y": 0.4079536199569702, "z": -0.09805814921855927, "vis": 0.9999828338623047}, "2": {"x": 0.5112282037734985, "y": 0.40744656324386597, "z": -0.09803149104118347, "vis": 0.999984622001648}, "3": {"x": 0.5124610662460327, "y": 0.40704309940338135, "z": -0.0980684831738472, "vis": 0.9999867677688599}, "4": {"x": 0.5075646638870239, "y": 0.40797922015190125, "z": -0.07945463806390762, "vis": 0.9999594688415527}, "5": {"x": 0.5073634386062622, "y": 0.40738046169281006, "z": -0.07948953658342361, "vis": 0.9999551773071289}, "6": {"x": 0.507169783115387, "y": 0.4067634642124176, "z": -0.07949657738208771, "vis": 0.9999598264694214}, "7": {"x": 0.5191938281059265, "y": 0.40670445561408997, "z": -0.11575166881084442, "vis": 0.9999821186065674}, "8": {"x": 0.5137489438056946, "y": 0.40551331639289856, "z": -0.032289788126945496, "vis": 0.9999703168869019}, "9": {"x": 0.5143737196922302, "y": 0.4300711452960968, "z": -0.0927930399775505, "vis": 0.9999632835388184}, "10": {"x": 0.5112968683242798, "y": 0.4298619329929352, "z": -0.06873036921024323, "vis": 0.9999563694000244}, "11": {"x": 0.5405094027519226, "y": 0.44609689712524414, "z": -0.139384925365448, "vis": 0.9999774694442749}, "12": {"x": 0.5271296501159668, "y": 0.4458892345428467, "z": 0.03546996787190437, "vis": 0.9997939467430115}, "13": {"x": 0.5055894255638123, "y": 0.49559926986694336, "z": -0.13044477999210358, "vis": 0.9556710124015808}, "14": {"x": 0.5005199909210205, "y": 0.47651273012161255, "z": 0.13374188542366028, "vis": 0.34592190384864807}, "15": {"x": 0.49529579281806946, "y": 0.4358965754508972, "z": -0.04538316652178764, "vis": 0.8670227527618408}, "16": {"x": 0.4929104447364807, "y": 0.4318990409374237, "z": 0.2189071774482727, "vis": 0.2826124131679535}, "17": {"x": 0.4919787645339966, "y": 0.4204389452934265, "z": -0.05112779885530472, "vis": 0.8201926946640015}, "18": {"x": 0.49124717712402344, "y": 0.41762974858283997, "z": 0.23590895533561707, "vis": 0.2193579524755478}, "19": {"x": 0.4958817660808563, "y": 0.4164443612098694, "z": -0.0572761595249176, "vis": 0.8163326382637024}, "20": {"x": 0.49542945623397827, "y": 0.4135589301586151, "z": 0.23281016945838928, "vis": 0.22301894426345825}, "21": {"x": 0.4977666735649109, "y": 0.42179977893829346, "z": -0.0453178770840168, "vis": 0.7467013597488403}, "22": {"x": 0.4970282316207886, "y": 0.41754376888275146, "z": 0.21990197896957397, "vis": 0.22853748500347137}, "23": {"x": 0.5940241813659668, "y": 0.5476997494697571, "z": -0.057512085884809494, "vis": 0.9999557733535767}, "24": {"x": 0.5723331570625305, "y": 0.5482658743858337, "z": 0.05777186155319214, "vis": 0.9998655319213867}, "25": {"x": 0.5687362551689148, "y": 0.6307947635650635, "z": -0.21375808119773865, "vis": 0.9729655385017395}, "26": {"x": 0.537140965461731, "y": 0.616898775100708, "z": -0.05693862959742546, "vis": 0.7194395661354065}, "27": {"x": 0.5720216035842896, "y": 0.7540057301521301, "z": -0.2355339676141739, "vis": 0.9648146629333496}, "28": {"x": 0.5332104563713074, "y": 0.7345556020736694, "z": -0.05594941973686218, "vis": 0.5332778096199036}, "29": {"x": 0.5801563858985901, "y": 0.7758082747459412, "z": -0.2384321391582489, "vis": 0.8946449756622314}, "30": {"x": 0.53794264793396, "y": 0.7535461187362671, "z": -0.05715757608413696, "vis": 0.6501844525337219}, "31": {"x": 0.5530712604522705, "y": 0.782095730304718, "z": -0.30056700110435486, "vis": 0.9647454023361206}, "32": {"x": 0.5041041970252991, "y": 0.7433737516403198, "z": -0.09949684888124466, "vis": 0.7581133842468262}}