{"0": {"x": 0.4476131498813629, "y": 0.43880343437194824, "z": -0.30522194504737854, "vis": 0.9998488426208496}, "1": {"x": 0.4646748900413513, "y": 0.36820316314697266, "z": -0.36058908700942993, "vis": 0.9998571872711182}, "2": {"x": 0.4718925952911377, "y": 0.36648011207580566, "z": -0.3607426881790161, "vis": 0.9998358488082886}, "3": {"x": 0.4806564152240753, "y": 0.36429286003112793, "z": -0.36102530360221863, "vis": 0.9998853206634521}, "4": {"x": 0.45479273796081543, "y": 0.3673975467681885, "z": -0.2642962634563446, "vis": 0.9998243451118469}, "5": {"x": 0.4541218876838684, "y": 0.36528298258781433, "z": -0.26380783319473267, "vis": 0.9997599720954895}, "6": {"x": 0.45343315601348877, "y": 0.36279013752937317, "z": -0.2640951871871948, "vis": 0.9998074173927307}, "7": {"x": 0.5395004749298096, "y": 0.3892550468444824, "z": -0.44955945014953613, "vis": 0.9999266862869263}, "8": {"x": 0.49627092480659485, "y": 0.3790372610092163, "z": -0.006562724243849516, "vis": 0.9997790455818176}, "9": {"x": 0.4660625457763672, "y": 0.49212270975112915, "z": -0.3310759365558624, "vis": 0.9998852014541626}, "10": {"x": 0.45318761467933655, "y": 0.4925961494445801, "z": -0.20384399592876434, "vis": 0.9997022747993469}, "11": {"x": 0.6718607544898987, "y": 0.7136560678482056, "z": -0.6048418283462524, "vis": 0.9972080588340759}, "12": {"x": 0.46671995520591736, "y": 0.7496682405471802, "z": 0.23113682866096497, "vis": 0.9961957931518555}, "13": {"x": 0.6845513582229614, "y": 1.2678828239440918, "z": -0.6606593132019043, "vis": 0.3632600009441376}, "14": {"x": 0.41151273250579834, "y": 1.220631718635559, "z": 0.23343311250209808, "vis": 0.08932603150606155}, "15": {"x": 0.6020950675010681, "y": 1.5990644693374634, "z": -0.5079598426818848, "vis": 0.060115642845630646}, "16": {"x": 0.3470287322998047, "y": 1.3601046800613403, "z": -0.20621708035469055, "vis": 0.040058184415102005}, "17": {"x": 0.6007620096206665, "y": 1.7133257389068604, "z": -0.5605247020721436, "vis": 0.08086730539798737}, "18": {"x": 0.314874529838562, "y": 1.413221836090088, "z": -0.24301546812057495, "vis": 0.0605778694152832}, "19": {"x": 0.5682259798049927, "y": 1.708044409751892, "z": -0.553346574306488, "vis": 0.13169603049755096}, "20": {"x": 0.3267335295677185, "y": 1.389451026916504, "z": -0.28298601508140564, "vis": 0.10601094365119934}, "21": {"x": 0.5711830854415894, "y": 1.6594873666763306, "z": -0.5015307068824768, "vis": 0.125325545668602}, "22": {"x": 0.34212374687194824, "y": 1.3693654537200928, "z": -0.2458232194185257, "vis": 0.11361684650182724}, "23": {"x": 0.6618549823760986, "y": 1.5889074802398682, "z": -0.2641489505767822, "vis": 0.0004277025582268834}, "24": {"x": 0.48940736055374146, "y": 1.587360143661499, "z": 0.26803091168403625, "vis": 0.0006546838558278978}, "25": {"x": 0.6324844360351562, "y": 2.2595295906066895, "z": -0.31241902709007263, "vis": 0.00019009261450264603}, "26": {"x": 0.46662259101867676, "y": 2.239453077316284, "z": 0.47399666905403137, "vis": 8.151847578119487e-05}, "27": {"x": 0.6478102803230286, "y": 2.8510847091674805, "z": 0.10634975135326385, "vis": 8.91498893906828e-06}, "28": {"x": 0.4854781925678253, "y": 2.8193399906158447, "z": 0.824797511100769, "vis": 1.9195390450477134e-06}, "29": {"x": 0.6761159300804138, "y": 2.9615883827209473, "z": 0.124554842710495, "vis": 9.072571629076265e-06}, "30": {"x": 0.49531126022338867, "y": 2.9164443016052246, "z": 0.8492572903633118, "vis": 9.764811693457887e-06}, "31": {"x": 0.5563687086105347, "y": 2.9806571006774902, "z": -0.24215854704380035, "vis": 1.862268618424423e-05}, "32": {"x": 0.44102320075035095, "y": 2.984758138656616, "z": 0.5136237144470215, "vis": 1.3965209291200154e-05}}