{"0": {"x": 0.42810627818107605, "y": 0.3834930956363678, "z": -0.48867928981781006, "vis": 0.9998478889465332}, "1": {"x": 0.45332011580467224, "y": 0.316311240196228, "z": -0.5213273763656616, "vis": 0.9997941851615906}, "2": {"x": 0.46803319454193115, "y": 0.31423842906951904, "z": -0.5212452411651611, "vis": 0.9997683167457581}, "3": {"x": 0.4839629530906677, "y": 0.31187474727630615, "z": -0.520984947681427, "vis": 0.9997579455375671}, "4": {"x": 0.42806094884872437, "y": 0.31855690479278564, "z": -0.4446123540401459, "vis": 0.9998156428337097}, "5": {"x": 0.42347604036331177, "y": 0.31841564178466797, "z": -0.444034218788147, "vis": 0.9997439980506897}, "6": {"x": 0.4193037450313568, "y": 0.3181748390197754, "z": -0.4443424940109253, "vis": 0.9997180104255676}, "7": {"x": 0.5348121523857117, "y": 0.3410775661468506, "z": -0.479716956615448, "vis": 0.9998948574066162}, "8": {"x": 0.4535801112651825, "y": 0.34342122077941895, "z": -0.13165974617004395, "vis": 0.9996166229248047}, "9": {"x": 0.4568317234516144, "y": 0.45382678508758545, "z": -0.463022917509079, "vis": 0.999748170375824}, "10": {"x": 0.42895615100860596, "y": 0.4535253047943115, "z": -0.363544762134552, "vis": 0.999535322189331}, "11": {"x": 0.6255521774291992, "y": 0.6919119358062744, "z": -0.5747770071029663, "vis": 0.992652416229248}, "12": {"x": 0.45001792907714844, "y": 0.6978471279144287, "z": 0.17375437915325165, "vis": 0.9980418682098389}, "13": {"x": 0.5472347140312195, "y": 1.283395528793335, "z": -0.6461390256881714, "vis": 0.5356447100639343}, "14": {"x": 0.383919358253479, "y": 1.054153323173523, "z": 0.07494336366653442, "vis": 0.03446317836642265}, "15": {"x": 0.3086948096752167, "y": 1.288268804550171, "z": -0.3811585605144501, "vis": 0.36603111028671265}, "16": {"x": 0.3054194450378418, "y": 1.2945196628570557, "z": -0.41243934631347656, "vis": 0.051154911518096924}, "17": {"x": 0.2478870153427124, "y": 1.311597466468811, "z": -0.4163736402988434, "vis": 0.3439857065677643}, "18": {"x": 0.27053025364875793, "y": 1.3708373308181763, "z": -0.46972963213920593, "vis": 0.11015157401561737}, "19": {"x": 0.24563860893249512, "y": 1.1394238471984863, "z": -0.36367014050483704, "vis": 0.42559367418289185}, "20": {"x": 0.2810015380382538, "y": 1.3324682712554932, "z": -0.5133704543113708, "vis": 0.154985710978508}, "21": {"x": 0.27122369408607483, "y": 1.101558804512024, "z": -0.3544244170188904, "vis": 0.42688488960266113}, "22": {"x": 0.3008263409137726, "y": 1.311245322227478, "z": -0.45631492137908936, "vis": 0.16219109296798706}, "23": {"x": 0.6297472715377808, "y": 1.6388165950775146, "z": -0.21250498294830322, "vis": 0.002875393256545067}, "24": {"x": 0.45472005009651184, "y": 1.6205387115478516, "z": 0.2163306623697281, "vis": 0.005205284804105759}, "25": {"x": 0.609251856803894, "y": 2.338508129119873, "z": -0.315216988325119, "vis": 0.0010892328573390841}, "26": {"x": 0.4449436664581299, "y": 2.3450615406036377, "z": 0.3738412857055664, "vis": 0.0006569563993252814}, "27": {"x": 0.6137871146202087, "y": 2.9865763187408447, "z": 0.01354906614869833, "vis": 5.457756560645066e-05}, "28": {"x": 0.46529120206832886, "y": 3.004662036895752, "z": 0.5714962482452393, "vis": 3.1678297091275454e-05}, "29": {"x": 0.6364472508430481, "y": 3.0848922729492188, "z": 0.02535994164645672, "vis": 5.3573163313558325e-05}, "30": {"x": 0.47799432277679443, "y": 3.110940456390381, "z": 0.5797878503799438, "vis": 7.061030919430777e-05}, "31": {"x": 0.5396559834480286, "y": 3.159266710281372, "z": -0.35171976685523987, "vis": 0.00024166004732251167}, "32": {"x": 0.4254532754421234, "y": 3.1819021701812744, "z": 0.22944007813930511, "vis": 0.00016181112732738256}}