{"0": {"x": 0.5452370643615723, "y": 0.2566269636154175, "z": -0.6240780353546143, "vis": 0.9999196529388428}, "1": {"x": 0.5765330791473389, "y": 0.20835649967193604, "z": -0.6227233409881592, "vis": 0.9997532963752747}, "2": {"x": 0.5920512080192566, "y": 0.21431899070739746, "z": -0.6224868297576904, "vis": 0.9997820258140564}, "3": {"x": 0.6075929999351501, "y": 0.221421480178833, "z": -0.6225962042808533, "vis": 0.999782145023346}, "4": {"x": 0.5434878468513489, "y": 0.19528008997440338, "z": -0.5831350088119507, "vis": 0.9997485280036926}, "5": {"x": 0.536531925201416, "y": 0.19278360903263092, "z": -0.5825287103652954, "vis": 0.9997283816337585}, "6": {"x": 0.5303563475608826, "y": 0.19097600877285004, "z": -0.5827848315238953, "vis": 0.9996680021286011}, "7": {"x": 0.6412115693092346, "y": 0.2797877788543701, "z": -0.5024248957633972, "vis": 0.9997764229774475}, "8": {"x": 0.5386386513710022, "y": 0.24242542684078217, "z": -0.30174970626831055, "vis": 0.9996757507324219}, "9": {"x": 0.5661271214485168, "y": 0.343961238861084, "z": -0.5759497880935669, "vis": 0.9999098777770996}, "10": {"x": 0.530649721622467, "y": 0.3301365375518799, "z": -0.5182382464408875, "vis": 0.9998469352722168}, "11": {"x": 0.7656285166740417, "y": 0.6747288107872009, "z": -0.400990754365921, "vis": 0.9993627667427063}, "12": {"x": 0.42008864879608154, "y": 0.6749696731567383, "z": -0.22251151502132416, "vis": 0.9994730353355408}, "13": {"x": 0.8292267918586731, "y": 1.0674912929534912, "z": -0.3820294737815857, "vis": 0.2995370924472809}, "14": {"x": 0.331966370344162, "y": 1.0534963607788086, "z": -0.19746160507202148, "vis": 0.17977333068847656}, "15": {"x": 0.8439478278160095, "y": 1.5439649820327759, "z": -0.49786314368247986, "vis": 0.048872072249650955}, "16": {"x": 0.3050561845302582, "y": 1.4615176916122437, "z": -0.5510491132736206, "vis": 0.06011904031038284}, "17": {"x": 0.8680468201637268, "y": 1.672234058380127, "z": -0.5546895861625671, "vis": 0.05831172317266464}, "18": {"x": 0.27531179785728455, "y": 1.5668164491653442, "z": -0.6311073899269104, "vis": 0.07926268130540848}, "19": {"x": 0.825632631778717, "y": 1.6848207712173462, "z": -0.5904752016067505, "vis": 0.10966181755065918}, "20": {"x": 0.30753293633461, "y": 1.572862148284912, "z": -0.6824865937232971, "vis": 0.13305021822452545}, "21": {"x": 0.8127580881118774, "y": 1.6318196058273315, "z": -0.519771158695221, "vis": 0.11632315814495087}, "22": {"x": 0.3217526376247406, "y": 1.5326271057128906, "z": -0.5899813175201416, "vis": 0.14232417941093445}, "23": {"x": 0.6847845315933228, "y": 1.5795458555221558, "z": -0.08869814872741699, "vis": 0.00015850679483264685}, "24": {"x": 0.46857213973999023, "y": 1.5259202718734741, "z": 0.0935535803437233, "vis": 0.0002205440978286788}, "25": {"x": 0.6817978620529175, "y": 2.229257583618164, "z": -0.011738201603293419, "vis": 9.503663932264317e-06}, "26": {"x": 0.4703606069087982, "y": 2.223668098449707, "z": 0.4485778510570526, "vis": 3.323763621665421e-06}, "27": {"x": 0.6863413453102112, "y": 2.827831268310547, "z": 0.5655731558799744, "vis": 7.972618618623528e-07}, "28": {"x": 0.48133033514022827, "y": 2.8199052810668945, "z": 1.0908856391906738, "vis": 1.225467656240653e-07}, "29": {"x": 0.6943405270576477, "y": 2.9392664432525635, "z": 0.6007871031761169, "vis": 1.0451491334606544e-06}, "30": {"x": 0.4784659445285797, "y": 2.9246859550476074, "z": 1.1452561616897583, "vis": 3.374787524990097e-07}, "31": {"x": 0.6436818242073059, "y": 3.01302170753479, "z": 0.1657651960849762, "vis": 3.053500904570683e-06}, "32": {"x": 0.5027737021446228, "y": 3.022550582885742, "z": 0.7081078886985779, "vis": 1.8125766700904933e-06}}