{"0": {"x": 0.5148158073425293, "y": 0.9162461757659912, "z": 0.1027640625834465, "vis": 0.9983335137367249}, "1": {"x": 0.520156741142273, "y": 0.9395502805709839, "z": 0.07628689706325531, "vis": 0.9991391897201538}, "2": {"x": 0.5218309164047241, "y": 0.9380367994308472, "z": 0.07627306133508682, "vis": 0.999100923538208}, "3": {"x": 0.5274192690849304, "y": 0.9369637966156006, "z": 0.07627784460783005, "vis": 0.9991527795791626}, "4": {"x": 0.5110436081886292, "y": 0.9422352313995361, "z": 0.07667821645736694, "vis": 0.9989917874336243}, "5": {"x": 0.504583477973938, "y": 0.9412405490875244, "z": 0.0767885372042656, "vis": 0.9988240599632263}, "6": {"x": 0.5033630728721619, "y": 0.9410532116889954, "z": 0.0767645314335823, "vis": 0.9984721541404724}, "7": {"x": 0.5336360931396484, "y": 0.9069095849990845, "z": 0.004573964048177004, "vis": 0.9995055198669434}, "8": {"x": 0.5006688237190247, "y": 0.8917434811592102, "z": 0.010765611194074154, "vis": 0.9994640946388245}, "9": {"x": 0.5201010704040527, "y": 0.9271405339241028, "z": 0.08316658437252045, "vis": 0.9996687173843384}, "10": {"x": 0.5106186866760254, "y": 0.9297113418579102, "z": 0.08506101369857788, "vis": 0.9994500279426575}, "11": {"x": 0.5533547401428223, "y": 0.829641580581665, "z": -0.06353961676359177, "vis": 0.9990398287773132}, "12": {"x": 0.49951794743537903, "y": 0.7998337745666504, "z": -0.05843434855341911, "vis": 0.9993316531181335}, "13": {"x": 0.5860109925270081, "y": 0.9079455137252808, "z": -0.28842031955718994, "vis": 0.8904046416282654}, "14": {"x": 0.46374207735061646, "y": 0.8883000016212463, "z": -0.2716831564903259, "vis": 0.858303427696228}, "15": {"x": 0.5603174567222595, "y": 0.9656842947006226, "z": -0.5375332832336426, "vis": 0.37095287442207336}, "16": {"x": 0.4953990578651428, "y": 0.9614506959915161, "z": -0.4855387508869171, "vis": 0.6882660984992981}, "17": {"x": 0.5572645664215088, "y": 0.981846809387207, "z": -0.6077601313591003, "vis": 0.40814438462257385}, "18": {"x": 0.5021209120750427, "y": 0.9816393256187439, "z": -0.5437445640563965, "vis": 0.7019004225730896}, "19": {"x": 0.5549964904785156, "y": 0.9742565155029297, "z": -0.5995100736618042, "vis": 0.44533538818359375}, "20": {"x": 0.511803388595581, "y": 0.9723882675170898, "z": -0.5481429100036621, "vis": 0.678058922290802}, "21": {"x": 0.5548034906387329, "y": 0.9643776416778564, "z": -0.5449824333190918, "vis": 0.4034218490123749}, "22": {"x": 0.5109671950340271, "y": 0.9645811319351196, "z": -0.49525687098503113, "vis": 0.626379132270813}, "23": {"x": 0.5620876550674438, "y": 0.5914390683174133, "z": 0.0026245489716529846, "vis": 0.9999973773956299}, "24": {"x": 0.5359398126602173, "y": 0.5849732756614685, "z": -0.002807600423693657, "vis": 0.9999979734420776}, "25": {"x": 0.5954182744026184, "y": 0.4874376952648163, "z": -0.12096364796161652, "vis": 0.9784711003303528}, "26": {"x": 0.5201205611228943, "y": 0.43967780470848083, "z": -0.025707699358463287, "vis": 0.9808365106582642}, "27": {"x": 0.6351218223571777, "y": 0.5389025211334229, "z": -0.09050691872835159, "vis": 0.9074366092681885}, "28": {"x": 0.5404606461524963, "y": 0.3686862885951996, "z": 0.061225775629282, "vis": 0.9309172630310059}, "29": {"x": 0.6358271837234497, "y": 0.5462913513183594, "z": -0.09066703915596008, "vis": 0.9451984763145447}, "30": {"x": 0.5444862842559814, "y": 0.3622964918613434, "z": 0.06416743993759155, "vis": 0.9364520311355591}, "31": {"x": 0.6549541354179382, "y": 0.5538602471351624, "z": -0.15196610987186432, "vis": 0.7406808137893677}, "32": {"x": 0.5436810851097107, "y": 0.32828569412231445, "z": 0.00984211266040802, "vis": 0.830811619758606}}