{"0": {"x": 0.343460351228714, "y": 0.23262137174606323, "z": 0.08122134953737259, "vis": 0.9935283064842224}, "1": {"x": 0.34038597345352173, "y": 0.21712619066238403, "z": 0.047855135053396225, "vis": 0.9911859631538391}, "2": {"x": 0.33778515458106995, "y": 0.2169117033481598, "z": 0.047804851084947586, "vis": 0.9915846586227417}, "3": {"x": 0.3352550268173218, "y": 0.21700340509414673, "z": 0.047743916511535645, "vis": 0.9855515956878662}, "4": {"x": 0.347675085067749, "y": 0.21525093913078308, "z": 0.05668042227625847, "vis": 0.9873780608177185}, "5": {"x": 0.3503543734550476, "y": 0.2139681875705719, "z": 0.056687917560338974, "vis": 0.988410234451294}, "6": {"x": 0.35305535793304443, "y": 0.21326357126235962, "z": 0.05668045952916145, "vis": 0.9839185476303101}, "7": {"x": 0.3337201178073883, "y": 0.22114932537078857, "z": -0.06105683371424675, "vis": 0.9958562254905701}, "8": {"x": 0.36007770895957947, "y": 0.21659407019615173, "z": -0.019011816009879112, "vis": 0.992446780204773}, "9": {"x": 0.34055089950561523, "y": 0.24239030480384827, "z": 0.04960360750555992, "vis": 0.9903925657272339}, "10": {"x": 0.34823834896087646, "y": 0.24120694398880005, "z": 0.061706479638814926, "vis": 0.9903998970985413}, "11": {"x": 0.3080287575721741, "y": 0.2854008972644806, "z": -0.10337254405021667, "vis": 0.9999915361404419}, "12": {"x": 0.405796617269516, "y": 0.28357067704200745, "z": -0.042689159512519836, "vis": 0.999991774559021}, "13": {"x": 0.2681177854537964, "y": 0.3814266622066498, "z": -0.1072310209274292, "vis": 0.9996035695075989}, "14": {"x": 0.44505736231803894, "y": 0.37826859951019287, "z": -0.019710790365934372, "vis": 0.980363667011261}, "15": {"x": 0.27668651938438416, "y": 0.5044287443161011, "z": 0.002048615599051118, "vis": 0.9476323127746582}, "16": {"x": 0.4400821030139923, "y": 0.5018421411514282, "z": 0.0836513340473175, "vis": 0.7446816563606262}, "17": {"x": 0.27573680877685547, "y": 0.5361098647117615, "z": 0.008182726800441742, "vis": 0.8530659079551697}, "18": {"x": 0.44073113799095154, "y": 0.5322501063346863, "z": 0.0992475152015686, "vis": 0.5497593283653259}, "19": {"x": 0.28387778997421265, "y": 0.5345114469528198, "z": 0.018744459375739098, "vis": 0.8484578132629395}, "20": {"x": 0.43323367834091187, "y": 0.5317628979682922, "z": 0.09908528625965118, "vis": 0.5019132494926453}, "21": {"x": 0.2854633331298828, "y": 0.525169849395752, "z": 0.009639489464461803, "vis": 0.7677133083343506}, "22": {"x": 0.43186691403388977, "y": 0.5234053730964661, "z": 0.08611249178647995, "vis": 0.5188013315200806}, "23": {"x": 0.34637388586997986, "y": 0.5200440883636475, "z": -0.019122201949357986, "vis": 0.9999970197677612}, "24": {"x": 0.3931041359901428, "y": 0.5102617740631104, "z": 0.01873423531651497, "vis": 0.999996542930603}, "25": {"x": 0.37644141912460327, "y": 0.6619543433189392, "z": 0.05722832679748535, "vis": 0.8647969365119934}, "26": {"x": 0.38594964146614075, "y": 0.6608043313026428, "z": 0.07084808498620987, "vis": 0.8995551466941833}, "27": {"x": 0.4538041651248932, "y": 0.6911047697067261, "z": 0.04848784953355789, "vis": 0.990574300289154}, "28": {"x": 0.37171316146850586, "y": 0.8301485776901245, "z": 0.045768339186906815, "vis": 0.9961295127868652}, "29": {"x": 0.46325433254241943, "y": 0.6749060153961182, "z": 0.04799146577715874, "vis": 0.9933021068572998}, "30": {"x": 0.36963650584220886, "y": 0.8558914065361023, "z": 0.04234973341226578, "vis": 0.9956592321395874}, "31": {"x": 0.48299357295036316, "y": 0.7621913552284241, "z": 0.03523872420191765, "vis": 0.9748973846435547}, "32": {"x": 0.36241018772125244, "y": 0.8669620156288147, "z": 0.007052543573081493, "vis": 0.9795106053352356}}