{"0": {"x": 0.43657270073890686, "y": 0.41807663440704346, "z": -0.4537251591682434, "vis": 0.9995344877243042}, "1": {"x": 0.46123647689819336, "y": 0.3499103784561157, "z": -0.49311378598213196, "vis": 0.9994656443595886}, "2": {"x": 0.47463613748550415, "y": 0.3466322720050812, "z": -0.4931182861328125, "vis": 0.9994449019432068}, "3": {"x": 0.48920661211013794, "y": 0.34304022789001465, "z": -0.49312201142311096, "vis": 0.9994468092918396}, "4": {"x": 0.43805330991744995, "y": 0.3534584939479828, "z": -0.413109689950943, "vis": 0.999530553817749}, "5": {"x": 0.43441838026046753, "y": 0.35299932956695557, "z": -0.4126361608505249, "vis": 0.9994254112243652}, "6": {"x": 0.4313035011291504, "y": 0.35244953632354736, "z": -0.4129745066165924, "vis": 0.9994245767593384}, "7": {"x": 0.5400902628898621, "y": 0.36645543575286865, "z": -0.4837583005428314, "vis": 0.9997312426567078}, "8": {"x": 0.4659683108329773, "y": 0.3730553388595581, "z": -0.12000993639230728, "vis": 0.9992873072624207}, "9": {"x": 0.46358445286750793, "y": 0.48561549186706543, "z": -0.4400936961174011, "vis": 0.9993158578872681}, "10": {"x": 0.43906348943710327, "y": 0.48607945442199707, "z": -0.33579251170158386, "vis": 0.9988798499107361}, "11": {"x": 0.6622505784034729, "y": 0.7206314206123352, "z": -0.5609010457992554, "vis": 0.9506030678749084}, "12": {"x": 0.4506947994232178, "y": 0.7171126008033752, "z": 0.13037924468517303, "vis": 0.9821443557739258}, "13": {"x": 0.6151525378227234, "y": 1.2834053039550781, "z": -0.6157709956169128, "vis": 0.3374682068824768}, "14": {"x": 0.38148024678230286, "y": 1.1270138025283813, "z": 0.11940514296293259, "vis": 0.013877449557185173}, "15": {"x": 0.3860410153865814, "y": 1.2903990745544434, "z": -0.3546310067176819, "vis": 0.09761977940797806}, "16": {"x": 0.2976170480251312, "y": 1.4019241333007812, "z": -0.272091805934906, "vis": 0.009945434518158436}, "17": {"x": 0.326321005821228, "y": 1.3201637268066406, "z": -0.38688576221466064, "vis": 0.1264895796775818}, "18": {"x": 0.2533889412879944, "y": 1.5001270771026611, "z": -0.327565997838974, "vis": 0.02648220583796501}, "19": {"x": 0.32766634225845337, "y": 1.2605111598968506, "z": -0.34470248222351074, "vis": 0.18384838104248047}, "20": {"x": 0.27317726612091064, "y": 1.4772803783416748, "z": -0.3783409893512726, "vis": 0.04441520944237709}, "21": {"x": 0.34924766421318054, "y": 1.256080150604248, "z": -0.33127832412719727, "vis": 0.1703355610370636}, "22": {"x": 0.29581233859062195, "y": 1.4431813955307007, "z": -0.3178444802761078, "vis": 0.04523749276995659}, "23": {"x": 0.6351509094238281, "y": 1.6769932508468628, "z": -0.19990397989749908, "vis": 0.0008898010128177702}, "24": {"x": 0.45478641986846924, "y": 1.6523849964141846, "z": 0.20342275500297546, "vis": 0.0011469742748886347}, "25": {"x": 0.5953835844993591, "y": 2.3451783657073975, "z": -0.3782057762145996, "vis": 0.003804693231359124}, "26": {"x": 0.42059075832366943, "y": 2.3336048126220703, "z": 0.28993409872055054, "vis": 0.0014733964344486594}, "27": {"x": 0.6113092303276062, "y": 3.0086135864257812, "z": -0.15559738874435425, "vis": 0.00026386399986222386}, "28": {"x": 0.4438655972480774, "y": 2.9962942600250244, "z": 0.3792997896671295, "vis": 6.731828034389764e-05}, "29": {"x": 0.6406557559967041, "y": 3.1271188259124756, "z": -0.15251794457435608, "vis": 0.00034362220321781933}, "30": {"x": 0.45876845717430115, "y": 3.1074485778808594, "z": 0.37669602036476135, "vis": 0.00016799166041892022}, "31": {"x": 0.5148729085922241, "y": 3.1649301052093506, "z": -0.5201236605644226, "vis": 0.0005075850058346987}, "32": {"x": 0.39624905586242676, "y": 3.181217908859253, "z": 0.05568324401974678, "vis": 0.00022770394571125507}}