{"0": {"x": 0.7261216640472412, "y": 0.7634071707725525, "z": 0.03424864634871483, "vis": 0.9847106337547302}, "1": {"x": 0.72276771068573, "y": 0.7457435131072998, "z": 0.017230037599802017, "vis": 0.9918661713600159}, "2": {"x": 0.7235334515571594, "y": 0.7446039915084839, "z": 0.017161739990115166, "vis": 0.9920543432235718}, "3": {"x": 0.7243451476097107, "y": 0.7437012791633606, "z": 0.017095467075705528, "vis": 0.993399977684021}, "4": {"x": 0.7234171628952026, "y": 0.7447384595870972, "z": 0.038827866315841675, "vis": 0.9917457699775696}, "5": {"x": 0.7246559858322144, "y": 0.7427839040756226, "z": 0.0388258695602417, "vis": 0.9919133186340332}, "6": {"x": 0.7259191870689392, "y": 0.7409767508506775, "z": 0.03874645754694939, "vis": 0.9940650463104248}, "7": {"x": 0.7363533973693848, "y": 0.7320606112480164, "z": -0.03555764630436897, "vis": 0.9915891289710999}, "8": {"x": 0.738279402256012, "y": 0.7268109321594238, "z": 0.0610068254172802, "vis": 0.9947070479393005}, "9": {"x": 0.7366461157798767, "y": 0.7657710909843445, "z": 0.01644611917436123, "vis": 0.9881302118301392}, "10": {"x": 0.7372474074363708, "y": 0.7653922438621521, "z": 0.044156890362501144, "vis": 0.9866589307785034}, "11": {"x": 0.775458037853241, "y": 0.7434401512145996, "z": -0.10938172787427902, "vis": 0.998802661895752}, "12": {"x": 0.7938264608383179, "y": 0.735923707485199, "z": 0.12719811499118805, "vis": 0.9976670742034912}, "13": {"x": 0.8121692538261414, "y": 0.8678879737854004, "z": -0.0801355168223381, "vis": 0.6805281639099121}, "14": {"x": 0.8305814266204834, "y": 0.8461290597915649, "z": 0.1566355973482132, "vis": 0.020383412018418312}, "15": {"x": 0.7992165088653564, "y": 0.9475482106208801, "z": 0.017531586810946465, "vis": 0.6264521479606628}, "16": {"x": 0.8240283727645874, "y": 0.9413613080978394, "z": 0.0949629470705986, "vis": 0.04830937460064888}, "17": {"x": 0.7943683862686157, "y": 0.9609793424606323, "z": 0.014596485532820225, "vis": 0.6082537770271301}, "18": {"x": 0.822613000869751, "y": 0.9588637948036194, "z": 0.091304711997509, "vis": 0.06918017566204071}, "19": {"x": 0.788657546043396, "y": 0.9528290629386902, "z": 0.011027881875634193, "vis": 0.6132726669311523}, "20": {"x": 0.8181074857711792, "y": 0.9637524485588074, "z": 0.07043575495481491, "vis": 0.0744873583316803}, "21": {"x": 0.7907589077949524, "y": 0.9424678683280945, "z": 0.020169515162706375, "vis": 0.6020340919494629}, "22": {"x": 0.8183743357658386, "y": 0.9570650458335876, "z": 0.08351770043373108, "vis": 0.08223598450422287}, "23": {"x": 0.9169719219207764, "y": 0.7890275120735168, "z": -0.06973264366388321, "vis": 0.9996504783630371}, "24": {"x": 0.9159559607505798, "y": 0.7827922105789185, "z": 0.0696699470281601, "vis": 0.9996719360351562}, "25": {"x": 0.8413565158843994, "y": 0.9568679928779602, "z": -0.03640683367848396, "vis": 0.8631064295768738}, "26": {"x": 0.8346343040466309, "y": 0.8904344439506531, "z": 0.1832575798034668, "vis": 0.15393972396850586}, "27": {"x": 0.8683129549026489, "y": 0.9157165288925171, "z": 0.1468118280172348, "vis": 0.11647671461105347}, "28": {"x": 0.8632975220680237, "y": 0.9018561244010925, "z": 0.17297010123729706, "vis": 0.07212662696838379}, "29": {"x": 0.8786911368370056, "y": 0.8962064385414124, "z": 0.16897688806056976, "vis": 0.13270676136016846}, "30": {"x": 0.8714648485183716, "y": 0.8937033414840698, "z": 0.17294251918792725, "vis": 0.0794481709599495}, "31": {"x": 0.8543139696121216, "y": 0.9421173334121704, "z": 0.2392498403787613, "vis": 0.1077749952673912}, "32": {"x": 0.8566317558288574, "y": 0.9325155019760132, "z": 0.20784403383731842, "vis": 0.12214504182338715}}