{"0": {"x": 0.45713257789611816, "y": 0.2959245443344116, "z": -0.38035887479782104, "vis": 0.9995388984680176}, "1": {"x": 0.48664629459381104, "y": 0.2478848695755005, "z": -0.42616888880729675, "vis": 0.9995130300521851}, "2": {"x": 0.4944915473461151, "y": 0.2519681453704834, "z": -0.4263099133968353, "vis": 0.9994680285453796}, "3": {"x": 0.5050231218338013, "y": 0.25652825832366943, "z": -0.4263209402561188, "vis": 0.9995633959770203}, "4": {"x": 0.47827959060668945, "y": 0.23861157894134521, "z": -0.34861281514167786, "vis": 0.999543309211731}, "5": {"x": 0.4790865182876587, "y": 0.23621034622192383, "z": -0.3484821915626526, "vis": 0.9994540810585022}, "6": {"x": 0.4803321659564972, "y": 0.2333061695098877, "z": -0.3488624393939972, "vis": 0.9994675517082214}, "7": {"x": 0.5577709078788757, "y": 0.3149765729904175, "z": -0.48125380277633667, "vis": 0.9997225403785706}, "8": {"x": 0.5298942923545837, "y": 0.2838246822357178, "z": -0.13107120990753174, "vis": 0.9994333386421204}, "9": {"x": 0.4622442424297333, "y": 0.36709752678871155, "z": -0.3946336805820465, "vis": 0.9997647404670715}, "10": {"x": 0.45302504301071167, "y": 0.3596729040145874, "z": -0.29569223523139954, "vis": 0.999542236328125}, "11": {"x": 0.6117461919784546, "y": 0.652077853679657, "z": -0.5606964230537415, "vis": 0.9943994879722595}, "12": {"x": 0.44228506088256836, "y": 0.613700270652771, "z": 0.09048227220773697, "vis": 0.998429000377655}, "13": {"x": 0.5857939720153809, "y": 1.0436151027679443, "z": -0.5590060353279114, "vis": 0.6369796395301819}, "14": {"x": 0.38388559222221375, "y": 0.9278323650360107, "z": 0.11238019913434982, "vis": 0.15942220389842987}, "15": {"x": 0.372261106967926, "y": 1.0221929550170898, "z": -0.37379276752471924, "vis": 0.6121382713317871}, "16": {"x": 0.2952541708946228, "y": 0.9471583366394043, "z": -0.31165796518325806, "vis": 0.3882726728916168}, "17": {"x": 0.31412386894226074, "y": 1.113547921180725, "z": -0.4087648093700409, "vis": 0.5410313010215759}, "18": {"x": 0.24739834666252136, "y": 0.9411834478378296, "z": -0.36550262570381165, "vis": 0.4365006387233734}, "19": {"x": 0.3053291440010071, "y": 0.962118923664093, "z": -0.3867364227771759, "vis": 0.6009894013404846}, "20": {"x": 0.2614460289478302, "y": 0.9049586057662964, "z": -0.4120875895023346, "vis": 0.517729640007019}, "21": {"x": 0.33185523748397827, "y": 0.9604403972625732, "z": -0.35565659403800964, "vis": 0.6350626349449158}, "22": {"x": 0.27756571769714355, "y": 0.9055939316749573, "z": -0.35161855816841125, "vis": 0.5770082473754883}, "23": {"x": 0.578353226184845, "y": 1.4305137395858765, "z": -0.168056920170784, "vis": 0.016803449019789696}, "24": {"x": 0.42646658420562744, "y": 1.3880324363708496, "z": 0.17075715959072113, "vis": 0.03851704299449921}, "25": {"x": 0.5653560757637024, "y": 1.9967175722122192, "z": -0.12598153948783875, "vis": 0.00048707809764891863}, "26": {"x": 0.4219004213809967, "y": 1.9724689722061157, "z": 0.38557571172714233, "vis": 0.0003110120305791497}, "27": {"x": 0.5592756271362305, "y": 2.550607204437256, "z": 0.25305697321891785, "vis": 1.2224541933392175e-05}, "28": {"x": 0.4317964017391205, "y": 2.5147337913513184, "z": 0.7224429249763489, "vis": 2.1335305063985288e-05}, "29": {"x": 0.5736921429634094, "y": 2.6461546421051025, "z": 0.27456510066986084, "vis": 2.6402192816021852e-05}, "30": {"x": 0.4327741861343384, "y": 2.599240303039551, "z": 0.745905339717865, "vis": 4.6252491301856935e-05}, "31": {"x": 0.5081653594970703, "y": 2.6452150344848633, "z": -0.019209623336791992, "vis": 4.878822073806077e-05}, "32": {"x": 0.4110698699951172, "y": 2.6296072006225586, "z": 0.47226792573928833, "vis": 0.00011418301437515765}}