{"0": {"x": 0.5205357670783997, "y": 0.8846882581710815, "z": 0.07191441208124161, "vis": 0.9993336796760559}, "1": {"x": 0.5283013582229614, "y": 0.8997282981872559, "z": 0.05304355546832085, "vis": 0.9996339082717896}, "2": {"x": 0.5302952527999878, "y": 0.8996124863624573, "z": 0.05302577093243599, "vis": 0.9994751811027527}, "3": {"x": 0.5321154594421387, "y": 0.8996015191078186, "z": 0.05297711491584778, "vis": 0.9995966553688049}, "4": {"x": 0.5211399793624878, "y": 0.9000777006149292, "z": 0.04102858901023865, "vis": 0.9996781349182129}, "5": {"x": 0.5194836854934692, "y": 0.8999805450439453, "z": 0.04105556011199951, "vis": 0.9995991587638855}, "6": {"x": 0.515805184841156, "y": 0.8890126943588257, "z": 0.04102253541350365, "vis": 0.9996188879013062}, "7": {"x": 0.5409115552902222, "y": 0.887565016746521, "z": -0.002357310615479946, "vis": 0.9994949102401733}, "8": {"x": 0.5167155265808105, "y": 0.8702493906021118, "z": -0.058326736092567444, "vis": 0.9995753169059753}, "9": {"x": 0.5247313976287842, "y": 0.8713410496711731, "z": 0.05845857784152031, "vis": 0.9989583492279053}, "10": {"x": 0.5186067223548889, "y": 0.8682214021682739, "z": 0.042065396904945374, "vis": 0.998765230178833}, "11": {"x": 0.5683267116546631, "y": 0.8295775651931763, "z": 0.01249979343265295, "vis": 0.9995494484901428}, "12": {"x": 0.49919581413269043, "y": 0.7970151901245117, "z": -0.12080108374357224, "vis": 0.9989069700241089}, "13": {"x": 0.571009635925293, "y": 0.9083908200263977, "z": 0.049030836671590805, "vis": 0.4192689061164856}, "14": {"x": 0.4651498794555664, "y": 0.8425828814506531, "z": -0.2188452035188675, "vis": 0.8612955808639526}, "15": {"x": 0.5493879318237305, "y": 0.9899522066116333, "z": 0.02212878316640854, "vis": 0.7876112461090088}, "16": {"x": 0.4446234405040741, "y": 0.9163193702697754, "z": -0.30894047021865845, "vis": 0.8981422185897827}, "17": {"x": 0.5554947853088379, "y": 0.989128589630127, "z": 0.011468261480331421, "vis": 0.8233669400215149}, "18": {"x": 0.43823182582855225, "y": 0.9305181503295898, "z": -0.34091195464134216, "vis": 0.9038829803466797}, "19": {"x": 0.5465446710586548, "y": 0.9849054217338562, "z": -0.001752568525262177, "vis": 0.8219681978225708}, "20": {"x": 0.442699670791626, "y": 0.9355003833770752, "z": -0.3383602201938629, "vis": 0.9033216238021851}, "21": {"x": 0.5418919920921326, "y": 0.9959295988082886, "z": 0.015620886348187923, "vis": 0.7889636158943176}, "22": {"x": 0.4469245374202728, "y": 0.9296555519104004, "z": -0.31106364727020264, "vis": 0.8619663119316101}, "23": {"x": 0.5643999576568604, "y": 0.5821511745452881, "z": 0.05435384437441826, "vis": 0.999992847442627}, "24": {"x": 0.5187838673591614, "y": 0.5856679677963257, "z": -0.055081553757190704, "vis": 0.9999572038650513}, "25": {"x": 0.5500354170799255, "y": 0.3995737135410309, "z": 0.13195650279521942, "vis": 0.8151614665985107}, "26": {"x": 0.4967309832572937, "y": 0.4766619801521301, "z": 0.038931604474782944, "vis": 0.38896575570106506}, "27": {"x": 0.5574930906295776, "y": 0.27108991146087646, "z": 0.059664905071258545, "vis": 0.8966095447540283}, "28": {"x": 0.5043042898178101, "y": 0.39883533120155334, "z": 0.0119455112144351, "vis": 0.7822200059890747}, "29": {"x": 0.5606793761253357, "y": 0.2565499544143677, "z": 0.05138987675309181, "vis": 0.9661937355995178}, "30": {"x": 0.5122433304786682, "y": 0.39306318759918213, "z": 0.010019553825259209, "vis": 0.890760064125061}, "31": {"x": 0.5441507697105408, "y": 0.22895458340644836, "z": 0.004056883510202169, "vis": 0.6445004940032959}, "32": {"x": 0.495645135641098, "y": 0.3662295639514923, "z": -0.021451028063893318, "vis": 0.6183357238769531}}