{"0": {"x": 0.4871489107608795, "y": 0.4247187376022339, "z": -0.5063351988792419, "vis": 0.9999604225158691}, "1": {"x": 0.5252528786659241, "y": 0.370503306388855, "z": -0.4881511926651001, "vis": 0.9998853206634521}, "2": {"x": 0.5394904017448425, "y": 0.37644195556640625, "z": -0.4878377914428711, "vis": 0.9998884201049805}, "3": {"x": 0.553902804851532, "y": 0.3838713467121124, "z": -0.48772546648979187, "vis": 0.9998748302459717}, "4": {"x": 0.49244123697280884, "y": 0.3570573031902313, "z": -0.45737555623054504, "vis": 0.9999196529388428}, "5": {"x": 0.4840399920940399, "y": 0.35285747051239014, "z": -0.4567549526691437, "vis": 0.9999271631240845}, "6": {"x": 0.47590288519859314, "y": 0.34800803661346436, "z": -0.45704513788223267, "vis": 0.9999237060546875}, "7": {"x": 0.5912903547286987, "y": 0.4378194808959961, "z": -0.325867235660553, "vis": 0.9998329877853394}, "8": {"x": 0.4852631986141205, "y": 0.38332417607307434, "z": -0.16823790967464447, "vis": 0.9999145269393921}, "9": {"x": 0.5057307481765747, "y": 0.5068587064743042, "z": -0.44704562425613403, "vis": 0.9999257326126099}, "10": {"x": 0.4659549593925476, "y": 0.49506938457489014, "z": -0.4016972780227661, "vis": 0.9999343156814575}, "11": {"x": 0.7097286581993103, "y": 0.848761796951294, "z": -0.20941400527954102, "vis": 0.9977092742919922}, "12": {"x": 0.36254316568374634, "y": 0.8238646388053894, "z": -0.123439721763134, "vis": 0.9997729659080505}, "13": {"x": 0.8023241758346558, "y": 1.321459174156189, "z": -0.2004971206188202, "vis": 0.14421692490577698}, "14": {"x": 0.2907956838607788, "y": 1.2928744554519653, "z": -0.12211692333221436, "vis": 0.24831725656986237}, "15": {"x": 0.7972172498703003, "y": 1.659380316734314, "z": -0.32487472891807556, "vis": 0.0260189026594162}, "16": {"x": 0.28146570920944214, "y": 1.6675983667373657, "z": -0.47800302505493164, "vis": 0.10680719465017319}, "17": {"x": 0.8179311156272888, "y": 1.7778964042663574, "z": -0.3613000512123108, "vis": 0.041266582906246185}, "18": {"x": 0.2688685953617096, "y": 1.79590904712677, "z": -0.5504039525985718, "vis": 0.1507653295993805}, "19": {"x": 0.7819391489028931, "y": 1.7787315845489502, "z": -0.38686758279800415, "vis": 0.0728502869606018}, "20": {"x": 0.2723667621612549, "y": 1.8019508123397827, "z": -0.5926557779312134, "vis": 0.23079250752925873}, "21": {"x": 0.7675396800041199, "y": 1.7310004234313965, "z": -0.3440167307853699, "vis": 0.07365018874406815}, "22": {"x": 0.29146096110343933, "y": 1.7549892663955688, "z": -0.5106802582740784, "vis": 0.2269507497549057}, "23": {"x": 0.647437572479248, "y": 1.7122045755386353, "z": -0.06444200128316879, "vis": 0.00022626688587479293}, "24": {"x": 0.4154542088508606, "y": 1.7185766696929932, "z": 0.0687473863363266, "vis": 0.0003682372043840587}, "25": {"x": 0.6328295469284058, "y": 2.4196743965148926, "z": -0.18425552546977997, "vis": 5.180868902243674e-05}, "26": {"x": 0.422057569026947, "y": 2.4176831245422363, "z": 0.23291254043579102, "vis": 2.324537308595609e-05}, "27": {"x": 0.6277887225151062, "y": 3.0711612701416016, "z": 0.19264619052410126, "vis": 8.462784535367973e-06}, "28": {"x": 0.4264836311340332, "y": 3.0560600757598877, "z": 0.6345957517623901, "vis": 9.473516229263623e-07}, "29": {"x": 0.6348321437835693, "y": 3.17828106880188, "z": 0.2066154032945633, "vis": 7.091182396834483e-06}, "30": {"x": 0.4222266972064972, "y": 3.1565725803375244, "z": 0.6635907292366028, "vis": 2.785383003356401e-06}, "31": {"x": 0.589676022529602, "y": 3.263273239135742, "z": -0.22967778146266937, "vis": 1.708940908429213e-05}, "32": {"x": 0.45673567056655884, "y": 3.2562012672424316, "z": 0.2199421375989914, "vis": 8.798465387371834e-06}}