{"0": {"x": 0.5475091338157654, "y": 0.4615224003791809, "z": -0.06632303446531296, "vis": 0.998916506767273}, "1": {"x": 0.5497545599937439, "y": 0.4495369493961334, "z": -0.07347096502780914, "vis": 0.9993053674697876}, "2": {"x": 0.5509319305419922, "y": 0.4486675262451172, "z": -0.07345601916313171, "vis": 0.9992851614952087}, "3": {"x": 0.5520721673965454, "y": 0.44800952076911926, "z": -0.0734778568148613, "vis": 0.9994434714317322}, "4": {"x": 0.5470790266990662, "y": 0.45101624727249146, "z": -0.05958056449890137, "vis": 0.9992173910140991}, "5": {"x": 0.5465930700302124, "y": 0.45084163546562195, "z": -0.05961021035909653, "vis": 0.9991198182106018}, "6": {"x": 0.5460468530654907, "y": 0.4508005380630493, "z": -0.05961992219090462, "vis": 0.9993434548377991}, "7": {"x": 0.556476354598999, "y": 0.4475768506526947, "z": -0.08080866932868958, "vis": 0.9990135431289673}, "8": {"x": 0.5482732057571411, "y": 0.45047295093536377, "z": -0.018371475860476494, "vis": 0.9990524649620056}, "9": {"x": 0.5504893660545349, "y": 0.46637964248657227, "z": -0.06716479361057281, "vis": 0.9986770749092102}, "10": {"x": 0.5478628873825073, "y": 0.4679972529411316, "z": -0.04921784624457359, "vis": 0.9985952973365784}, "11": {"x": 0.57090163230896, "y": 0.47553491592407227, "z": -0.09587281197309494, "vis": 0.9995531439781189}, "12": {"x": 0.5614981651306152, "y": 0.4740241467952728, "z": 0.04397192597389221, "vis": 0.9990096092224121}, "13": {"x": 0.5566461086273193, "y": 0.5259215235710144, "z": -0.07960542291402817, "vis": 0.9275845289230347}, "14": {"x": 0.5544574856758118, "y": 0.5127307176589966, "z": 0.10593850165605545, "vis": 0.1724696010351181}, "15": {"x": 0.5391921997070312, "y": 0.5099443197250366, "z": -0.003053939202800393, "vis": 0.7663811445236206}, "16": {"x": 0.5437611937522888, "y": 0.5137385725975037, "z": 0.11752716451883316, "vis": 0.24777479469776154}, "17": {"x": 0.5344542860984802, "y": 0.5035509467124939, "z": -0.0046911765821278095, "vis": 0.686505138874054}, "18": {"x": 0.5402334332466125, "y": 0.5148583650588989, "z": 0.12331128865480423, "vis": 0.2583288848400116}, "19": {"x": 0.535899817943573, "y": 0.49888908863067627, "z": -0.005985126830637455, "vis": 0.6681405305862427}, "20": {"x": 0.5423091053962708, "y": 0.5099483728408813, "z": 0.11457392573356628, "vis": 0.2621595859527588}, "21": {"x": 0.5381007790565491, "y": 0.5022975206375122, "z": -0.0012344149872660637, "vis": 0.5988962650299072}, "22": {"x": 0.5441504716873169, "y": 0.5101150274276733, "z": 0.11429765820503235, "vis": 0.2643246054649353}, "23": {"x": 0.6083791851997375, "y": 0.5602996349334717, "z": -0.04919445514678955, "vis": 0.9997236132621765}, "24": {"x": 0.5959014892578125, "y": 0.5662427544593811, "z": 0.049284979701042175, "vis": 0.999560534954071}, "25": {"x": 0.5839141011238098, "y": 0.6273399591445923, "z": -0.11921976506710052, "vis": 0.9885861277580261}, "26": {"x": 0.5603697299957275, "y": 0.6046323776245117, "z": -0.021321797743439674, "vis": 0.7905080318450928}, "27": {"x": 0.59624844789505, "y": 0.7225074768066406, "z": -0.12516477704048157, "vis": 0.991773784160614}, "28": {"x": 0.5822434425354004, "y": 0.6908988356590271, "z": -0.022605452686548233, "vis": 0.8380788564682007}, "29": {"x": 0.6025222539901733, "y": 0.7359281182289124, "z": -0.12678676843643188, "vis": 0.9629331827163696}, "30": {"x": 0.5896836519241333, "y": 0.7044965028762817, "z": -0.023932989686727524, "vis": 0.8229370713233948}, "31": {"x": 0.5764182209968567, "y": 0.749711811542511, "z": -0.16910438239574432, "vis": 0.9904184937477112}, "32": {"x": 0.5696161985397339, "y": 0.7189391851425171, "z": -0.05168218910694122, "vis": 0.9245107173919678}}