{"0": {"x": 0.5448914170265198, "y": 0.170884370803833, "z": -0.4449557065963745, "vis": 0.9999295473098755}, "1": {"x": 0.5790488719940186, "y": 0.1323486566543579, "z": -0.45863378047943115, "vis": 0.9999203681945801}, "2": {"x": 0.5915889143943787, "y": 0.13675332069396973, "z": -0.4585797190666199, "vis": 0.9998929500579834}, "3": {"x": 0.6038786768913269, "y": 0.14303183555603027, "z": -0.45847809314727783, "vis": 0.9998906850814819}, "4": {"x": 0.5502010583877563, "y": 0.12248324602842331, "z": -0.40102919936180115, "vis": 0.999940037727356}, "5": {"x": 0.5428274273872375, "y": 0.1196436882019043, "z": -0.4006081223487854, "vis": 0.9999278783798218}, "6": {"x": 0.5358203649520874, "y": 0.1169743537902832, "z": -0.40087470412254333, "vis": 0.9999337196350098}, "7": {"x": 0.6377856135368347, "y": 0.20229780673980713, "z": -0.3872702121734619, "vis": 0.9999305009841919}, "8": {"x": 0.5599614977836609, "y": 0.15175867080688477, "z": -0.12916971743106842, "vis": 0.9999256134033203}, "9": {"x": 0.560492753982544, "y": 0.2571992874145508, "z": -0.4162825644016266, "vis": 0.9999690055847168}, "10": {"x": 0.5306423902511597, "y": 0.24444580078125, "z": -0.3431090712547302, "vis": 0.9999592304229736}, "11": {"x": 0.697623610496521, "y": 0.5500038862228394, "z": -0.46618229150772095, "vis": 0.9981766939163208}, "12": {"x": 0.48385268449783325, "y": 0.5296539664268494, "z": 0.11346155405044556, "vis": 0.999764621257782}, "13": {"x": 0.7254533767700195, "y": 1.021785020828247, "z": -0.7007195949554443, "vis": 0.9621020555496216}, "14": {"x": 0.39733579754829407, "y": 0.9240914583206177, "z": -0.07559642940759659, "vis": 0.6017394065856934}, "15": {"x": 0.5022945404052734, "y": 0.9792152047157288, "z": -0.8651980757713318, "vis": 0.9246916770935059}, "16": {"x": 0.3153083920478821, "y": 0.9316370487213135, "z": -0.751610517501831, "vis": 0.7084283828735352}, "17": {"x": 0.4366142749786377, "y": 0.9706417322158813, "z": -0.9420452117919922, "vis": 0.8906435966491699}, "18": {"x": 0.2762359380722046, "y": 0.9621517658233643, "z": -0.8293590545654297, "vis": 0.7481327056884766}, "19": {"x": 0.441525399684906, "y": 0.9027396440505981, "z": -0.8807098269462585, "vis": 0.9076744914054871}, "20": {"x": 0.2858116626739502, "y": 0.900672435760498, "z": -0.8514023423194885, "vis": 0.7997345924377441}, "21": {"x": 0.45025885105133057, "y": 0.8984007835388184, "z": -0.8401623368263245, "vis": 0.8831886649131775}, "22": {"x": 0.3085225224494934, "y": 0.8848326206207275, "z": -0.7848398685455322, "vis": 0.8043379783630371}, "23": {"x": 0.6578404307365417, "y": 1.3719508647918701, "z": -0.17251941561698914, "vis": 0.0512753389775753}, "24": {"x": 0.4855726361274719, "y": 1.328355073928833, "z": 0.17537935078144073, "vis": 0.0942206010222435}, "25": {"x": 0.6148467063903809, "y": 1.9668610095977783, "z": -0.13327786326408386, "vis": 0.003177199512720108}, "26": {"x": 0.4521174728870392, "y": 1.949074387550354, "z": 0.3272430896759033, "vis": 0.0008938368991948664}, "27": {"x": 0.5980897545814514, "y": 2.5180864334106445, "z": 0.29158511757850647, "vis": 0.00010538082278799266}, "28": {"x": 0.44599035382270813, "y": 2.4899349212646484, "z": 0.6950796842575073, "vis": 2.1166410078876652e-05}, "29": {"x": 0.6128517389297485, "y": 2.6042284965515137, "z": 0.31204670667648315, "vis": 8.445794810540974e-05}, "30": {"x": 0.4480181634426117, "y": 2.5657854080200195, "z": 0.7170500159263611, "vis": 6.566452793776989e-05}, "31": {"x": 0.5341660976409912, "y": 2.652639865875244, "z": -0.030603038147091866, "vis": 0.00011727061792043969}, "32": {"x": 0.4111751616001129, "y": 2.654859781265259, "z": 0.36704838275909424, "vis": 8.73600147315301e-05}}