{"0": {"x": 0.5331341028213501, "y": 0.4308822751045227, "z": -0.16184461116790771, "vis": 0.9993718266487122}, "1": {"x": 0.5357226729393005, "y": 0.41454797983169556, "z": -0.16856080293655396, "vis": 0.999011754989624}, "2": {"x": 0.5373669862747192, "y": 0.4137360453605652, "z": -0.16855403780937195, "vis": 0.998909592628479}, "3": {"x": 0.5390995144844055, "y": 0.41294559836387634, "z": -0.16856303811073303, "vis": 0.99912029504776}, "4": {"x": 0.5332401394844055, "y": 0.41376569867134094, "z": -0.14889033138751984, "vis": 0.9988495111465454}, "5": {"x": 0.533103346824646, "y": 0.41256123781204224, "z": -0.14895407855510712, "vis": 0.9987660646438599}, "6": {"x": 0.5330092906951904, "y": 0.4114573001861572, "z": -0.149008110165596, "vis": 0.9991021156311035}, "7": {"x": 0.5487014651298523, "y": 0.41113531589508057, "z": -0.17142456769943237, "vis": 0.9986094236373901}, "8": {"x": 0.5412296056747437, "y": 0.41033732891082764, "z": -0.0813036784529686, "vis": 0.9988787770271301}, "9": {"x": 0.5391407608985901, "y": 0.43887612223625183, "z": -0.16124793887138367, "vis": 0.9992467164993286}, "10": {"x": 0.5359792113304138, "y": 0.4400833249092102, "z": -0.13496389985084534, "vis": 0.9987095594406128}, "11": {"x": 0.5752136707305908, "y": 0.4532049298286438, "z": -0.20899076759815216, "vis": 0.9988763928413391}, "12": {"x": 0.5428678393363953, "y": 0.46524906158447266, "z": -0.024464529007673264, "vis": 0.9992697834968567}, "13": {"x": 0.5460326075553894, "y": 0.511002242565155, "z": -0.31427207589149475, "vis": 0.9905290007591248}, "14": {"x": 0.5029671788215637, "y": 0.5002545118331909, "z": -0.021823104470968246, "vis": 0.9117977619171143}, "15": {"x": 0.487170934677124, "y": 0.5257803797721863, "z": -0.36005088686943054, "vis": 0.9804573655128479}, "16": {"x": 0.46129557490348816, "y": 0.5311146378517151, "z": -0.09804598987102509, "vis": 0.9174354076385498}, "17": {"x": 0.47584033012390137, "y": 0.5387759208679199, "z": -0.39692556858062744, "vis": 0.967603862285614}, "18": {"x": 0.4470624625682831, "y": 0.5384435653686523, "z": -0.11192366480827332, "vis": 0.8664479851722717}, "19": {"x": 0.47074320912361145, "y": 0.5356969833374023, "z": -0.3835684061050415, "vis": 0.9629049301147461}, "20": {"x": 0.447927325963974, "y": 0.5383846163749695, "z": -0.13461902737617493, "vis": 0.873681366443634}, "21": {"x": 0.4776635468006134, "y": 0.5321236252784729, "z": -0.3574581742286682, "vis": 0.9304834604263306}, "22": {"x": 0.45289307832717896, "y": 0.5379400253295898, "z": -0.11203843355178833, "vis": 0.8779552578926086}, "23": {"x": 0.6277366280555725, "y": 0.6111103296279907, "z": -0.05567527562379837, "vis": 0.9995493292808533}, "24": {"x": 0.5958907008171082, "y": 0.6240022778511047, "z": 0.05556854233145714, "vis": 0.9993151426315308}, "25": {"x": 0.6147096157073975, "y": 0.7336023449897766, "z": -0.2507340610027313, "vis": 0.9887667298316956}, "26": {"x": 0.5574328303337097, "y": 0.7244585752487183, "z": -0.09099414944648743, "vis": 0.9407204985618591}, "27": {"x": 0.6168172359466553, "y": 0.866085410118103, "z": -0.16751530766487122, "vis": 0.9882511496543884}, "28": {"x": 0.5815857648849487, "y": 0.8377101421356201, "z": 0.012500838376581669, "vis": 0.9045853614807129}, "29": {"x": 0.6241742968559265, "y": 0.8892390727996826, "z": -0.16250713169574738, "vis": 0.9514541625976562}, "30": {"x": 0.5911788940429688, "y": 0.8528140783309937, "z": 0.020365776494145393, "vis": 0.8939477205276489}, "31": {"x": 0.5949265360832214, "y": 0.9005431532859802, "z": -0.24233098328113556, "vis": 0.9826908707618713}, "32": {"x": 0.5606366991996765, "y": 0.8755242228507996, "z": -0.03031439334154129, "vis": 0.9371505379676819}}