{"0": {"x": 0.5857628583908081, "y": 0.2754104435443878, "z": -0.31081366539001465, "vis": 0.9999818801879883}, "1": {"x": 0.5897173285484314, "y": 0.262369304895401, "z": -0.2995143234729767, "vis": 0.9999732971191406}, "2": {"x": 0.5921729207038879, "y": 0.2618122398853302, "z": -0.2994762659072876, "vis": 0.9999631643295288}, "3": {"x": 0.5944555997848511, "y": 0.26115307211875916, "z": -0.299533873796463, "vis": 0.9999617338180542}, "4": {"x": 0.5826484560966492, "y": 0.26182830333709717, "z": -0.29727932810783386, "vis": 0.9999728202819824}, "5": {"x": 0.5802568197250366, "y": 0.2610905170440674, "z": -0.29732745885849, "vis": 0.9999648332595825}, "6": {"x": 0.5776330828666687, "y": 0.2602061927318573, "z": -0.29735976457595825, "vis": 0.9999723434448242}, "7": {"x": 0.5979875922203064, "y": 0.2655036151409149, "z": -0.204406276345253, "vis": 0.9999573230743408}, "8": {"x": 0.5747016668319702, "y": 0.2642355263233185, "z": -0.1932470053434372, "vis": 0.9999852180480957}, "9": {"x": 0.5903868079185486, "y": 0.28778597712516785, "z": -0.2727040648460388, "vis": 0.9999649524688721}, "10": {"x": 0.5818832516670227, "y": 0.28832903504371643, "z": -0.26965954899787903, "vis": 0.9999804496765137}, "11": {"x": 0.6277666091918945, "y": 0.3390188217163086, "z": -0.15243741869926453, "vis": 0.9995846152305603}, "12": {"x": 0.5515989065170288, "y": 0.3250681757926941, "z": -0.14923514425754547, "vis": 0.9999523162841797}, "13": {"x": 0.6520311832427979, "y": 0.39504459500312805, "z": -0.33992743492126465, "vis": 0.9582889080047607}, "14": {"x": 0.5103146433830261, "y": 0.3486867845058441, "z": -0.34124433994293213, "vis": 0.9970308542251587}, "15": {"x": 0.6519854068756104, "y": 0.33681753277778625, "z": -0.555987536907196, "vis": 0.9053767323493958}, "16": {"x": 0.539771556854248, "y": 0.2947287857532501, "z": -0.534458339214325, "vis": 0.9791656136512756}, "17": {"x": 0.6542888283729553, "y": 0.3169248700141907, "z": -0.5993160605430603, "vis": 0.8252666592597961}, "18": {"x": 0.5455962419509888, "y": 0.273216187953949, "z": -0.5751121640205383, "vis": 0.927238404750824}, "19": {"x": 0.6532669067382812, "y": 0.3103805184364319, "z": -0.5881243348121643, "vis": 0.8145717978477478}, "20": {"x": 0.5508382320404053, "y": 0.2675575017929077, "z": -0.5553236603736877, "vis": 0.9095155000686646}, "21": {"x": 0.650253415107727, "y": 0.3202396631240845, "z": -0.5586060285568237, "vis": 0.733618974685669}, "22": {"x": 0.5507907271385193, "y": 0.2762267589569092, "z": -0.5324683785438538, "vis": 0.8726468086242676}, "23": {"x": 0.6147679090499878, "y": 0.5421180129051208, "z": -0.0014367778785526752, "vis": 0.9996896982192993}, "24": {"x": 0.5641162395477295, "y": 0.5390121936798096, "z": 0.0012628587428480387, "vis": 0.9998724460601807}, "25": {"x": 0.6637529730796814, "y": 0.6780881285667419, "z": -0.15232844650745392, "vis": 0.994181215763092}, "26": {"x": 0.5151009559631348, "y": 0.6666918992996216, "z": -0.17237551510334015, "vis": 0.9982538819313049}, "27": {"x": 0.6666817665100098, "y": 0.8255445957183838, "z": -0.0023390932474285364, "vis": 0.9940973520278931}, "28": {"x": 0.5150591135025024, "y": 0.8194839358329773, "z": -0.0003561597550287843, "vis": 0.9969403743743896}, "29": {"x": 0.6571445465087891, "y": 0.8550555109977722, "z": 0.006011564750224352, "vis": 0.9599428176879883}, "30": {"x": 0.5231644511222839, "y": 0.8412507176399231, "z": 0.011396190151572227, "vis": 0.9670230746269226}, "31": {"x": 0.6907707452774048, "y": 0.8761117458343506, "z": -0.10668966919183731, "vis": 0.9809752702713013}, "32": {"x": 0.49399086833000183, "y": 0.8725404739379883, "z": -0.0965205654501915, "vis": 0.9886389970779419}}