{"0": {"x": 0.5215263366699219, "y": 0.1932094693183899, "z": -0.021795863285660744, "vis": 0.9971677660942078}, "1": {"x": 0.5226424932479858, "y": 0.18205909430980682, "z": -0.034594208002090454, "vis": 0.9978780746459961}, "2": {"x": 0.5232663154602051, "y": 0.18115560710430145, "z": -0.03459523618221283, "vis": 0.9978297352790833}, "3": {"x": 0.5236930847167969, "y": 0.18035770952701569, "z": -0.03459739685058594, "vis": 0.9981310963630676}, "4": {"x": 0.521490752696991, "y": 0.18203730881214142, "z": -0.017386265099048615, "vis": 0.9972978234291077}, "5": {"x": 0.521455705165863, "y": 0.18120406568050385, "z": -0.017397280782461166, "vis": 0.9970596432685852}, "6": {"x": 0.5213039517402649, "y": 0.1805220991373062, "z": -0.017419276759028435, "vis": 0.9974489808082581}, "7": {"x": 0.5276762843132019, "y": 0.17552001774311066, "z": -0.06466060131788254, "vis": 0.9975813627243042}, "8": {"x": 0.5248175859451294, "y": 0.17680075764656067, "z": 0.012669103220105171, "vis": 0.9939562678337097}, "9": {"x": 0.5253152251243591, "y": 0.19603201746940613, "z": -0.030586831271648407, "vis": 0.9963712692260742}, "10": {"x": 0.5242860317230225, "y": 0.19636309146881104, "z": -0.008341535925865173, "vis": 0.9949737787246704}, "11": {"x": 0.5424536466598511, "y": 0.19451336562633514, "z": -0.09837035089731216, "vis": 0.9997239708900452}, "12": {"x": 0.5410805940628052, "y": 0.20059680938720703, "z": 0.06244460120797157, "vis": 0.9979604482650757}, "13": {"x": 0.5296395421028137, "y": 0.25202807784080505, "z": -0.08898728340864182, "vis": 0.9478846788406372}, "14": {"x": 0.5266980528831482, "y": 0.25542885065078735, "z": 0.04289871081709862, "vis": 0.15684907138347626}, "15": {"x": 0.5129177570343018, "y": 0.23247592151165009, "z": 0.0006966916844248772, "vis": 0.8379992246627808}, "16": {"x": 0.5133131146430969, "y": 0.23411859571933746, "z": -0.02946612983942032, "vis": 0.2257327437400818}, "17": {"x": 0.5070608258247375, "y": 0.23714980483055115, "z": 0.00030269211856648326, "vis": 0.7655001878738403}, "18": {"x": 0.5090068578720093, "y": 0.2320755273103714, "z": -0.029215192422270775, "vis": 0.2285243570804596}, "19": {"x": 0.508063554763794, "y": 0.22967664897441864, "z": 0.004998964723199606, "vis": 0.752202570438385}, "20": {"x": 0.5086889266967773, "y": 0.2242344468832016, "z": -0.03350389003753662, "vis": 0.2243654578924179}, "21": {"x": 0.5101543068885803, "y": 0.2311990112066269, "z": 0.00597862433642149, "vis": 0.6847000122070312}, "22": {"x": 0.5101651549339294, "y": 0.22660855948925018, "z": -0.033009838312864304, "vis": 0.21914368867874146}, "23": {"x": 0.5783743262290955, "y": 0.31909677386283875, "z": -0.055904049426317215, "vis": 0.999168872833252}, "24": {"x": 0.5747941732406616, "y": 0.31609416007995605, "z": 0.05599717050790787, "vis": 0.9983066320419312}, "25": {"x": 0.5595599412918091, "y": 0.3723832964897156, "z": -0.09180199354887009, "vis": 0.9873406291007996}, "26": {"x": 0.5550747513771057, "y": 0.3364071547985077, "z": 0.08426092565059662, "vis": 0.6320071220397949}, "27": {"x": 0.5653458833694458, "y": 0.4652996063232422, "z": -0.08568884432315826, "vis": 0.9865239858627319}, "28": {"x": 0.5599201321601868, "y": 0.4314635694026947, "z": 0.11030013859272003, "vis": 0.8037236928939819}, "29": {"x": 0.5692256093025208, "y": 0.48571956157684326, "z": -0.0860668197274208, "vis": 0.956183910369873}, "30": {"x": 0.5661905407905579, "y": 0.44894206523895264, "z": 0.1118331328034401, "vis": 0.8008624911308289}, "31": {"x": 0.5447454452514648, "y": 0.4811454713344574, "z": -0.11493729799985886, "vis": 0.9829991459846497}, "32": {"x": 0.5411444902420044, "y": 0.4540517330169678, "z": 0.10326457768678665, "vis": 0.8461067080497742}}