{"0": {"x": 0.5653313994407654, "y": 0.4959042966365814, "z": -0.15080368518829346, "vis": 0.9998596906661987}, "1": {"x": 0.5681939721107483, "y": 0.4728236496448517, "z": -0.16738641262054443, "vis": 0.9998769760131836}, "2": {"x": 0.5709869861602783, "y": 0.47096630930900574, "z": -0.16741351783275604, "vis": 0.999834418296814}, "3": {"x": 0.5742553472518921, "y": 0.4690839648246765, "z": -0.16748562455177307, "vis": 0.9998456239700317}, "4": {"x": 0.5639719367027283, "y": 0.4758607745170593, "z": -0.13716666400432587, "vis": 0.9998873472213745}, "5": {"x": 0.5638781189918518, "y": 0.4760148823261261, "z": -0.13722087442874908, "vis": 0.9998691082000732}, "6": {"x": 0.5637561082839966, "y": 0.47626760601997375, "z": -0.13729529082775116, "vis": 0.9999024868011475}, "7": {"x": 0.5918617844581604, "y": 0.4657169282436371, "z": -0.19571945071220398, "vis": 0.9998692274093628}, "8": {"x": 0.5801075100898743, "y": 0.47426268458366394, "z": -0.06099501997232437, "vis": 0.9999327659606934}, "9": {"x": 0.5803786516189575, "y": 0.5079189538955688, "z": -0.15841254591941833, "vis": 0.9999369382858276}, "10": {"x": 0.573684573173523, "y": 0.5123984813690186, "z": -0.1194668635725975, "vis": 0.9999315738677979}, "11": {"x": 0.6479295492172241, "y": 0.5364627838134766, "z": -0.2420966476202011, "vis": 0.9996169805526733}, "12": {"x": 0.6127172112464905, "y": 0.5497853755950928, "z": 0.042313188314437866, "vis": 0.9998729228973389}, "13": {"x": 0.6668481826782227, "y": 0.7225688099861145, "z": -0.21756291389465332, "vis": 0.8843464255332947}, "14": {"x": 0.6322965621948242, "y": 0.6752512454986572, "z": 0.0836733803153038, "vis": 0.17737889289855957}, "15": {"x": 0.6191220879554749, "y": 0.8020511269569397, "z": -0.11742909252643585, "vis": 0.6452823281288147}, "16": {"x": 0.6177652478218079, "y": 0.7769795060157776, "z": 0.0113673135638237, "vis": 0.1272321492433548}, "17": {"x": 0.6084352731704712, "y": 0.8290427327156067, "z": -0.1335972100496292, "vis": 0.5629478693008423}, "18": {"x": 0.6119526624679565, "y": 0.8091629147529602, "z": 0.00484654912725091, "vis": 0.14270466566085815}, "19": {"x": 0.6036741733551025, "y": 0.8131600618362427, "z": -0.13478101789951324, "vis": 0.5751521587371826}, "20": {"x": 0.6107375621795654, "y": 0.8021103143692017, "z": -0.02177867479622364, "vis": 0.1576598435640335}, "21": {"x": 0.6080932021141052, "y": 0.8027235865592957, "z": -0.11464832723140717, "vis": 0.5420433878898621}, "22": {"x": 0.6143890023231506, "y": 0.7918339371681213, "z": -0.002111950656399131, "vis": 0.1808985024690628}, "23": {"x": 0.7094142436981201, "y": 0.7673988342285156, "z": -0.095801942050457, "vis": 0.9996119141578674}, "24": {"x": 0.6775509715080261, "y": 0.7492699027061462, "z": 0.09595490992069244, "vis": 0.9998804330825806}, "25": {"x": 0.6092355251312256, "y": 0.9015716314315796, "z": -0.17605404555797577, "vis": 0.7186241149902344}, "26": {"x": 0.6021127104759216, "y": 0.8191556334495544, "z": 0.05600222200155258, "vis": 0.35651934146881104}, "27": {"x": 0.6553189754486084, "y": 0.946333110332489, "z": 0.08431500941514969, "vis": 0.09470310807228088}, "28": {"x": 0.6476713418960571, "y": 0.9490153789520264, "z": 0.11904024332761765, "vis": 0.16704101860523224}, "29": {"x": 0.6716713905334473, "y": 0.9375268220901489, "z": 0.1147923618555069, "vis": 0.18322734534740448}, "30": {"x": 0.6629415154457092, "y": 0.9619850516319275, "z": 0.12610188126564026, "vis": 0.2299397587776184}, "31": {"x": 0.641210675239563, "y": 1.007761001586914, "z": 0.15993361175060272, "vis": 0.1465710699558258}, "32": {"x": 0.6316648125648499, "y": 1.0207879543304443, "z": 0.1290738731622696, "vis": 0.22878003120422363}}