{"0": {"x": 0.5031130909919739, "y": 0.26073360443115234, "z": -0.6009546518325806, "vis": 0.999869704246521}, "1": {"x": 0.5378558039665222, "y": 0.21278774738311768, "z": -0.566683828830719, "vis": 0.9996626377105713}, "2": {"x": 0.5531154870986938, "y": 0.22055983543395996, "z": -0.5667930245399475, "vis": 0.9996715784072876}, "3": {"x": 0.5662011504173279, "y": 0.22890865802764893, "z": -0.5669397711753845, "vis": 0.9996728897094727}, "4": {"x": 0.5006954073905945, "y": 0.19906926155090332, "z": -0.5504367351531982, "vis": 0.9996556043624878}, "5": {"x": 0.4910505712032318, "y": 0.19655489921569824, "z": -0.54998779296875, "vis": 0.9996845722198486}, "6": {"x": 0.4816593825817108, "y": 0.19423915445804596, "z": -0.5503556132316589, "vis": 0.9996626377105713}, "7": {"x": 0.5977295637130737, "y": 0.28480064868927, "z": -0.34698545932769775, "vis": 0.9996083378791809}, "8": {"x": 0.4889708459377289, "y": 0.23935580253601074, "z": -0.25924670696258545, "vis": 0.9994638562202454}, "9": {"x": 0.5261313319206238, "y": 0.3509746789932251, "z": -0.5219155550003052, "vis": 0.9998607635498047}, "10": {"x": 0.4826720356941223, "y": 0.33515310287475586, "z": -0.4971557855606079, "vis": 0.9998278617858887}, "11": {"x": 0.7071667909622192, "y": 0.6604691743850708, "z": -0.2533763647079468, "vis": 0.9984769225120544}, "12": {"x": 0.3909524977207184, "y": 0.6700213551521301, "z": -0.1733323335647583, "vis": 0.9980734586715698}, "13": {"x": 0.8060535192489624, "y": 1.055084466934204, "z": -0.23925498127937317, "vis": 0.4942961037158966}, "14": {"x": 0.33144456148147583, "y": 1.0434967279434204, "z": -0.10121899843215942, "vis": 0.21592427790164948}, "15": {"x": 0.8214117288589478, "y": 1.5212347507476807, "z": -0.37852558493614197, "vis": 0.045870520174503326}, "16": {"x": 0.30981919169425964, "y": 1.5089033842086792, "z": -0.3646559417247772, "vis": 0.02619217149913311}, "17": {"x": 0.8435851335525513, "y": 1.6567214727401733, "z": -0.4389228820800781, "vis": 0.05033053830265999}, "18": {"x": 0.28433918952941895, "y": 1.6348047256469727, "z": -0.4373927712440491, "vis": 0.035507023334503174}, "19": {"x": 0.8000943660736084, "y": 1.6654266119003296, "z": -0.48128005862236023, "vis": 0.09024608880281448}, "20": {"x": 0.31504517793655396, "y": 1.650869369506836, "z": -0.5154120326042175, "vis": 0.06327679753303528}, "21": {"x": 0.7855458855628967, "y": 1.6120197772979736, "z": -0.4043075144290924, "vis": 0.08855529874563217}, "22": {"x": 0.3309604525566101, "y": 1.603298544883728, "z": -0.409575492143631, "vis": 0.06467664986848831}, "23": {"x": 0.6451411843299866, "y": 1.5542609691619873, "z": -0.074278324842453, "vis": 0.0009985275100916624}, "24": {"x": 0.43503034114837646, "y": 1.5472440719604492, "z": 0.07780484855175018, "vis": 0.0008498515235260129}, "25": {"x": 0.6378843784332275, "y": 2.245148181915283, "z": -0.14247950911521912, "vis": 0.0010481541976332664}, "26": {"x": 0.4431822896003723, "y": 2.2462615966796875, "z": 0.08278796821832657, "vis": 0.0003931707760784775}, "27": {"x": 0.6310118436813354, "y": 2.8715810775756836, "z": 0.26882150769233704, "vis": 0.0001023054210236296}, "28": {"x": 0.43798625469207764, "y": 2.8585619926452637, "z": 0.3217351734638214, "vis": 2.670495268830564e-05}, "29": {"x": 0.6380946636199951, "y": 2.9756863117218018, "z": 0.2863418459892273, "vis": 5.3008920076536015e-05}, "30": {"x": 0.4344497323036194, "y": 2.959873914718628, "z": 0.33258283138275146, "vis": 6.577074964297935e-05}, "31": {"x": 0.5890483260154724, "y": 3.067199945449829, "z": -0.1252831667661667, "vis": 9.719656372908503e-05}, "32": {"x": 0.4554353952407837, "y": 3.052990674972534, "z": -0.08984562754631042, "vis": 9.266327833756804e-05}}