{"0": {"x": 0.7047605514526367, "y": 0.09434007853269577, "z": -0.11419054865837097, "vis": 0.9990756511688232}, "1": {"x": 0.7148409485816956, "y": 0.08665025234222412, "z": -0.12987057864665985, "vis": 0.9989880919456482}, "2": {"x": 0.71696537733078, "y": 0.08953621983528137, "z": -0.12988640367984772, "vis": 0.9987660646438599}, "3": {"x": 0.7191954255104065, "y": 0.09240096807479858, "z": -0.12987279891967773, "vis": 0.9988757967948914}, "4": {"x": 0.7122367024421692, "y": 0.08137443661689758, "z": -0.09679459780454636, "vis": 0.9985040426254272}, "5": {"x": 0.7123925089836121, "y": 0.08066180348396301, "z": -0.09677423536777496, "vis": 0.9977279305458069}, "6": {"x": 0.712690532207489, "y": 0.08001643419265747, "z": -0.09678036719560623, "vis": 0.9986515641212463}, "7": {"x": 0.7284900546073914, "y": 0.11152374744415283, "z": -0.16073831915855408, "vis": 0.9976931214332581}, "8": {"x": 0.7211052179336548, "y": 0.09722673892974854, "z": -0.010905666276812553, "vis": 0.9962014555931091}, "9": {"x": 0.705885648727417, "y": 0.11770486831665039, "z": -0.12339600175619125, "vis": 0.9964646100997925}, "10": {"x": 0.7016574144363403, "y": 0.11114469170570374, "z": -0.08029123395681381, "vis": 0.9968427419662476}, "11": {"x": 0.7207559943199158, "y": 0.18959923088550568, "z": -0.23706385493278503, "vis": 0.997129499912262}, "12": {"x": 0.7020708322525024, "y": 0.1820596158504486, "z": 0.09048862010240555, "vis": 0.9987735152244568}, "13": {"x": 0.6557287573814392, "y": 0.18214282393455505, "z": -0.3057813048362732, "vis": 0.9886259436607361}, "14": {"x": 0.6493263244628906, "y": 0.16374924778938293, "z": 0.13296329975128174, "vis": 0.6278643608093262}, "15": {"x": 0.6260474324226379, "y": 0.10387086868286133, "z": -0.2790359854698181, "vis": 0.9494268894195557}, "16": {"x": 0.6144705414772034, "y": 0.06818321347236633, "z": 0.032753124833106995, "vis": 0.819366991519928}, "17": {"x": 0.6089144945144653, "y": 0.06181839108467102, "z": -0.3187030553817749, "vis": 0.9210541248321533}, "18": {"x": 0.6031155586242676, "y": 0.03882762789726257, "z": 0.019529974088072777, "vis": 0.7957147359848022}, "19": {"x": 0.6165579557418823, "y": 0.0581815242767334, "z": -0.30971023440361023, "vis": 0.9201310276985168}, "20": {"x": 0.6051552295684814, "y": 0.02906283736228943, "z": -0.013089177198708057, "vis": 0.8148766756057739}, "21": {"x": 0.6207139492034912, "y": 0.07291099429130554, "z": -0.27668944001197815, "vis": 0.8874931335449219}, "22": {"x": 0.6083022356033325, "y": 0.04223227500915527, "z": 0.014092940837144852, "vis": 0.817544162273407}, "23": {"x": 0.7011918425559998, "y": 0.47111427783966064, "z": -0.10633797198534012, "vis": 0.9994730353355408}, "24": {"x": 0.6869568228721619, "y": 0.4616169333457947, "z": 0.10632937401533127, "vis": 0.9997416138648987}, "25": {"x": 0.6854161024093628, "y": 0.654715359210968, "z": -0.1438361555337906, "vis": 0.9754772782325745}, "26": {"x": 0.6511287093162537, "y": 0.6313521265983582, "z": 0.0953979417681694, "vis": 0.7428578734397888}, "27": {"x": 0.783347487449646, "y": 0.788321316242218, "z": -0.07848937809467316, "vis": 0.9790113568305969}, "28": {"x": 0.6343225240707397, "y": 0.8287011384963989, "z": 0.14610539376735687, "vis": 0.9272278547286987}, "29": {"x": 0.8084525465965271, "y": 0.8070513606071472, "z": -0.07223614305257797, "vis": 0.9624562859535217}, "30": {"x": 0.6480132937431335, "y": 0.8703853487968445, "z": 0.14688079059123993, "vis": 0.9150310158729553}, "31": {"x": 0.7649030685424805, "y": 0.8874295353889465, "z": -0.11966344714164734, "vis": 0.9737004041671753}, "32": {"x": 0.5893551111221313, "y": 0.8709805607795715, "z": 0.08345170319080353, "vis": 0.9199860692024231}}