{"0": {"x": 0.5522240400314331, "y": 0.44643887877464294, "z": -0.32031553983688354, "vis": 0.987837553024292}, "1": {"x": 0.5527355074882507, "y": 0.43749508261680603, "z": -0.32035911083221436, "vis": 0.9869880676269531}, "2": {"x": 0.5542196035385132, "y": 0.43525275588035583, "z": -0.3204081654548645, "vis": 0.9870563745498657}, "3": {"x": 0.555698037147522, "y": 0.43304139375686646, "z": -0.3204943835735321, "vis": 0.9903890490531921}, "4": {"x": 0.548143208026886, "y": 0.4413561522960663, "z": -0.31300127506256104, "vis": 0.9690707921981812}, "5": {"x": 0.5471295118331909, "y": 0.4416303038597107, "z": -0.31303757429122925, "vis": 0.948512852191925}, "6": {"x": 0.5460991859436035, "y": 0.4414758086204529, "z": -0.31308165192604065, "vis": 0.9534611105918884}, "7": {"x": 0.5580034852027893, "y": 0.4195355772972107, "z": -0.26111340522766113, "vis": 0.9919151067733765}, "8": {"x": 0.5465819835662842, "y": 0.43327221274375916, "z": -0.22705861926078796, "vis": 0.9568763971328735}, "9": {"x": 0.5561691522598267, "y": 0.44362568855285645, "z": -0.29359930753707886, "vis": 0.9971344470977783}, "10": {"x": 0.5526805520057678, "y": 0.4498806595802307, "z": -0.283871591091156, "vis": 0.9879305362701416}, "11": {"x": 0.5840787887573242, "y": 0.42627954483032227, "z": -0.20733673870563507, "vis": 0.9999682903289795}, "12": {"x": 0.5459185242652893, "y": 0.45814943313598633, "z": -0.14324907958507538, "vis": 0.9985448122024536}, "13": {"x": 0.6173867583274841, "y": 0.4631946086883545, "z": -0.2876110374927521, "vis": 0.9910209774971008}, "14": {"x": 0.5590257048606873, "y": 0.5122087597846985, "z": -0.1350678950548172, "vis": 0.5366032719612122}, "15": {"x": 0.5903110504150391, "y": 0.5085529088973999, "z": -0.3850589990615845, "vis": 0.9260526299476624}, "16": {"x": 0.5734466314315796, "y": 0.5337736010551453, "z": -0.19718022644519806, "vis": 0.3788757920265198}, "17": {"x": 0.5852146744728088, "y": 0.5248253345489502, "z": -0.42116042971611023, "vis": 0.8046910166740417}, "18": {"x": 0.5766919255256653, "y": 0.5452083945274353, "z": -0.21806828677654266, "vis": 0.3228352665901184}, "19": {"x": 0.5789052248001099, "y": 0.5209618210792542, "z": -0.4183341860771179, "vis": 0.8002164363861084}, "20": {"x": 0.5759676694869995, "y": 0.5398482084274292, "z": -0.2325465828180313, "vis": 0.3257623314857483}, "21": {"x": 0.5807279348373413, "y": 0.5166499018669128, "z": -0.3864685297012329, "vis": 0.711136519908905}, "22": {"x": 0.5746517777442932, "y": 0.5359398722648621, "z": -0.20453989505767822, "vis": 0.2968832850456238}, "23": {"x": 0.6019306778907776, "y": 0.5845345854759216, "z": -0.02717321366071701, "vis": 0.9996662139892578}, "24": {"x": 0.5761552453041077, "y": 0.5905140042304993, "z": 0.02733449824154377, "vis": 0.9992947578430176}, "25": {"x": 0.5806950926780701, "y": 0.6531909704208374, "z": -0.10592172294855118, "vis": 0.8812289834022522}, "26": {"x": 0.5613383650779724, "y": 0.6571855545043945, "z": -0.1033589318394661, "vis": 0.8392499685287476}, "27": {"x": 0.6023681163787842, "y": 0.7697193026542664, "z": -0.0039035805966705084, "vis": 0.8452727198600769}, "28": {"x": 0.597138524055481, "y": 0.7742626070976257, "z": 0.0022228516172617674, "vis": 0.8130002617835999}, "29": {"x": 0.607780396938324, "y": 0.7894428372383118, "z": 0.0028942131903022528, "vis": 0.8709282279014587}, "30": {"x": 0.6062101125717163, "y": 0.7881181240081787, "z": 0.009830519556999207, "vis": 0.6303130388259888}, "31": {"x": 0.6009678244590759, "y": 0.8007816076278687, "z": -0.07935300469398499, "vis": 0.916076123714447}, "32": {"x": 0.5950816869735718, "y": 0.8150091767311096, "z": -0.07634006440639496, "vis": 0.8476534485816956}}