{"0": {"x": 0.24707551300525665, "y": 0.4786282777786255, "z": 0.4571104943752289, "vis": 0.9997357726097107}, "1": {"x": 0.2418018877506256, "y": 0.47736358642578125, "z": 0.45372462272644043, "vis": 0.9996405839920044}, "2": {"x": 0.2407732903957367, "y": 0.480692982673645, "z": 0.45388779044151306, "vis": 0.9994794726371765}, "3": {"x": 0.23986893892288208, "y": 0.4841623604297638, "z": 0.45395833253860474, "vis": 0.9997128844261169}, "4": {"x": 0.24571150541305542, "y": 0.4669871926307678, "z": 0.45242273807525635, "vis": 0.9996739625930786}, "5": {"x": 0.2472648173570633, "y": 0.46353161334991455, "z": 0.4523760974407196, "vis": 0.9996009469032288}, "6": {"x": 0.24891981482505798, "y": 0.4602116048336029, "z": 0.4522858262062073, "vis": 0.9997078776359558}, "7": {"x": 0.24097469449043274, "y": 0.4904317259788513, "z": 0.3927455544471741, "vis": 0.9996720552444458}, "8": {"x": 0.2527025043964386, "y": 0.45804208517074585, "z": 0.38345396518707275, "vis": 0.9997830986976624}, "9": {"x": 0.2491932064294815, "y": 0.4886029064655304, "z": 0.433429092168808, "vis": 0.9993218183517456}, "10": {"x": 0.2535119354724884, "y": 0.47766491770744324, "z": 0.4308939576148987, "vis": 0.9992848038673401}, "11": {"x": 0.25491082668304443, "y": 0.5737408995628357, "z": 0.3157944083213806, "vis": 0.9998866319656372}, "12": {"x": 0.28725939989089966, "y": 0.4355448782444, "z": 0.2711308002471924, "vis": 0.9999852180480957}, "13": {"x": 0.26935839653015137, "y": 0.6931286454200745, "z": 0.2872888445854187, "vis": 0.2169874906539917}, "14": {"x": 0.29310348629951477, "y": 0.3373039662837982, "z": 0.2494659125804901, "vis": 0.9966327548027039}, "15": {"x": 0.29018938541412354, "y": 0.7981497645378113, "z": 0.27986034750938416, "vis": 0.2348327487707138}, "16": {"x": 0.282123327255249, "y": 0.2296208143234253, "z": 0.3367927074432373, "vis": 0.9890583157539368}, "17": {"x": 0.2929399609565735, "y": 0.8168088793754578, "z": 0.2873001992702484, "vis": 0.28567492961883545}, "18": {"x": 0.27688130736351013, "y": 0.20354479551315308, "z": 0.34185710549354553, "vis": 0.9879343509674072}, "19": {"x": 0.2989197075366974, "y": 0.813098669052124, "z": 0.28544411063194275, "vis": 0.27662524580955505}, "20": {"x": 0.2709333300590515, "y": 0.2029399275779724, "z": 0.35909152030944824, "vis": 0.9825169444084167}, "21": {"x": 0.29853883385658264, "y": 0.8051521182060242, "z": 0.27921611070632935, "vis": 0.2482030838727951}, "22": {"x": 0.27235284447669983, "y": 0.21301338076591492, "z": 0.3439269959926605, "vis": 0.9700260758399963}, "23": {"x": 0.2929284870624542, "y": 0.673713207244873, "z": 0.023319309577345848, "vis": 0.9999706745147705}, "24": {"x": 0.32891571521759033, "y": 0.6412409543991089, "z": -0.02374076284468174, "vis": 0.9999868869781494}, "25": {"x": 0.2979006767272949, "y": 0.8023151755332947, "z": 0.09451750665903091, "vis": 0.7470857501029968}, "26": {"x": 0.33491575717926025, "y": 0.8266242146492004, "z": -0.05736799165606499, "vis": 0.9355680346488953}, "27": {"x": 0.29174309968948364, "y": 0.8894383907318115, "z": -0.06749247759580612, "vis": 0.7388913035392761}, "28": {"x": 0.3061909079551697, "y": 0.946446418762207, "z": -0.20795737206935883, "vis": 0.8460189700126648}, "29": {"x": 0.293800413608551, "y": 0.8941359519958496, "z": -0.086637943983078, "vis": 0.9329569935798645}, "30": {"x": 0.29701781272888184, "y": 0.9539135098457336, "z": -0.224177747964859, "vis": 0.9791663289070129}, "31": {"x": 0.2980056405067444, "y": 0.9485388398170471, "z": -0.10609021782875061, "vis": 0.7805130481719971}, "32": {"x": 0.3008526563644409, "y": 1.0018820762634277, "z": -0.26282402873039246, "vis": 0.8827516436576843}, "meta": {"r_elbow_deg": 189.2265317711159, "r_knee_deg": 164.66518707984937, "trunk_deg": 20.53611160605734, "bat_tilt_deg": 8.230977340581028, "x_factor_deg": 40.963296344888406, "shot_type": "Other"}}