{"0": {"x": 0.2522897720336914, "y": 0.30441251397132874, "z": -0.013378058560192585, "vis": 0.9997146725654602}, "1": {"x": 0.2494315654039383, "y": 0.2927209436893463, "z": -0.017343010753393173, "vis": 0.9995916485786438}, "2": {"x": 0.24892577528953552, "y": 0.293173611164093, "z": -0.017347821965813637, "vis": 0.9996578693389893}, "3": {"x": 0.24827879667282104, "y": 0.2941092848777771, "z": -0.017299992963671684, "vis": 0.9996368885040283}, "4": {"x": 0.24983307719230652, "y": 0.2958293855190277, "z": -0.02793290466070175, "vis": 0.9997138381004333}, "5": {"x": 0.2496344894170761, "y": 0.2984393537044525, "z": -0.02796909213066101, "vis": 0.9997486472129822}, "6": {"x": 0.24926961958408356, "y": 0.3016779124736786, "z": -0.028004951775074005, "vis": 0.9996806383132935}, "7": {"x": 0.2449357509613037, "y": 0.3113202154636383, "z": -0.016661453992128372, "vis": 0.9996776580810547}, "8": {"x": 0.24657045304775238, "y": 0.3232325613498688, "z": -0.0694669783115387, "vis": 0.9996352195739746}, "9": {"x": 0.2525777518749237, "y": 0.319443017244339, "z": -0.010654394514858723, "vis": 0.9993600249290466}, "10": {"x": 0.25320595502853394, "y": 0.32194945216178894, "z": -0.026031574234366417, "vis": 0.9995524287223816}, "11": {"x": 0.23828846216201782, "y": 0.36186683177948, "z": 0.006473638582974672, "vis": 0.9992614388465881}, "12": {"x": 0.2630212604999542, "y": 0.4201377034187317, "z": -0.08940905332565308, "vis": 0.9999213218688965}, "13": {"x": 0.24223282933235168, "y": 0.23210996389389038, "z": -0.004608883522450924, "vis": 0.9269766211509705}, "14": {"x": 0.2703968286514282, "y": 0.5509629249572754, "z": -0.09102313965559006, "vis": 0.9132503271102905}, "15": {"x": 0.24531206488609314, "y": 0.12661361694335938, "z": -0.0036953419912606478, "vis": 0.9837936758995056}, "16": {"x": 0.25861525535583496, "y": 0.5939196944236755, "z": -0.06574414670467377, "vis": 0.5416420102119446}, "17": {"x": 0.24171993136405945, "y": 0.08868634700775146, "z": -0.01587568409740925, "vis": 0.9683455228805542}, "18": {"x": 0.25804537534713745, "y": 0.5990448594093323, "z": -0.07160746306180954, "vis": 0.5075690150260925}, "19": {"x": 0.24537064135074615, "y": 0.08543813228607178, "z": -0.016061678528785706, "vis": 0.9671120643615723}, "20": {"x": 0.253253310918808, "y": 0.5986810326576233, "z": -0.07959315180778503, "vis": 0.5000541806221008}, "21": {"x": 0.24757462739944458, "y": 0.09639698266983032, "z": -0.006385600194334984, "vis": 0.9643551111221313}, "22": {"x": 0.25161609053611755, "y": 0.5989057421684265, "z": -0.06847983598709106, "vis": 0.4857538044452667}, "23": {"x": 0.20754903554916382, "y": 0.6181529760360718, "z": 0.07163091748952866, "vis": 0.9987509250640869}, "24": {"x": 0.21654173731803894, "y": 0.6503453850746155, "z": -0.0717102438211441, "vis": 0.9997209906578064}, "25": {"x": 0.25971996784210205, "y": 0.7366781234741211, "z": 0.16678859293460846, "vis": 0.23360906541347504}, "26": {"x": 0.2597388029098511, "y": 0.8202409148216248, "z": -0.07867744565010071, "vis": 0.9897773861885071}, "27": {"x": 0.2468290776014328, "y": 0.900585412979126, "z": 0.2746356427669525, "vis": 0.4807825982570648}, "28": {"x": 0.23829282820224762, "y": 0.9995894432067871, "z": -0.08911324292421341, "vis": 0.9566839933395386}, "29": {"x": 0.23905017971992493, "y": 0.9382343888282776, "z": 0.28467515110969543, "vis": 0.611547589302063}, "30": {"x": 0.23091274499893188, "y": 1.0078163146972656, "z": -0.09135115146636963, "vis": 0.9026039838790894}, "31": {"x": 0.27244269847869873, "y": 0.9373486042022705, "z": 0.2954584062099457, "vis": 0.6247414946556091}, "32": {"x": 0.27404066920280457, "y": 1.0698628425598145, "z": -0.12931503355503082, "vis": 0.9140282869338989}, "meta": {"r_elbow_deg": 161.4361007698149, "r_knee_deg": 158.91556144152878, "trunk_deg": 146.2563220406045, "bat_tilt_deg": 174.37566575293997, "x_factor_deg": 5.832564106943849, "shot_type": "Cut/Pull"}}