{"0": {"x": 0.30099451541900635, "y": 0.3802855312824249, "z": -0.07742161303758621, "vis": 0.9999847412109375}, "1": {"x": 0.30529361963272095, "y": 0.3704751133918762, "z": -0.07257544249296188, "vis": 0.9999686479568481}, "2": {"x": 0.3079124689102173, "y": 0.3709332048892975, "z": -0.07258850336074829, "vis": 0.9999699592590332}, "3": {"x": 0.31053030490875244, "y": 0.37151530385017395, "z": -0.07260216027498245, "vis": 0.999967098236084}, "4": {"x": 0.2995477616786957, "y": 0.3692694306373596, "z": -0.06471680104732513, "vis": 0.999971866607666}, "5": {"x": 0.297985702753067, "y": 0.36858659982681274, "z": -0.0646987110376358, "vis": 0.9999667406082153}, "6": {"x": 0.2968054711818695, "y": 0.368020623922348, "z": -0.06471623480319977, "vis": 0.9999716281890869}, "7": {"x": 0.3163911998271942, "y": 0.376549631357193, "z": -0.025156117975711823, "vis": 0.9999655485153198}, "8": {"x": 0.2979021370410919, "y": 0.37227922677993774, "z": 0.011469367891550064, "vis": 0.9999622106552124}, "9": {"x": 0.30621418356895447, "y": 0.3944174349308014, "z": -0.057879868894815445, "vis": 0.9999608993530273}, "10": {"x": 0.29906702041625977, "y": 0.3933778405189514, "z": -0.047552794218063354, "vis": 0.9999574422836304}, "11": {"x": 0.33719602227211, "y": 0.4458683431148529, "z": -0.021826019510626793, "vis": 0.9999127388000488}, "12": {"x": 0.28281065821647644, "y": 0.4499354958534241, "z": 0.06489450484514236, "vis": 0.9998661279678345}, "13": {"x": 0.3138079047203064, "y": 0.5301976799964905, "z": -0.06570164859294891, "vis": 0.9600763916969299}, "14": {"x": 0.2681361436843872, "y": 0.5493889451026917, "z": 0.013052595779299736, "vis": 0.8765806555747986}, "15": {"x": 0.3050064146518707, "y": 0.44219982624053955, "z": -0.11462368071079254, "vis": 0.9511309862136841}, "16": {"x": 0.3028879463672638, "y": 0.5178204774856567, "z": -0.09674753993749619, "vis": 0.8909281492233276}, "17": {"x": 0.30306971073150635, "y": 0.4220576882362366, "z": -0.13015446066856384, "vis": 0.9269206523895264}, "18": {"x": 0.3123396337032318, "y": 0.5115725994110107, "z": -0.1191437691450119, "vis": 0.7947697639465332}, "19": {"x": 0.30652162432670593, "y": 0.4144480526447296, "z": -0.12986192107200623, "vis": 0.919614315032959}, "20": {"x": 0.3143974840641022, "y": 0.5013590455055237, "z": -0.11084435880184174, "vis": 0.7698639035224915}, "21": {"x": 0.3070613741874695, "y": 0.42324700951576233, "z": -0.11465280503034592, "vis": 0.8862529993057251}, "22": {"x": 0.3103974759578705, "y": 0.5002533197402954, "z": -0.09651685506105423, "vis": 0.7240867614746094}, "23": {"x": 0.3205834925174713, "y": 0.6381180286407471, "z": -0.037485264241695404, "vis": 0.9998279809951782}, "24": {"x": 0.28820154070854187, "y": 0.6374534964561462, "z": 0.03742364048957825, "vis": 0.999800980091095}, "25": {"x": 0.31282272934913635, "y": 0.785394012928009, "z": -0.0730661153793335, "vis": 0.9967293739318848}, "26": {"x": 0.2722543179988861, "y": 0.7838440537452698, "z": -0.01033396553248167, "vis": 0.9927626252174377}, "27": {"x": 0.3076035976409912, "y": 0.9320879578590393, "z": 0.006324180401861668, "vis": 0.9960927367210388}, "28": {"x": 0.29396384954452515, "y": 0.9131872653961182, "z": 0.104762963950634, "vis": 0.982657253742218}, "29": {"x": 0.30943402647972107, "y": 0.9516449570655823, "z": 0.009863616898655891, "vis": 0.8663223385810852}, "30": {"x": 0.30080875754356384, "y": 0.9292429685592651, "z": 0.11347715556621552, "vis": 0.9151233434677124}, "31": {"x": 0.2938966751098633, "y": 0.9730759263038635, "z": -0.07285146415233612, "vis": 0.9923403263092041}, "32": {"x": 0.27218592166900635, "y": 0.9597257971763611, "z": 0.0646805539727211, "vis": 0.9778238534927368}, "meta": {"r_elbow_deg": 39.35453558401467, "r_knee_deg": 164.25497014642193, "trunk_deg": 91.09323311000124, "bat_tilt_deg": 174.39454268805457, "x_factor_deg": 2.917073948712817, "shot_type": "Cut/Pull"}}