{"0": {"x": 0.30414271354675293, "y": 0.454658567905426, "z": 0.44316089153289795, "vis": 0.8780092000961304}, "1": {"x": 0.30134710669517517, "y": 0.4419017732143402, "z": 0.4312310516834259, "vis": 0.8948909044265747}, "2": {"x": 0.3000844120979309, "y": 0.44118210673332214, "z": 0.4312174618244171, "vis": 0.8929980993270874}, "3": {"x": 0.2987327575683594, "y": 0.44063466787338257, "z": 0.4312256872653961, "vis": 0.8999507427215576}, "4": {"x": 0.30600854754447937, "y": 0.4405418336391449, "z": 0.4428059160709381, "vis": 0.8692097067832947}, "5": {"x": 0.30805128812789917, "y": 0.4387374520301819, "z": 0.4428005814552307, "vis": 0.8680729269981384}, "6": {"x": 0.31008991599082947, "y": 0.43693992495536804, "z": 0.4426995515823364, "vis": 0.8824482560157776}, "7": {"x": 0.2999250292778015, "y": 0.43951013684272766, "z": 0.34317293763160706, "vis": 0.8847017884254456}, "8": {"x": 0.3169749975204468, "y": 0.43525832891464233, "z": 0.3970476984977722, "vis": 0.8339763879776001}, "9": {"x": 0.30475765466690063, "y": 0.45894137024879456, "z": 0.4085816740989685, "vis": 0.8460237383842468}, "10": {"x": 0.3103175461292267, "y": 0.4577048420906067, "z": 0.42416271567344666, "vis": 0.8343093991279602}, "11": {"x": 0.2908134460449219, "y": 0.46761268377304077, "z": 0.2097776234149933, "vis": 0.9996654987335205}, "12": {"x": 0.35662928223609924, "y": 0.4750962257385254, "z": 0.3295392692089081, "vis": 0.9947521686553955}, "13": {"x": 0.25049644708633423, "y": 0.5066206455230713, "z": 0.15798024833202362, "vis": 0.9907656908035278}, "14": {"x": 0.36293014883995056, "y": 0.550388753414154, "z": 0.34497764706611633, "vis": 0.024145327508449554}, "15": {"x": 0.20901738107204437, "y": 0.5668713450431824, "z": 0.1750604212284088, "vis": 0.9621779322624207}, "16": {"x": 0.3338071405887604, "y": 0.627341628074646, "z": 0.38306331634521484, "vis": 0.034039899706840515}, "17": {"x": 0.19917705655097961, "y": 0.5827656984329224, "z": 0.16163237392902374, "vis": 0.9298341870307922}, "18": {"x": 0.3297816812992096, "y": 0.6402289867401123, "z": 0.3900178372859955, "vis": 0.03465425595641136}, "19": {"x": 0.20028279721736908, "y": 0.5830079317092896, "z": 0.17300823330879211, "vis": 0.9176230430603027}, "20": {"x": 0.32099178433418274, "y": 0.6470446586608887, "z": 0.3841206133365631, "vis": 0.03219052031636238}, "21": {"x": 0.20428656041622162, "y": 0.5796071290969849, "z": 0.17995744943618774, "vis": 0.8692137598991394}, "22": {"x": 0.32123780250549316, "y": 0.6405804753303528, "z": 0.3814864158630371, "vis": 0.038820408284664154}, "23": {"x": 0.33705154061317444, "y": 0.6172218918800354, "z": -0.03400939330458641, "vis": 0.9994035959243774}, "24": {"x": 0.37640172243118286, "y": 0.6111651062965393, "z": 0.03389478474855423, "vis": 0.9984744191169739}, "25": {"x": 0.3320629894733429, "y": 0.8106386661529541, "z": -0.0842929407954216, "vis": 0.9467470645904541}, "26": {"x": 0.3711991310119629, "y": 0.7707939743995667, "z": -0.007497941143810749, "vis": 0.8701521754264832}, "27": {"x": 0.33711880445480347, "y": 0.9798559546470642, "z": -0.18578314781188965, "vis": 0.8069585561752319}, "28": {"x": 0.37581509351730347, "y": 0.9463291168212891, "z": -0.11285856366157532, "vis": 0.7157481908798218}, "29": {"x": 0.34285682439804077, "y": 0.997892439365387, "z": -0.19898782670497894, "vis": 0.8923627734184265}, "30": {"x": 0.37831825017929077, "y": 0.981754720211029, "z": -0.12662091851234436, "vis": 0.8790432810783386}, "31": {"x": 0.31955674290657043, "y": 0.9936535358428955, "z": -0.23290126025676727, "vis": 0.5336412191390991}, "32": {"x": 0.3714025318622589, "y": 0.9657958149909973, "z": -0.16745063662528992, "vis": 0.5265467166900635}}