{"0": {"x": 0.2871183454990387, "y": 0.38003575801849365, "z": -0.09457263350486755, "vis": 0.9998238682746887}, "1": {"x": 0.29067182540893555, "y": 0.36721134185791016, "z": -0.09007351845502853, "vis": 0.9997724890708923}, "2": {"x": 0.29315000772476196, "y": 0.36694857478141785, "z": -0.09010309725999832, "vis": 0.9997885823249817}, "3": {"x": 0.29552987217903137, "y": 0.3668316900730133, "z": -0.09015205502510071, "vis": 0.9997850060462952}, "4": {"x": 0.284863144159317, "y": 0.36801448464393616, "z": -0.08093760162591934, "vis": 0.9997621178627014}, "5": {"x": 0.2832394242286682, "y": 0.36795902252197266, "z": -0.0809185579419136, "vis": 0.9996809959411621}, "6": {"x": 0.2820936441421509, "y": 0.3679731786251068, "z": -0.08092387020587921, "vis": 0.9997000694274902}, "7": {"x": 0.3013836145401001, "y": 0.3716057240962982, "z": -0.042611028999090195, "vis": 0.9997413754463196}, "8": {"x": 0.283972829580307, "y": 0.3721903860569, "z": -0.0028426654171198606, "vis": 0.9992591738700867}, "9": {"x": 0.29306328296661377, "y": 0.39454537630081177, "z": -0.07536480575799942, "vis": 0.9994521737098694}, "10": {"x": 0.28601205348968506, "y": 0.3966841995716095, "z": -0.06403336673974991, "vis": 0.9994421601295471}, "11": {"x": 0.3205949366092682, "y": 0.44175052642822266, "z": -0.04526017978787422, "vis": 0.9995695948600769}, "12": {"x": 0.27671438455581665, "y": 0.45361289381980896, "z": 0.06738173216581345, "vis": 0.9987965822219849}, "13": {"x": 0.2961832880973816, "y": 0.5306572914123535, "z": -0.035766709595918655, "vis": 0.9554451704025269}, "14": {"x": 0.2613466680049896, "y": 0.5533113479614258, "z": 0.00978110358119011, "vis": 0.6816507577896118}, "15": {"x": 0.2874206304550171, "y": 0.43906575441360474, "z": 0.0009682253003120422, "vis": 0.9344297647476196}, "16": {"x": 0.288840115070343, "y": 0.5132834911346436, "z": -0.11008352041244507, "vis": 0.7103660702705383}, "17": {"x": 0.28656721115112305, "y": 0.4186598062515259, "z": -0.0054466198198497295, "vis": 0.899684488773346}, "18": {"x": 0.29801228642463684, "y": 0.5077313780784607, "z": -0.12862345576286316, "vis": 0.5992802977561951}, "19": {"x": 0.2906075417995453, "y": 0.41050755977630615, "z": -0.008554798550903797, "vis": 0.8971798419952393}, "20": {"x": 0.2992498576641083, "y": 0.4998835325241089, "z": -0.12121619284152985, "vis": 0.5733741521835327}, "21": {"x": 0.29127249121665955, "y": 0.4203464090824127, "z": 0.0018098620930686593, "vis": 0.8679659366607666}, "22": {"x": 0.2962164282798767, "y": 0.4984019100666046, "z": -0.11007769405841827, "vis": 0.5305711627006531}, "23": {"x": 0.3125755786895752, "y": 0.6278680562973022, "z": -0.04521816596388817, "vis": 0.9990161657333374}, "24": {"x": 0.28407949209213257, "y": 0.6317250728607178, "z": 0.0452783964574337, "vis": 0.9984910488128662}, "25": {"x": 0.30382993817329407, "y": 0.7793916463851929, "z": -0.07420749962329865, "vis": 0.9724355340003967}, "26": {"x": 0.28590261936187744, "y": 0.7777164578437805, "z": 0.04737565666437149, "vis": 0.7719122171401978}, "27": {"x": 0.3055678904056549, "y": 0.9323147535324097, "z": -0.043061066418886185, "vis": 0.9812356233596802}, "28": {"x": 0.29555004835128784, "y": 0.9228375554084778, "z": 0.09564444422721863, "vis": 0.8941416144371033}, "29": {"x": 0.31027984619140625, "y": 0.964850664138794, "z": -0.04352197423577309, "vis": 0.9086412787437439}, "30": {"x": 0.300762802362442, "y": 0.9512346982955933, "z": 0.0966365784406662, "vis": 0.7845392823219299}, "31": {"x": 0.2868732511997223, "y": 0.9700865745544434, "z": -0.11534208804368973, "vis": 0.9777550101280212}, "32": {"x": 0.2700731158256531, "y": 0.9643216133117676, "z": 0.04030803218483925, "vis": 0.9129387736320496}, "meta": {"r_elbow_deg": 25.720812246996235, "r_knee_deg": 176.9121276272821, "trunk_deg": 100.70955679050053, "bat_tilt_deg": 177.5552507375136, "x_factor_deg": 6.98288370389285, "shot_type": "Cut/Pull"}}