{"0": {"x": 0.34837475419044495, "y": 0.3784734904766083, "z": 0.2755487263202667, "vis": 0.999933123588562}, "1": {"x": 0.34620216488838196, "y": 0.370493620634079, "z": 0.259674996137619, "vis": 0.999913215637207}, "2": {"x": 0.34406939148902893, "y": 0.37054893374443054, "z": 0.25969573855400085, "vis": 0.9999262094497681}, "3": {"x": 0.34180182218551636, "y": 0.3707992732524872, "z": 0.25969719886779785, "vis": 0.999930739402771}, "4": {"x": 0.35133984684944153, "y": 0.3705016076564789, "z": 0.26127517223358154, "vis": 0.9998995065689087}, "5": {"x": 0.3529127240180969, "y": 0.37062594294548035, "z": 0.2612958252429962, "vis": 0.9998927116394043}, "6": {"x": 0.3546179533004761, "y": 0.3707350194454193, "z": 0.2612607777118683, "vis": 0.9999014139175415}, "7": {"x": 0.338288813829422, "y": 0.3757980763912201, "z": 0.1824992150068283, "vis": 0.9998964071273804}, "8": {"x": 0.35906580090522766, "y": 0.3764393627643585, "z": 0.1907830834388733, "vis": 0.9998736381530762}, "9": {"x": 0.34486162662506104, "y": 0.3869348466396332, "z": 0.24985936284065247, "vis": 0.9998326301574707}, "10": {"x": 0.3511342704296112, "y": 0.38674262166023254, "z": 0.2520027160644531, "vis": 0.9998133778572083}, "11": {"x": 0.3127989172935486, "y": 0.45929157733917236, "z": 0.11480183899402618, "vis": 0.9997095465660095}, "12": {"x": 0.37723857164382935, "y": 0.44171249866485596, "z": 0.12929831445217133, "vis": 0.9998476505279541}, "13": {"x": 0.2970951795578003, "y": 0.5615113377571106, "z": 0.10804636031389236, "vis": 0.9225166440010071}, "14": {"x": 0.39260879158973694, "y": 0.5393074750900269, "z": 0.11933853477239609, "vis": 0.9937446713447571}, "15": {"x": 0.32053521275520325, "y": 0.6114050149917603, "z": 0.12977570295333862, "vis": 0.14457467198371887}, "16": {"x": 0.4013673663139343, "y": 0.6133376955986023, "z": 0.14144936203956604, "vis": 0.5974530577659607}, "17": {"x": 0.32683655619621277, "y": 0.6301113367080688, "z": 0.13645689189434052, "vis": 0.10967431962490082}, "18": {"x": 0.40452519059181213, "y": 0.6301240921020508, "z": 0.1467704474925995, "vis": 0.41933563351631165}, "19": {"x": 0.331932008266449, "y": 0.6230539679527283, "z": 0.13152503967285156, "vis": 0.10601626336574554}, "20": {"x": 0.40015295147895813, "y": 0.6285121440887451, "z": 0.15479405224323273, "vis": 0.3972424864768982}, "21": {"x": 0.33091649413108826, "y": 0.6154592037200928, "z": 0.12909568846225739, "vis": 0.11081438511610031}, "22": {"x": 0.3976166546344757, "y": 0.6231298446655273, "z": 0.14666251838207245, "vis": 0.34905895590782166}, "23": {"x": 0.33212846517562866, "y": 0.6367980241775513, "z": -0.009227786213159561, "vis": 0.999664306640625}, "24": {"x": 0.3714446425437927, "y": 0.6327176094055176, "z": 0.009159316308796406, "vis": 0.9996885061264038}, "25": {"x": 0.34070324897766113, "y": 0.7848386168479919, "z": -0.017911382019519806, "vis": 0.9839719533920288}, "26": {"x": 0.37129825353622437, "y": 0.7800971269607544, "z": 0.003540693549439311, "vis": 0.9927459359169006}, "27": {"x": 0.351398229598999, "y": 0.9257210493087769, "z": -0.16786491870880127, "vis": 0.9845107793807983}, "28": {"x": 0.37108314037323, "y": 0.9310258626937866, "z": -0.1605757623910904, "vis": 0.9890688061714172}, "29": {"x": 0.35554003715515137, "y": 0.9358763098716736, "z": -0.1864718347787857, "vis": 0.9919463992118835}, "30": {"x": 0.3710368573665619, "y": 0.9433214068412781, "z": -0.17901283502578735, "vis": 0.9921516180038452}, "31": {"x": 0.34964314103126526, "y": 0.9894225001335144, "z": -0.21780140697956085, "vis": 0.9544095396995544}, "32": {"x": 0.36415305733680725, "y": 0.9807226657867432, "z": -0.20879466831684113, "vis": 0.9638338088989258}, "meta": {"r_elbow_deg": 177.7973522103931, "r_knee_deg": 179.9752491796373, "trunk_deg": 70.78292387305741, "bat_tilt_deg": 18.2620193663031, "x_factor_deg": 10.166838281787477, "shot_type": "Other"}}