{"0": {"x": 0.2756551504135132, "y": 0.383114218711853, "z": -0.060441095381975174, "vis": 0.9998314380645752}, "1": {"x": 0.2784702181816101, "y": 0.3704798221588135, "z": -0.061956532299518585, "vis": 0.9997872710227966}, "2": {"x": 0.2807686924934387, "y": 0.3701198101043701, "z": -0.06199948117136955, "vis": 0.9998244643211365}, "3": {"x": 0.28318554162979126, "y": 0.36956924200057983, "z": -0.06207979470491409, "vis": 0.999812662601471}, "4": {"x": 0.27432703971862793, "y": 0.37093839049339294, "z": -0.050890516489744186, "vis": 0.9998383522033691}, "5": {"x": 0.27345597743988037, "y": 0.37085628509521484, "z": -0.05084944888949394, "vis": 0.9997963309288025}, "6": {"x": 0.2724403738975525, "y": 0.37075814604759216, "z": -0.050868213176727295, "vis": 0.9998200535774231}, "7": {"x": 0.29094430804252625, "y": 0.3725113272666931, "z": -0.0353362113237381, "vis": 0.9998611211776733}, "8": {"x": 0.2763068377971649, "y": 0.3746475279331207, "z": 0.014373947866261005, "vis": 0.999675989151001}, "9": {"x": 0.2819395363330841, "y": 0.3973062038421631, "z": -0.04767252504825592, "vis": 0.9994869232177734}, "10": {"x": 0.27656179666519165, "y": 0.39784887433052063, "z": -0.033466603606939316, "vis": 0.9994375109672546}, "11": {"x": 0.31073465943336487, "y": 0.43301278352737427, "z": -0.04403327777981758, "vis": 0.9993054866790771}, "12": {"x": 0.2750742733478546, "y": 0.44820138812065125, "z": 0.07131322473287582, "vis": 0.9990220069885254}, "13": {"x": 0.2888955771923065, "y": 0.5227534770965576, "z": -0.03162626549601555, "vis": 0.9583783149719238}, "14": {"x": 0.2628178298473358, "y": 0.5523871183395386, "z": 0.007653436157852411, "vis": 0.559864342212677}, "15": {"x": 0.27792254090309143, "y": 0.47446343302726746, "z": 0.028203682973980904, "vis": 0.7524508237838745}, "16": {"x": 0.28378573060035706, "y": 0.5129401683807373, "z": -0.10964396595954895, "vis": 0.5065888166427612}, "17": {"x": 0.2703113555908203, "y": 0.47046059370040894, "z": 0.02876872941851616, "vis": 0.6692910194396973}, "18": {"x": 0.29012662172317505, "y": 0.503177285194397, "z": -0.129750594496727, "vis": 0.40437713265419006}, "19": {"x": 0.2753605842590332, "y": 0.46075505018234253, "z": 0.022489195689558983, "vis": 0.6604440808296204}, "20": {"x": 0.2916554808616638, "y": 0.4933391511440277, "z": -0.11844515800476074, "vis": 0.3808835446834564}, "21": {"x": 0.27680090069770813, "y": 0.4670197665691376, "z": 0.028835074976086617, "vis": 0.6240183115005493}, "22": {"x": 0.2896791994571686, "y": 0.4933522939682007, "z": -0.10877086222171783, "vis": 0.3471863865852356}, "23": {"x": 0.30678853392601013, "y": 0.6289576292037964, "z": -0.04185666888952255, "vis": 0.9987015724182129}, "24": {"x": 0.28270649909973145, "y": 0.6314011812210083, "z": 0.041934818029403687, "vis": 0.9984810948371887}, "25": {"x": 0.2997605800628662, "y": 0.7787057757377625, "z": -0.08875781297683716, "vis": 0.9596865773200989}, "26": {"x": 0.28695595264434814, "y": 0.7773225903511047, "z": 0.01181549858301878, "vis": 0.706717312335968}, "27": {"x": 0.30376484990119934, "y": 0.9305142164230347, "z": -0.09556414186954498, "vis": 0.9552753567695618}, "28": {"x": 0.29959729313850403, "y": 0.9258859753608704, "z": 0.008056349121034145, "vis": 0.8203265070915222}, "29": {"x": 0.3087552785873413, "y": 0.9602965116500854, "z": -0.09905049204826355, "vis": 0.8675053119659424}, "30": {"x": 0.3045344352722168, "y": 0.9537894129753113, "z": 0.004691024776548147, "vis": 0.7405114769935608}, "31": {"x": 0.2819643020629883, "y": 0.9652913808822632, "z": -0.1581306755542755, "vis": 0.9518712162971497}, "32": {"x": 0.2714012563228607, "y": 0.9621617197990417, "z": -0.04119456186890602, "vis": 0.8418338894844055}, "meta": {"r_elbow_deg": 21.283279538366155, "r_knee_deg": 176.80445494228476, "trunk_deg": 108.85443089257836, "bat_tilt_deg": 117.30273898094234, "x_factor_deg": 16.572951005564924, "shot_type": "Cut/Pull"}}