{"0": {"x": 0.444060355424881, "y": 0.4346432685852051, "z": 0.03835529834032059, "vis": 0.997820258140564}, "1": {"x": 0.44111090898513794, "y": 0.42656567692756653, "z": 0.03158467262983322, "vis": 0.9992061257362366}, "2": {"x": 0.4414557218551636, "y": 0.4245184063911438, "z": 0.031614989042282104, "vis": 0.999049961566925}, "3": {"x": 0.441801518201828, "y": 0.42251840233802795, "z": 0.03160788491368294, "vis": 0.9993056058883667}, "4": {"x": 0.4410872757434845, "y": 0.42841923236846924, "z": 0.0441649965941906, "vis": 0.9986433386802673}, "5": {"x": 0.4412759840488434, "y": 0.4280568063259125, "z": 0.04420022293925285, "vis": 0.9980642199516296}, "6": {"x": 0.4414796531200409, "y": 0.4276924729347229, "z": 0.04418967291712761, "vis": 0.9987325072288513}, "7": {"x": 0.4455304741859436, "y": 0.41190266609191895, "z": 0.013085659593343735, "vis": 0.9987536668777466}, "8": {"x": 0.44523587822914124, "y": 0.4188552796840668, "z": 0.07027707248926163, "vis": 0.9983665347099304}, "9": {"x": 0.44908297061920166, "y": 0.431612104177475, "z": 0.03256404027342796, "vis": 0.9967101812362671}, "10": {"x": 0.4488469660282135, "y": 0.43462496995925903, "z": 0.04903721809387207, "vis": 0.9936084747314453}, "11": {"x": 0.4692383110523224, "y": 0.41170862317085266, "z": -0.018807096406817436, "vis": 0.9999287128448486}, "12": {"x": 0.4633711874485016, "y": 0.4287031590938568, "z": 0.09342124313116074, "vis": 0.9974959492683411}, "13": {"x": 0.4552883207798004, "y": 0.45848548412323, "z": -0.05824196711182594, "vis": 0.9242059588432312}, "14": {"x": 0.4543055295944214, "y": 0.46587300300598145, "z": 0.07147079706192017, "vis": 0.13701516389846802}, "15": {"x": 0.44353756308555603, "y": 0.4289206862449646, "z": -0.05840742960572243, "vis": 0.7049074172973633}, "16": {"x": 0.44647589325904846, "y": 0.43667104840278625, "z": 0.018108312040567398, "vis": 0.0864715650677681}, "17": {"x": 0.44082534313201904, "y": 0.41749122738838196, "z": -0.07023666799068451, "vis": 0.6482238173484802}, "18": {"x": 0.4452325105667114, "y": 0.4279576539993286, "z": 0.012886940501630306, "vis": 0.08127552270889282}, "19": {"x": 0.44298335909843445, "y": 0.4121926724910736, "z": -0.06407452374696732, "vis": 0.6423928737640381}, "20": {"x": 0.444580078125, "y": 0.4238481819629669, "z": 0.01204223744571209, "vis": 0.07505234330892563}, "21": {"x": 0.4442729353904724, "y": 0.4164508283138275, "z": -0.05622601881623268, "vis": 0.5525272488594055}, "22": {"x": 0.4453890323638916, "y": 0.4269579350948334, "z": 0.015692871063947678, "vis": 0.0798959881067276}, "23": {"x": 0.4965554475784302, "y": 0.5130316019058228, "z": -0.044733982533216476, "vis": 0.9997541308403015}, "24": {"x": 0.49352750182151794, "y": 0.5219124555587769, "z": 0.04467783123254776, "vis": 0.9989442229270935}, "25": {"x": 0.4709164798259735, "y": 0.5850785374641418, "z": -0.08921181410551071, "vis": 0.9584217071533203}, "26": {"x": 0.4721889793872833, "y": 0.5827123522758484, "z": 0.01989859901368618, "vis": 0.11096996814012527}, "27": {"x": 0.4815526008605957, "y": 0.69615638256073, "z": -0.12254539132118225, "vis": 0.8572824001312256}, "28": {"x": 0.4835266172885895, "y": 0.6800539493560791, "z": 0.014017344452440739, "vis": 0.06976444274187088}, "29": {"x": 0.4899178445339203, "y": 0.7118858098983765, "z": -0.12533459067344666, "vis": 0.7211815714836121}, "30": {"x": 0.4908427298069, "y": 0.6935476064682007, "z": 0.012751869857311249, "vis": 0.14200715720653534}, "31": {"x": 0.46613985300064087, "y": 0.7306811809539795, "z": -0.14822065830230713, "vis": 0.8335428833961487}, "32": {"x": 0.471049427986145, "y": 0.7085289359092712, "z": -0.004786424804478884, "vis": 0.11645855009555817}, "meta": {"r_elbow_deg": 28.715877235809938, "r_knee_deg": 154.017347039436, "trunk_deg": 142.90336989420067, "bat_tilt_deg": 166.49338986983201, "x_factor_deg": 0.6802504423853009, "shot_type": "Cut/Pull"}}