{"0": {"x": 0.5222477912902832, "y": 0.5396642684936523, "z": 0.044108353555202484, "vis": 0.9970257878303528}, "1": {"x": 0.5197118520736694, "y": 0.5236088633537292, "z": 0.05439312011003494, "vis": 0.9979984164237976}, "2": {"x": 0.5190439820289612, "y": 0.5220071077346802, "z": 0.054362718015909195, "vis": 0.997138500213623}, "3": {"x": 0.5182657837867737, "y": 0.5200045108795166, "z": 0.054321713745594025, "vis": 0.9979888200759888}, "4": {"x": 0.5190551280975342, "y": 0.5218455791473389, "z": 0.030706927180290222, "vis": 0.9982423782348633}, "5": {"x": 0.5181890726089478, "y": 0.5193737745285034, "z": 0.030719557777047157, "vis": 0.9976150989532471}, "6": {"x": 0.5200797915458679, "y": 0.5156957507133484, "z": 0.030680429190397263, "vis": 0.9979204535484314}, "7": {"x": 0.5056908130645752, "y": 0.5022057890892029, "z": 0.09964985400438309, "vis": 0.9967634677886963}, "8": {"x": 0.509382963180542, "y": 0.49764493107795715, "z": -0.009367907419800758, "vis": 0.9966817498207092}, "9": {"x": 0.5145899653434753, "y": 0.5342668294906616, "z": 0.06311780959367752, "vis": 0.9946651458740234}, "10": {"x": 0.5141123533248901, "y": 0.5322193503379822, "z": 0.03148626908659935, "vis": 0.9928926229476929}, "11": {"x": 0.4630275368690491, "y": 0.5226820707321167, "z": 0.12947587668895721, "vis": 0.9952878952026367}, "12": {"x": 0.48892849683761597, "y": 0.5211823582649231, "z": -0.050880659371614456, "vis": 0.9965773224830627}, "13": {"x": 0.4553442597389221, "y": 0.6146501898765564, "z": 0.15596602857112885, "vis": 0.10691280663013458}, "14": {"x": 0.518352746963501, "y": 0.5882737040519714, "z": -0.08762834966182709, "vis": 0.8438993096351624}, "15": {"x": 0.44774138927459717, "y": 0.6629673838615417, "z": 0.09584982693195343, "vis": 0.16352231800556183}, "16": {"x": 0.5108707547187805, "y": 0.6178708076477051, "z": -0.034593019634485245, "vis": 0.583323061466217}, "17": {"x": 0.4438483715057373, "y": 0.6712440848350525, "z": 0.09309966117143631, "vis": 0.16529014706611633}, "18": {"x": 0.5074973106384277, "y": 0.6217100620269775, "z": -0.04152180626988411, "vis": 0.48858705163002014}, "19": {"x": 0.4458242654800415, "y": 0.6654239892959595, "z": 0.07735353708267212, "vis": 0.17546215653419495}, "20": {"x": 0.5040024518966675, "y": 0.6230378746986389, "z": -0.03807709366083145, "vis": 0.477941632270813}, "21": {"x": 0.447639137506485, "y": 0.6659637689590454, "z": 0.08779484778642654, "vis": 0.16742047667503357}, "22": {"x": 0.5032259225845337, "y": 0.6209111213684082, "z": -0.031585462391376495, "vis": 0.4472084939479828}, "23": {"x": 0.34927302598953247, "y": 0.5922375917434692, "z": 0.047630783170461655, "vis": 0.9980922341346741}, "24": {"x": 0.3664955198764801, "y": 0.5885046720504761, "z": -0.04788242280483246, "vis": 0.9968439340591431}, "25": {"x": 0.3492524027824402, "y": 0.6082768440246582, "z": 0.08991194516420364, "vis": 0.14205844700336456}, "26": {"x": 0.3857341408729553, "y": 0.6224682927131653, "z": -0.0001835582806961611, "vis": 0.2257249504327774}, "27": {"x": 0.36600345373153687, "y": 0.6584181785583496, "z": 0.14578211307525635, "vis": 0.1924138069152832}, "28": {"x": 0.40387681126594543, "y": 0.6487404108047485, "z": 0.05789892002940178, "vis": 0.20358912646770477}, "29": {"x": 0.36817020177841187, "y": 0.6590685844421387, "z": 0.15091001987457275, "vis": 0.2712210416793823}, "30": {"x": 0.4058590531349182, "y": 0.6452504992485046, "z": 0.06445366144180298, "vis": 0.22434790432453156}, "31": {"x": 0.3741506040096283, "y": 0.6727344989776611, "z": 0.14320309460163116, "vis": 0.27504053711891174}, "32": {"x": 0.4150833487510681, "y": 0.6663588285446167, "z": 0.04762871190905571, "vis": 0.21286889910697937}, "meta": {"r_elbow_deg": 142.13233433362637, "r_knee_deg": 174.9015959954825, "trunk_deg": 25.71095080111836, "bat_tilt_deg": 24.969131215726907, "x_factor_deg": 9.045092053913379, "shot_type": "Other"}}