{"0": {"x": 0.22704845666885376, "y": 0.41220948100090027, "z": 0.16458353400230408, "vis": 0.9995006322860718}, "1": {"x": 0.22075866162776947, "y": 0.406831830739975, "z": 0.15483440458774567, "vis": 0.9995280504226685}, "2": {"x": 0.21916735172271729, "y": 0.4098327159881592, "z": 0.15485025942325592, "vis": 0.9993895292282104}, "3": {"x": 0.21770676970481873, "y": 0.41294488310813904, "z": 0.15484054386615753, "vis": 0.9995729327201843}, "4": {"x": 0.22676104307174683, "y": 0.3996041715145111, "z": 0.14758643507957458, "vis": 0.9996009469032288}, "5": {"x": 0.22896769642829895, "y": 0.39792120456695557, "z": 0.14755024015903473, "vis": 0.9995359182357788}, "6": {"x": 0.2311466783285141, "y": 0.39636102318763733, "z": 0.1474868655204773, "vis": 0.9996447563171387}, "7": {"x": 0.21806861460208893, "y": 0.42157894372940063, "z": 0.10909323394298553, "vis": 0.9997158646583557}, "8": {"x": 0.23478133976459503, "y": 0.39885884523391724, "z": 0.07726161181926727, "vis": 0.9996261596679688}, "9": {"x": 0.2275095283985138, "y": 0.42505478858947754, "z": 0.15096653997898102, "vis": 0.9992650151252747}, "10": {"x": 0.23495852947235107, "y": 0.41741442680358887, "z": 0.14196369051933289, "vis": 0.999015212059021}, "11": {"x": 0.22806718945503235, "y": 0.5031589269638062, "z": 0.10628959536552429, "vis": 0.9988370537757874}, "12": {"x": 0.2599411904811859, "y": 0.4293428659439087, "z": 0.016566017642617226, "vis": 0.9997426867485046}, "13": {"x": 0.2525511384010315, "y": 0.5769600868225098, "z": 0.1443251371383667, "vis": 0.04789586365222931}, "14": {"x": 0.26255255937576294, "y": 0.3753008246421814, "z": 0.02680092863738537, "vis": 0.9853625297546387}, "15": {"x": 0.2671250104904175, "y": 0.5944459438323975, "z": 0.17736580967903137, "vis": 0.08104994893074036}, "16": {"x": 0.2509732246398926, "y": 0.32579654455184937, "z": 0.10929261147975922, "vis": 0.9481629133224487}, "17": {"x": 0.26954197883605957, "y": 0.5952195525169373, "z": 0.18953831493854523, "vis": 0.11750246584415436}, "18": {"x": 0.2461220920085907, "y": 0.2984507977962494, "z": 0.11507973819971085, "vis": 0.9139941334724426}, "19": {"x": 0.2710690200328827, "y": 0.5934349894523621, "z": 0.18038341403007507, "vis": 0.11919771879911423}, "20": {"x": 0.24239516258239746, "y": 0.3010496497154236, "z": 0.12086579948663712, "vis": 0.9059643149375916}, "21": {"x": 0.27182403206825256, "y": 0.5922544002532959, "z": 0.17527224123477936, "vis": 0.11118344962596893}, "22": {"x": 0.24384266138076782, "y": 0.31339409947395325, "z": 0.1135118380188942, "vis": 0.8903620839118958}, "23": {"x": 0.2740904986858368, "y": 0.6789924502372742, "z": 0.03494522348046303, "vis": 0.9998326301574707}, "24": {"x": 0.3041413426399231, "y": 0.6523069739341736, "z": -0.035382844507694244, "vis": 0.9998489618301392}, "25": {"x": 0.2855498194694519, "y": 0.8428383469581604, "z": 0.06007824465632439, "vis": 0.4847809672355652}, "26": {"x": 0.3068145513534546, "y": 0.830905020236969, "z": -0.035972803831100464, "vis": 0.8889956474304199}, "27": {"x": 0.28464269638061523, "y": 0.950327455997467, "z": -0.04963228479027748, "vis": 0.7322351336479187}, "28": {"x": 0.29031842947006226, "y": 0.9644584655761719, "z": -0.15304094552993774, "vis": 0.9278627634048462}, "29": {"x": 0.27442923188209534, "y": 0.9915938377380371, "z": -0.062273841351270676, "vis": 0.8073526620864868}, "30": {"x": 0.27868837118148804, "y": 0.9963785409927368, "z": -0.16285181045532227, "vis": 0.9549481272697449}, "31": {"x": 0.28900018334388733, "y": 1.0259678363800049, "z": -0.09636280685663223, "vis": 0.7891079187393188}, "32": {"x": 0.2909523546695709, "y": 1.0420117378234863, "z": -0.19743894040584564, "vis": 0.9289756417274475}, "meta": {"r_elbow_deg": 195.93156205502711, "r_knee_deg": 172.1011367024858, "trunk_deg": 31.404330535118774, "bat_tilt_deg": 72.11310853450445, "x_factor_deg": 27.823959750693476, "shot_type": "Cut/Pull"}}