{"0": {"x": 0.2947998344898224, "y": 0.384483277797699, "z": -0.09899464249610901, "vis": 0.9995567202568054}, "1": {"x": 0.298102468252182, "y": 0.3734619915485382, "z": -0.09423854947090149, "vis": 0.9993405938148499}, "2": {"x": 0.3006484806537628, "y": 0.3731706738471985, "z": -0.09427233040332794, "vis": 0.9993526339530945}, "3": {"x": 0.30319157242774963, "y": 0.372799813747406, "z": -0.09432058036327362, "vis": 0.9993423819541931}, "4": {"x": 0.2923130989074707, "y": 0.3740057945251465, "z": -0.08593305200338364, "vis": 0.999384880065918}, "5": {"x": 0.2905615270137787, "y": 0.37399521470069885, "z": -0.0859110951423645, "vis": 0.9991965889930725}, "6": {"x": 0.2888524532318115, "y": 0.3740304708480835, "z": -0.08592037111520767, "vis": 0.99932861328125}, "7": {"x": 0.30829012393951416, "y": 0.37648820877075195, "z": -0.043985821306705475, "vis": 0.999159574508667}, "8": {"x": 0.29009151458740234, "y": 0.37793710827827454, "z": -0.006640946958214045, "vis": 0.9985566735267639}, "9": {"x": 0.30079010128974915, "y": 0.39819222688674927, "z": -0.07833506166934967, "vis": 0.9986281394958496}, "10": {"x": 0.29375964403152466, "y": 0.39969825744628906, "z": -0.06772810220718384, "vis": 0.9987481832504272}, "11": {"x": 0.3286581337451935, "y": 0.4411052465438843, "z": -0.038810357451438904, "vis": 0.9993730187416077}, "12": {"x": 0.2788308560848236, "y": 0.4544205069541931, "z": 0.058770887553691864, "vis": 0.9989666938781738}, "13": {"x": 0.3079182207584381, "y": 0.534366250038147, "z": -0.04233723133802414, "vis": 0.9141137599945068}, "14": {"x": 0.2641744315624237, "y": 0.5543439984321594, "z": 0.00670436630025506, "vis": 0.7434621453285217}, "15": {"x": 0.29511338472366333, "y": 0.44770127534866333, "z": -0.040964361280202866, "vis": 0.8535150289535522}, "16": {"x": 0.29535967111587524, "y": 0.5152353644371033, "z": -0.10923941433429718, "vis": 0.7210562229156494}, "17": {"x": 0.2949375808238983, "y": 0.4300873875617981, "z": -0.05215010419487953, "vis": 0.8018947839736938}, "18": {"x": 0.3051716089248657, "y": 0.5061690807342529, "z": -0.12981519103050232, "vis": 0.5931843519210815}, "19": {"x": 0.29811522364616394, "y": 0.42236098647117615, "z": -0.05466347932815552, "vis": 0.794808566570282}, "20": {"x": 0.30543097853660583, "y": 0.494773805141449, "z": -0.12317803502082825, "vis": 0.56451016664505}, "21": {"x": 0.2981918156147003, "y": 0.4304564297199249, "z": -0.04123177006840706, "vis": 0.7476009130477905}, "22": {"x": 0.30238112807273865, "y": 0.4952154755592346, "z": -0.10948427021503448, "vis": 0.5143951177597046}, "23": {"x": 0.316641628742218, "y": 0.6283244490623474, "z": -0.04277648404240608, "vis": 0.9991391897201538}, "24": {"x": 0.2860575318336487, "y": 0.6316840648651123, "z": 0.04280964657664299, "vis": 0.9987537860870361}, "25": {"x": 0.3053133487701416, "y": 0.772836446762085, "z": -0.06631193310022354, "vis": 0.9809278845787048}, "26": {"x": 0.28205910325050354, "y": 0.7751495838165283, "z": 0.04565347731113434, "vis": 0.8667654395103455}, "27": {"x": 0.3059074878692627, "y": 0.9293168187141418, "z": -0.028823448345065117, "vis": 0.9874086380004883}, "28": {"x": 0.29338937997817993, "y": 0.9201666116714478, "z": 0.09978336840867996, "vis": 0.9336434602737427}, "29": {"x": 0.31117716431617737, "y": 0.9581365585327148, "z": -0.028949087485671043, "vis": 0.9057298302650452}, "30": {"x": 0.2995493710041046, "y": 0.9437070488929749, "z": 0.10126564651727676, "vis": 0.8288376927375793}, "31": {"x": 0.28663867712020874, "y": 0.9751042127609253, "z": -0.10802844911813736, "vis": 0.9851624369621277}, "32": {"x": 0.2709033191204071, "y": 0.9693302512168884, "z": 0.04022279009222984, "vis": 0.94760662317276}}