{"0": {"x": 0.47426509857177734, "y": 0.28668734431266785, "z": -0.2408396154642105, "vis": 0.9940165281295776}, "1": {"x": 0.4774499535560608, "y": 0.2762259840965271, "z": -0.23690101504325867, "vis": 0.9817272424697876}, "2": {"x": 0.47937190532684326, "y": 0.276531845331192, "z": -0.23695312440395355, "vis": 0.9836632013320923}, "3": {"x": 0.48137038946151733, "y": 0.2771550118923187, "z": -0.23702660202980042, "vis": 0.9852802157402039}, "4": {"x": 0.47281724214553833, "y": 0.27458903193473816, "z": -0.23008650541305542, "vis": 0.9767762422561646}, "5": {"x": 0.47142311930656433, "y": 0.27370569109916687, "z": -0.23006802797317505, "vis": 0.9689702391624451}, "6": {"x": 0.47005271911621094, "y": 0.2732873260974884, "z": -0.23009710013866425, "vis": 0.9705867171287537}, "7": {"x": 0.4848283529281616, "y": 0.27845698595046997, "z": -0.17247676849365234, "vis": 0.972099244594574}, "8": {"x": 0.4691888093948364, "y": 0.27584409713745117, "z": -0.13822121918201447, "vis": 0.9495179057121277}, "9": {"x": 0.47752082347869873, "y": 0.2940869927406311, "z": -0.21270118653774261, "vis": 0.9938726425170898}, "10": {"x": 0.47168856859207153, "y": 0.2922344505786896, "z": -0.20320554077625275, "vis": 0.9923615455627441}, "11": {"x": 0.5016604661941528, "y": 0.3188250958919525, "z": -0.13063324987888336, "vis": 0.9997875094413757}, "12": {"x": 0.453194260597229, "y": 0.3255518972873688, "z": -0.057605989277362823, "vis": 0.9996688365936279}, "13": {"x": 0.5176907181739807, "y": 0.3787817060947418, "z": -0.22064098715782166, "vis": 0.9796258807182312}, "14": {"x": 0.44096237421035767, "y": 0.40011632442474365, "z": -0.023441247642040253, "vis": 0.9151980876922607}, "15": {"x": 0.5009075403213501, "y": 0.3522699475288391, "z": -0.3523276746273041, "vis": 0.926439642906189}, "16": {"x": 0.4313105344772339, "y": 0.4803607165813446, "z": -0.07110103219747543, "vis": 0.8198383450508118}, "17": {"x": 0.4976820647716522, "y": 0.3440495729446411, "z": -0.3862045109272003, "vis": 0.8353011608123779}, "18": {"x": 0.42459946870803833, "y": 0.5011705160140991, "z": -0.08368326723575592, "vis": 0.7197617888450623}, "19": {"x": 0.4957149922847748, "y": 0.33989417552948, "z": -0.3813417851924896, "vis": 0.8275479078292847}, "20": {"x": 0.42851656675338745, "y": 0.504419207572937, "z": -0.09947764128446579, "vis": 0.7259020209312439}, "21": {"x": 0.4954178035259247, "y": 0.34378933906555176, "z": -0.35381418466567993, "vis": 0.7472806572914124}, "22": {"x": 0.43202441930770874, "y": 0.49685031175613403, "z": -0.07860994338989258, "vis": 0.6899651288986206}, "23": {"x": 0.4864489436149597, "y": 0.492431640625, "z": -0.017911819741129875, "vis": 0.9973249435424805}, "24": {"x": 0.4569472670555115, "y": 0.4890897572040558, "z": 0.017836062237620354, "vis": 0.9974634647369385}, "25": {"x": 0.48792681097984314, "y": 0.6129728555679321, "z": -0.05001543462276459, "vis": 0.8028284907341003}, "26": {"x": 0.46526774764060974, "y": 0.6065205931663513, "z": -0.012622672133147717, "vis": 0.7648208737373352}, "27": {"x": 0.4796084761619568, "y": 0.72799152135849, "z": 0.07009099423885345, "vis": 0.7806055545806885}, "28": {"x": 0.46806249022483826, "y": 0.7304514646530151, "z": 0.11078665405511856, "vis": 0.7503576278686523}, "29": {"x": 0.47843435406684875, "y": 0.740791916847229, "z": 0.07909218221902847, "vis": 0.6141300201416016}, "30": {"x": 0.4692268669605255, "y": 0.7451299428939819, "z": 0.12023715674877167, "vis": 0.6262466311454773}, "31": {"x": 0.47572094202041626, "y": 0.7634490728378296, "z": -0.0029418491758406162, "vis": 0.8198508620262146}, "32": {"x": 0.46395522356033325, "y": 0.7625614404678345, "z": 0.041606590151786804, "vis": 0.8056676983833313}, "meta": {"r_elbow_deg": 177.54253567537765, "r_knee_deg": 177.2389681872787, "trunk_deg": 94.86840959750185, "bat_tilt_deg": 158.38982495196367, "x_factor_deg": 1.2574134878261036, "shot_type": "Cut/Pull"}}