{"0": {"x": 0.2961016893386841, "y": 0.5318900346755981, "z": 0.3499007523059845, "vis": 0.997005045413971}, "1": {"x": 0.2923973798751831, "y": 0.5218202471733093, "z": 0.3511660099029541, "vis": 0.9965248703956604}, "2": {"x": 0.2918583154678345, "y": 0.5185914039611816, "z": 0.35124921798706055, "vis": 0.9971453547477722}, "3": {"x": 0.29139041900634766, "y": 0.5155071020126343, "z": 0.3511984944343567, "vis": 0.9961985945701599}, "4": {"x": 0.2933486998081207, "y": 0.5293097496032715, "z": 0.35865238308906555, "vis": 0.9972696900367737}, "5": {"x": 0.29368430376052856, "y": 0.5307903289794922, "z": 0.3585599660873413, "vis": 0.9974972605705261}, "6": {"x": 0.2940922677516937, "y": 0.5322216749191284, "z": 0.35843536257743835, "vis": 0.99722820520401}, "7": {"x": 0.29254019260406494, "y": 0.5036130547523499, "z": 0.3172628879547119, "vis": 0.9982463121414185}, "8": {"x": 0.29485493898391724, "y": 0.5280022025108337, "z": 0.3522569537162781, "vis": 0.9989283680915833}, "9": {"x": 0.29829534888267517, "y": 0.5275031328201294, "z": 0.33363717794418335, "vis": 0.9917591214179993}, "10": {"x": 0.29954615235328674, "y": 0.5355681777000427, "z": 0.34354740381240845, "vis": 0.9935599565505981}, "11": {"x": 0.31043919920921326, "y": 0.47279489040374756, "z": 0.21841761469841003, "vis": 0.9999415874481201}, "12": {"x": 0.3114593029022217, "y": 0.5626029968261719, "z": 0.30821120738983154, "vis": 0.9990542531013489}, "13": {"x": 0.2728042006492615, "y": 0.38261955976486206, "z": 0.1905398964881897, "vis": 0.9276799559593201}, "14": {"x": 0.3184049427509308, "y": 0.6564987897872925, "z": 0.31580987572669983, "vis": 0.44632741808891296}, "15": {"x": 0.25948017835617065, "y": 0.2550865709781647, "z": 0.2407420128583908, "vis": 0.9093606472015381}, "16": {"x": 0.2731470465660095, "y": 0.605021059513092, "z": 0.3564291000366211, "vis": 0.41415703296661377}, "17": {"x": 0.25583869218826294, "y": 0.23468017578125, "z": 0.23818443715572357, "vis": 0.8913906216621399}, "18": {"x": 0.26033109426498413, "y": 0.5846233367919922, "z": 0.3699835538864136, "vis": 0.3401314616203308}, "19": {"x": 0.2566760778427124, "y": 0.23260653018951416, "z": 0.24479447305202484, "vis": 0.8792092800140381}, "20": {"x": 0.26006054878234863, "y": 0.5807875990867615, "z": 0.3763958215713501, "vis": 0.3221825063228607}, "21": {"x": 0.25790512561798096, "y": 0.2404758334159851, "z": 0.24113820493221283, "vis": 0.8772337436676025}, "22": {"x": 0.2628719210624695, "y": 0.5806708335876465, "z": 0.35834723711013794, "vis": 0.31254106760025024}, "23": {"x": 0.3656236529350281, "y": 0.6266428232192993, "z": -0.052132222801446915, "vis": 0.999996542930603}, "24": {"x": 0.363693505525589, "y": 0.6571887135505676, "z": 0.052381448447704315, "vis": 0.9999668598175049}, "25": {"x": 0.3352377712726593, "y": 0.770133376121521, "z": -0.2734898030757904, "vis": 0.9902211427688599}, "26": {"x": 0.34818559885025024, "y": 0.8057920932769775, "z": -0.002244350267574191, "vis": 0.826475977897644}, "27": {"x": 0.34466278553009033, "y": 0.9590814709663391, "z": -0.4389421045780182, "vis": 0.9550443291664124}, "28": {"x": 0.34637531638145447, "y": 0.9460409283638, "z": -0.03176770731806755, "vis": 0.514078676700592}, "29": {"x": 0.35563433170318604, "y": 0.9784902334213257, "z": -0.45729222893714905, "vis": 0.9717530608177185}, "30": {"x": 0.3548976182937622, "y": 0.9581959843635559, "z": -0.035061512142419815, "vis": 0.7350857853889465}, "31": {"x": 0.3349311649799347, "y": 0.9878734946250916, "z": -0.5436411499977112, "vis": 0.9505640268325806}, "32": {"x": 0.32645049691200256, "y": 0.9617953300476074, "z": -0.07431159168481827, "vis": 0.595754086971283}}