{"0": {"x": 0.46580037474632263, "y": 0.30269870162010193, "z": 0.2735201120376587, "vis": 0.9953304529190063}, "1": {"x": 0.4622285068035126, "y": 0.2947968542575836, "z": 0.2629495859146118, "vis": 0.9943913817405701}, "2": {"x": 0.460503488779068, "y": 0.29524025321006775, "z": 0.2629809081554413, "vis": 0.9943745136260986}, "3": {"x": 0.4587835967540741, "y": 0.29588615894317627, "z": 0.2629881203174591, "vis": 0.9953680038452148}, "4": {"x": 0.46719953417778015, "y": 0.29346713423728943, "z": 0.2588254511356354, "vis": 0.9952414035797119}, "5": {"x": 0.4687773287296295, "y": 0.2929956018924713, "z": 0.25878483057022095, "vis": 0.9951252341270447}, "6": {"x": 0.4703478515148163, "y": 0.29264527559280396, "z": 0.2586900293827057, "vis": 0.9964268803596497}, "7": {"x": 0.4572121500968933, "y": 0.3001750707626343, "z": 0.20356838405132294, "vis": 0.9926296472549438}, "8": {"x": 0.4734770953655243, "y": 0.295105904340744, "z": 0.18595731258392334, "vis": 0.9958658218383789}, "9": {"x": 0.4641985297203064, "y": 0.30931320786476135, "z": 0.25346603989601135, "vis": 0.9917392730712891}, "10": {"x": 0.46937286853790283, "y": 0.3077796399593353, "z": 0.24838636815547943, "vis": 0.9927483201026917}, "11": {"x": 0.4460296034812927, "y": 0.3574267029762268, "z": 0.1705143004655838, "vis": 0.9985581040382385}, "12": {"x": 0.4932638704776764, "y": 0.3414129614830017, "z": 0.10378564149141312, "vis": 0.9995997548103333}, "13": {"x": 0.4548650085926056, "y": 0.43406644463539124, "z": 0.16948296129703522, "vis": 0.13925684988498688}, "14": {"x": 0.5086587071418762, "y": 0.41679850220680237, "z": 0.12257956713438034, "vis": 0.9616513848304749}, "15": {"x": 0.46228641271591187, "y": 0.47896841168403625, "z": 0.1959073692560196, "vis": 0.02638823166489601}, "16": {"x": 0.5057051181793213, "y": 0.4412469267845154, "z": 0.207855686545372, "vis": 0.18791501224040985}, "17": {"x": 0.4633983075618744, "y": 0.4905540943145752, "z": 0.20120923221111298, "vis": 0.03718798607587814}, "18": {"x": 0.5062309503555298, "y": 0.44859760999679565, "z": 0.21831588447093964, "vis": 0.13422609865665436}, "19": {"x": 0.46849900484085083, "y": 0.4846719205379486, "z": 0.20300708711147308, "vis": 0.035352982580661774}, "20": {"x": 0.5036564469337463, "y": 0.44332441687583923, "z": 0.2197437435388565, "vis": 0.12587770819664001}, "21": {"x": 0.46973729133605957, "y": 0.4788564443588257, "z": 0.19588805735111237, "vis": 0.035321395844221115}, "22": {"x": 0.5013716220855713, "y": 0.44073909521102905, "z": 0.21049538254737854, "vis": 0.12464626878499985}, "23": {"x": 0.45859330892562866, "y": 0.49204617738723755, "z": 0.028204910457134247, "vis": 0.9988057613372803}, "24": {"x": 0.48692572116851807, "y": 0.4879121780395508, "z": -0.028298163786530495, "vis": 0.9982207417488098}, "25": {"x": 0.4538310468196869, "y": 0.5892448425292969, "z": 0.028165308758616447, "vis": 0.91568523645401}, "26": {"x": 0.4874041974544525, "y": 0.6026915907859802, "z": -0.05043093487620354, "vis": 0.973259687423706}, "27": {"x": 0.4404461085796356, "y": 0.6927831172943115, "z": -0.07890459895133972, "vis": 0.9425428509712219}, "28": {"x": 0.47818654775619507, "y": 0.7097312211990356, "z": -0.16539828479290009, "vis": 0.9749239087104797}, "29": {"x": 0.43480029702186584, "y": 0.7127328515052795, "z": -0.0935586541891098, "vis": 0.9733534455299377}, "30": {"x": 0.4697493612766266, "y": 0.7320560812950134, "z": -0.17914289236068726, "vis": 0.9862222075462341}, "31": {"x": 0.4355814456939697, "y": 0.7317580580711365, "z": -0.12554092705249786, "vis": 0.7736213207244873}, "32": {"x": 0.4806399345397949, "y": 0.744515061378479, "z": -0.21957603096961975, "vis": 0.8692261576652527}, "meta": {"r_elbow_deg": 161.56959783958328, "r_knee_deg": 174.83930749723865, "trunk_deg": 66.84038027566895, "bat_tilt_deg": 5.418992776106616, "x_factor_deg": 11.145770763606862, "shot_type": "Other"}}