{"0": {"x": 0.4780847132205963, "y": 0.41605180501937866, "z": -0.15391114354133606, "vis": 0.7348153591156006}, "1": {"x": 0.47952356934547424, "y": 0.4108840227127075, "z": -0.16088487207889557, "vis": 0.8752381205558777}, "2": {"x": 0.480459988117218, "y": 0.4112193286418915, "z": -0.16090509295463562, "vis": 0.8831638097763062}, "3": {"x": 0.4813815653324127, "y": 0.41154468059539795, "z": -0.1609754115343094, "vis": 0.902615487575531}, "4": {"x": 0.4783117175102234, "y": 0.40966588258743286, "z": -0.15494775772094727, "vis": 0.7696723937988281}, "5": {"x": 0.4783726930618286, "y": 0.4092065393924713, "z": -0.15496735274791718, "vis": 0.7230340838432312}, "6": {"x": 0.4784175753593445, "y": 0.4087520241737366, "z": -0.15499946475028992, "vis": 0.7386658787727356}, "7": {"x": 0.4883505403995514, "y": 0.4123070240020752, "z": -0.16138435900211334, "vis": 0.9615360498428345}, "8": {"x": 0.48373767733573914, "y": 0.4074307680130005, "z": -0.1339445263147354, "vis": 0.7812264561653137}, "9": {"x": 0.4824630618095398, "y": 0.42188310623168945, "z": -0.1503829061985016, "vis": 0.8601348400115967}, "10": {"x": 0.4811896085739136, "y": 0.42127344012260437, "z": -0.14258408546447754, "vis": 0.7973302602767944}, "11": {"x": 0.5036764740943909, "y": 0.44950979948043823, "z": -0.13097992539405823, "vis": 0.9997435212135315}, "12": {"x": 0.4895138740539551, "y": 0.42764484882354736, "z": -0.10386504977941513, "vis": 0.9984276294708252}, "13": {"x": 0.49898335337638855, "y": 0.5150777101516724, "z": -0.11427027732133865, "vis": 0.5951716899871826}, "14": {"x": 0.4844821095466614, "y": 0.48286232352256775, "z": -0.08353398740291595, "vis": 0.09613799303770065}, "15": {"x": 0.4850161373615265, "y": 0.5404926538467407, "z": -0.08712247014045715, "vis": 0.30905213952064514}, "16": {"x": 0.4872111976146698, "y": 0.5224148631095886, "z": -0.08408120274543762, "vis": 0.07398271560668945}, "17": {"x": 0.48117366433143616, "y": 0.5478984713554382, "z": -0.09200070053339005, "vis": 0.24761663377285004}, "18": {"x": 0.48807087540626526, "y": 0.5324035286903381, "z": -0.0876818299293518, "vis": 0.07432804256677628}, "19": {"x": 0.481514573097229, "y": 0.5432233214378357, "z": -0.09229399263858795, "vis": 0.24426695704460144}, "20": {"x": 0.4882906675338745, "y": 0.5277008414268494, "z": -0.09383028000593185, "vis": 0.08155477046966553}, "21": {"x": 0.482768714427948, "y": 0.5393304228782654, "z": -0.08606670051813126, "vis": 0.18860356509685516}, "22": {"x": 0.4884200990200043, "y": 0.5235205292701721, "z": -0.08659243583679199, "vis": 0.09712706506252289}, "23": {"x": 0.48139047622680664, "y": 0.5318962931632996, "z": -0.005924010183662176, "vis": 0.9998834133148193}, "24": {"x": 0.47367212176322937, "y": 0.5244166851043701, "z": 0.005889164283871651, "vis": 0.9996567964553833}, "25": {"x": 0.48103633522987366, "y": 0.6097816228866577, "z": -0.014866570942103863, "vis": 0.894114077091217}, "26": {"x": 0.4932839870452881, "y": 0.6054835319519043, "z": 0.011803075671195984, "vis": 0.5144920349121094}, "27": {"x": 0.4906468987464905, "y": 0.7065316438674927, "z": 0.027244430035352707, "vis": 0.9380810856819153}, "28": {"x": 0.49973350763320923, "y": 0.6949679255485535, "z": 0.07977273315191269, "vis": 0.8492544889450073}, "29": {"x": 0.4927898049354553, "y": 0.7194739580154419, "z": 0.02946282923221588, "vis": 0.8163729906082153}, "30": {"x": 0.5063853859901428, "y": 0.7033526301383972, "z": 0.08526648581027985, "vis": 0.6583263278007507}, "31": {"x": 0.4906180500984192, "y": 0.7347009181976318, "z": -0.013933570124208927, "vis": 0.9027690887451172}, "32": {"x": 0.5006568431854248, "y": 0.7142879962921143, "z": 0.04883744195103645, "vis": 0.8109443783760071}, "meta": {"r_elbow_deg": 170.846128818459, "r_knee_deg": 170.5226015903826, "trunk_deg": 42.18640026491181, "bat_tilt_deg": 27.203787888281187, "x_factor_deg": 12.157798068627585, "shot_type": "Other"}}