{"0": {"x": 0.2653564512729645, "y": 0.38388675451278687, "z": 0.0023584694135934114, "vis": 0.9998844861984253}, "1": {"x": 0.26737481355667114, "y": 0.3693607747554779, "z": -0.014785602688789368, "vis": 0.9998958110809326}, "2": {"x": 0.268280029296875, "y": 0.36894598603248596, "z": -0.014780172146856785, "vis": 0.9999098777770996}, "3": {"x": 0.26910680532455444, "y": 0.3685641884803772, "z": -0.014783281832933426, "vis": 0.9998853206634521}, "4": {"x": 0.266615629196167, "y": 0.3686658442020416, "z": 0.0033634337596595287, "vis": 0.9998807907104492}, "5": {"x": 0.2670086920261383, "y": 0.3677830100059509, "z": 0.0034002847969532013, "vis": 0.9998725652694702}, "6": {"x": 0.267380952835083, "y": 0.36690396070480347, "z": 0.003385636257007718, "vis": 0.9998574256896973}, "7": {"x": 0.2762889862060547, "y": 0.3720574378967285, "z": -0.05245814472436905, "vis": 0.9998440742492676}, "8": {"x": 0.27591782808303833, "y": 0.3701759874820709, "z": 0.028429346159100533, "vis": 0.9998805522918701}, "9": {"x": 0.26952823996543884, "y": 0.3961106538772583, "z": -0.006750164087861776, "vis": 0.9994096755981445}, "10": {"x": 0.26816537976264954, "y": 0.3955371081829071, "z": 0.01663634367287159, "vis": 0.9994718432426453}, "11": {"x": 0.27824175357818604, "y": 0.432094931602478, "z": -0.08918329328298569, "vis": 0.9998064637184143}, "12": {"x": 0.30298423767089844, "y": 0.4311541020870209, "z": 0.0718262791633606, "vis": 0.9988766312599182}, "13": {"x": 0.2517313063144684, "y": 0.5203468799591064, "z": -0.12958940863609314, "vis": 0.9451096653938293}, "14": {"x": 0.30304551124572754, "y": 0.557366669178009, "z": 0.09721077233552933, "vis": 0.12313085794448853}, "15": {"x": 0.2622164189815521, "y": 0.4658365845680237, "z": -0.10799667239189148, "vis": 0.8514911532402039}, "16": {"x": 0.29935598373413086, "y": 0.6135295629501343, "z": 0.09555814415216446, "vis": 0.07734337449073792}, "17": {"x": 0.26507729291915894, "y": 0.43970856070518494, "z": -0.11568144708871841, "vis": 0.8107783794403076}, "18": {"x": 0.3004053831100464, "y": 0.6277892589569092, "z": 0.10280507057905197, "vis": 0.09127779304981232}, "19": {"x": 0.26871824264526367, "y": 0.4297167658805847, "z": -0.1094483882188797, "vis": 0.8064345717430115}, "20": {"x": 0.2992312014102936, "y": 0.62395840883255, "z": 0.08889387547969818, "vis": 0.09259002655744553}, "21": {"x": 0.2689279615879059, "y": 0.4399937093257904, "z": -0.10450970381498337, "vis": 0.769347071647644}, "22": {"x": 0.2981344759464264, "y": 0.6194384098052979, "z": 0.09025908261537552, "vis": 0.09442774206399918}, "23": {"x": 0.2774733603000641, "y": 0.6434653997421265, "z": -0.060405272990465164, "vis": 0.9995595812797546}, "24": {"x": 0.29873126745224, "y": 0.6402093172073364, "z": 0.06032240763306618, "vis": 0.99847012758255}, "25": {"x": 0.27172791957855225, "y": 0.7867175340652466, "z": -0.04541947320103645, "vis": 0.9834533333778381}, "26": {"x": 0.288200706243515, "y": 0.7785513997077942, "z": 0.08498568832874298, "vis": 0.8417273759841919}, "27": {"x": 0.2842693626880646, "y": 0.9361284971237183, "z": -0.03939363732933998, "vis": 0.9886655807495117}, "28": {"x": 0.29903313517570496, "y": 0.9156044125556946, "z": 0.0944003313779831, "vis": 0.8835671544075012}, "29": {"x": 0.29153963923454285, "y": 0.9646663665771484, "z": -0.03956639766693115, "vis": 0.9856935739517212}, "30": {"x": 0.30741727352142334, "y": 0.9486234188079834, "z": 0.09480898827314377, "vis": 0.8718128204345703}, "31": {"x": 0.25343766808509827, "y": 0.9710512161254883, "z": -0.06168059632182121, "vis": 0.9663646817207336}, "32": {"x": 0.27726221084594727, "y": 0.9483704566955566, "z": 0.08684458583593369, "vis": 0.8054623007774353}}