{"0": {"x": 0.2693800926208496, "y": 0.38816961646080017, "z": -0.039052218198776245, "vis": 0.9999866485595703}, "1": {"x": 0.27263760566711426, "y": 0.3735920190811157, "z": -0.04494202136993408, "vis": 0.9999827146530151}, "2": {"x": 0.2748769521713257, "y": 0.37283432483673096, "z": -0.04495057836174965, "vis": 0.9999854564666748}, "3": {"x": 0.2772425711154938, "y": 0.37223076820373535, "z": -0.044979944825172424, "vis": 0.9999852180480957}, "4": {"x": 0.2690954804420471, "y": 0.3747778832912445, "z": -0.02964101918041706, "vis": 0.999976396560669}, "5": {"x": 0.2684873342514038, "y": 0.3748323619365692, "z": -0.029575886204838753, "vis": 0.9999672174453735}, "6": {"x": 0.2677517533302307, "y": 0.374862939119339, "z": -0.029549486935138702, "vis": 0.9999662637710571}, "7": {"x": 0.2865568697452545, "y": 0.37592005729675293, "z": -0.03742796927690506, "vis": 0.9999831914901733}, "8": {"x": 0.2731459140777588, "y": 0.3772711753845215, "z": 0.030234316363930702, "vis": 0.9999474287033081}, "9": {"x": 0.2754766047000885, "y": 0.40198102593421936, "z": -0.03311430290341377, "vis": 0.9999431371688843}, "10": {"x": 0.2708495259284973, "y": 0.40302062034606934, "z": -0.01379880215972662, "vis": 0.9999220371246338}, "11": {"x": 0.300717294216156, "y": 0.43029820919036865, "z": -0.06652616709470749, "vis": 0.9999376535415649}, "12": {"x": 0.28641918301582336, "y": 0.44161364436149597, "z": 0.09250521659851074, "vis": 0.9994580149650574}, "13": {"x": 0.27672088146209717, "y": 0.5233049988746643, "z": -0.08280020207166672, "vis": 0.9877562522888184}, "14": {"x": 0.2854804992675781, "y": 0.5454574227333069, "z": 0.09227583557367325, "vis": 0.11218605190515518}, "15": {"x": 0.2718021869659424, "y": 0.4458569288253784, "z": -0.032488930970430374, "vis": 0.9630731344223022}, "16": {"x": 0.2890538275241852, "y": 0.6307170391082764, "z": 0.0398995615541935, "vis": 0.09236805140972137}, "17": {"x": 0.2725165784358978, "y": 0.4194672703742981, "z": -0.03869694843888283, "vis": 0.9373742341995239}, "18": {"x": 0.2904561161994934, "y": 0.6529603600502014, "z": 0.037307944148778915, "vis": 0.10530349612236023}, "19": {"x": 0.27680644392967224, "y": 0.4162333607673645, "z": -0.03498031571507454, "vis": 0.9363386034965515}, "20": {"x": 0.29247021675109863, "y": 0.6496468782424927, "z": 0.026177791878581047, "vis": 0.10526329278945923}, "21": {"x": 0.2771804630756378, "y": 0.4259142279624939, "z": -0.029140068218111992, "vis": 0.921927809715271}, "22": {"x": 0.2923855483531952, "y": 0.6409393548965454, "z": 0.03394532948732376, "vis": 0.11401409655809402}, "23": {"x": 0.29299142956733704, "y": 0.6229755282402039, "z": -0.06065983697772026, "vis": 0.9997827410697937}, "24": {"x": 0.28999364376068115, "y": 0.6290061473846436, "z": 0.06063801050186157, "vis": 0.9995224475860596}, "25": {"x": 0.2742805480957031, "y": 0.7729858160018921, "z": -0.07227647304534912, "vis": 0.9877569675445557}, "26": {"x": 0.28638339042663574, "y": 0.7751603126525879, "z": 0.06825924664735794, "vis": 0.7918165326118469}, "27": {"x": 0.2867732346057892, "y": 0.9336689710617065, "z": -0.06369230896234512, "vis": 0.9861168265342712}, "28": {"x": 0.29632046818733215, "y": 0.9255402088165283, "z": 0.06989559531211853, "vis": 0.8626198768615723}, "29": {"x": 0.2942986488342285, "y": 0.9628480076789856, "z": -0.06285195797681808, "vis": 0.9752736687660217}, "30": {"x": 0.30520251393318176, "y": 0.9609317779541016, "z": 0.06870356947183609, "vis": 0.8380725979804993}, "31": {"x": 0.2565133273601532, "y": 0.9745060205459595, "z": -0.09821321815252304, "vis": 0.9741010069847107}, "32": {"x": 0.26737746596336365, "y": 0.9651364684104919, "z": 0.042273543775081635, "vis": 0.8209010362625122}}