{"0": {"x": 0.2731773853302002, "y": 0.38222965598106384, "z": -0.04966554418206215, "vis": 0.9999898672103882}, "1": {"x": 0.27708348631858826, "y": 0.36999812722206116, "z": -0.049741506576538086, "vis": 0.999990701675415}, "2": {"x": 0.27937814593315125, "y": 0.36974725127220154, "z": -0.0497671440243721, "vis": 0.9999914169311523}, "3": {"x": 0.2817458212375641, "y": 0.3693556785583496, "z": -0.049854155629873276, "vis": 0.9999929666519165}, "4": {"x": 0.2725462317466736, "y": 0.36988621950149536, "z": -0.039001233875751495, "vis": 0.9999902248382568}, "5": {"x": 0.2717144191265106, "y": 0.3696697950363159, "z": -0.0389583446085453, "vis": 0.999984860420227}, "6": {"x": 0.27083948254585266, "y": 0.369316965341568, "z": -0.03894897550344467, "vis": 0.9999864101409912}, "7": {"x": 0.2896278202533722, "y": 0.3730042278766632, "z": -0.016403518617153168, "vis": 0.9999940395355225}, "8": {"x": 0.27449384331703186, "y": 0.37246957421302795, "z": 0.030556725338101387, "vis": 0.9999719858169556}, "9": {"x": 0.27856698632240295, "y": 0.3960109055042267, "z": -0.03419110178947449, "vis": 0.9999701976776123}, "10": {"x": 0.2735010087490082, "y": 0.39666125178337097, "z": -0.020964117720723152, "vis": 0.9999476671218872}, "11": {"x": 0.30710482597351074, "y": 0.42824116349220276, "z": -0.020687395706772804, "vis": 0.9999531507492065}, "12": {"x": 0.27576830983161926, "y": 0.44429075717926025, "z": 0.101920485496521, "vis": 0.9993591904640198}, "13": {"x": 0.2835198938846588, "y": 0.5276519060134888, "z": 0.022111887112259865, "vis": 0.9827952980995178}, "14": {"x": 0.2677544951438904, "y": 0.5419757962226868, "z": 0.05144386366009712, "vis": 0.48010194301605225}, "15": {"x": 0.27565309405326843, "y": 0.4546656906604767, "z": 0.12545587122440338, "vis": 0.9412628412246704}, "16": {"x": 0.2819605767726898, "y": 0.5131887197494507, "z": -0.0612809956073761, "vis": 0.46079277992248535}, "17": {"x": 0.2746356129646301, "y": 0.43238216638565063, "z": 0.13470342755317688, "vis": 0.9043217301368713}, "18": {"x": 0.28564295172691345, "y": 0.5074259638786316, "z": -0.07535682618618011, "vis": 0.38255128264427185}, "19": {"x": 0.2781040072441101, "y": 0.4254211187362671, "z": 0.13246220350265503, "vis": 0.9013572931289673}, "20": {"x": 0.2890409529209137, "y": 0.4956689774990082, "z": -0.06768082082271576, "vis": 0.3690219521522522}, "21": {"x": 0.27873262763023376, "y": 0.43770888447761536, "z": 0.12960687279701233, "vis": 0.8700628876686096}, "22": {"x": 0.28768986463546753, "y": 0.4946257174015045, "z": -0.061312586069107056, "vis": 0.35117822885513306}, "23": {"x": 0.30558112263679504, "y": 0.6136257648468018, "z": -0.052987489849328995, "vis": 0.9999018907546997}, "24": {"x": 0.28825095295906067, "y": 0.6176979541778564, "z": 0.0531160831451416, "vis": 0.9997010827064514}, "25": {"x": 0.28834667801856995, "y": 0.7607751488685608, "z": -0.13622474670410156, "vis": 0.9836205244064331}, "26": {"x": 0.2895040810108185, "y": 0.7590287923812866, "z": 0.03634912148118019, "vis": 0.48445194959640503}, "27": {"x": 0.2953126132488251, "y": 0.9245715737342834, "z": -0.18100158870220184, "vis": 0.981320321559906}, "28": {"x": 0.29660096764564514, "y": 0.913218080997467, "z": 0.03045295737683773, "vis": 0.7157458066940308}, "29": {"x": 0.30377712845802307, "y": 0.9583231806755066, "z": -0.18671518564224243, "vis": 0.9414473176002502}, "30": {"x": 0.30396518111228943, "y": 0.9480512142181396, "z": 0.027845919132232666, "vis": 0.7040503025054932}, "31": {"x": 0.2612672448158264, "y": 0.9586973190307617, "z": -0.24833877384662628, "vis": 0.9817471504211426}, "32": {"x": 0.26316455006599426, "y": 0.9503226280212402, "z": -0.01251840777695179, "vis": 0.7984609007835388}}