{"0": {"x": 0.16737428307533264, "y": 0.2934935688972473, "z": -0.14245004951953888, "vis": 0.9990648627281189}, "1": {"x": 0.16879959404468536, "y": 0.2817653715610504, "z": -0.13064353168010712, "vis": 0.9978634715080261}, "2": {"x": 0.17045342922210693, "y": 0.2830376923084259, "z": -0.13059717416763306, "vis": 0.9970434308052063}, "3": {"x": 0.17220333218574524, "y": 0.284237802028656, "z": -0.13065528869628906, "vis": 0.9977438449859619}, "4": {"x": 0.1647653877735138, "y": 0.2801019549369812, "z": -0.12843281030654907, "vis": 0.9985608458518982}, "5": {"x": 0.16344736516475677, "y": 0.28037455677986145, "z": -0.128439262509346, "vis": 0.9982001781463623}, "6": {"x": 0.1620752513408661, "y": 0.28071916103363037, "z": -0.1284911036491394, "vis": 0.9987632036209106}, "7": {"x": 0.17661306262016296, "y": 0.2952035963535309, "z": -0.0664151981472969, "vis": 0.9986909031867981}, "8": {"x": 0.16464275121688843, "y": 0.29338639974594116, "z": -0.058745235204696655, "vis": 0.9965476393699646}, "9": {"x": 0.17110802233219147, "y": 0.31077319383621216, "z": -0.12000870704650879, "vis": 0.9984503984451294}, "10": {"x": 0.16662926971912384, "y": 0.3102029263973236, "z": -0.11783735454082489, "vis": 0.9985377788543701}, "11": {"x": 0.20193983614444733, "y": 0.3725796937942505, "z": -0.05072612687945366, "vis": 0.9858571290969849}, "12": {"x": 0.14424724876880646, "y": 0.40808531641960144, "z": -0.028458312153816223, "vis": 0.9889795780181885}, "13": {"x": 0.2413754016160965, "y": 0.2848776876926422, "z": -0.08180277049541473, "vis": 0.9730486869812012}, "14": {"x": 0.12106221169233322, "y": 0.48219484090805054, "z": -0.10449042916297913, "vis": 0.7825449705123901}, "15": {"x": 0.1937565803527832, "y": 0.2247864305973053, "z": -0.030677158385515213, "vis": 0.7692214250564575}, "16": {"x": 0.14770647883415222, "y": 0.39295369386672974, "z": -0.14935022592544556, "vis": 0.34468305110931396}, "17": {"x": 0.18229584395885468, "y": 0.2195400893688202, "z": -0.03157087787985802, "vis": 0.46809569001197815}, "18": {"x": 0.15195654332637787, "y": 0.37512046098709106, "z": -0.16054514050483704, "vis": 0.2442382276058197}, "19": {"x": 0.17757724225521088, "y": 0.22519662976264954, "z": -0.014105280861258507, "vis": 0.4225698411464691}, "20": {"x": 0.15336303412914276, "y": 0.37228021025657654, "z": -0.13939039409160614, "vis": 0.21670931577682495}, "21": {"x": 0.18167918920516968, "y": 0.23130862414836884, "z": -0.02337990514934063, "vis": 0.4416216313838959}, "22": {"x": 0.1539292186498642, "y": 0.3808465898036957, "z": -0.1441507786512375, "vis": 0.19739876687526703}, "23": {"x": 0.20286445319652557, "y": 0.6281508207321167, "z": 0.011227819137275219, "vis": 0.9952936768531799}, "24": {"x": 0.16837365925312042, "y": 0.6446190476417542, "z": -0.011289878748357296, "vis": 0.9949008226394653}, "25": {"x": 0.2277066558599472, "y": 0.718364953994751, "z": -0.2004460245370865, "vis": 0.9642244577407837}, "26": {"x": 0.1683545559644699, "y": 0.834429919719696, "z": -0.057519517838954926, "vis": 0.9734740853309631}, "27": {"x": 0.18915632367134094, "y": 0.8035086393356323, "z": -0.01969549059867859, "vis": 0.6189076900482178}, "28": {"x": 0.16842754185199738, "y": 1.0169094800949097, "z": 0.005067836027592421, "vis": 0.9543819427490234}, "29": {"x": 0.17960576713085175, "y": 0.7989920377731323, "z": -0.0017839226638898253, "vis": 0.5786902904510498}, "30": {"x": 0.17293088138103485, "y": 1.0302484035491943, "z": 0.008488587103784084, "vis": 0.7216769456863403}, "31": {"x": 0.18265683948993683, "y": 0.8906682729721069, "z": -0.040466584265232086, "vis": 0.6606741547584534}, "32": {"x": 0.1799008697271347, "y": 1.0866050720214844, "z": -0.07190237939357758, "vis": 0.8917972445487976}}