{"0": {"x": 0.47765541076660156, "y": 0.28255221247673035, "z": 0.07261935621500015, "vis": 0.9953523874282837}, "1": {"x": 0.47679823637008667, "y": 0.2731700837612152, "z": 0.058014847338199615, "vis": 0.9948474168777466}, "2": {"x": 0.4761909246444702, "y": 0.2730279564857483, "z": 0.05799296498298645, "vis": 0.9942516088485718}, "3": {"x": 0.47557905316352844, "y": 0.2730919122695923, "z": 0.05799227952957153, "vis": 0.9945518374443054}, "4": {"x": 0.4791581332683563, "y": 0.27395471930503845, "z": 0.06387481838464737, "vis": 0.9944869875907898}, "5": {"x": 0.4801234006881714, "y": 0.27424347400665283, "z": 0.06382887810468674, "vis": 0.9939649701118469}, "6": {"x": 0.48113057017326355, "y": 0.27468129992485046, "z": 0.06375934183597565, "vis": 0.9941784143447876}, "7": {"x": 0.4762994945049286, "y": 0.27844464778900146, "z": 0.010874544270336628, "vis": 0.9923270344734192}, "8": {"x": 0.48301517963409424, "y": 0.28060343861579895, "z": 0.03543857857584953, "vis": 0.9878146648406982}, "9": {"x": 0.4769494831562042, "y": 0.2908730208873749, "z": 0.05817835032939911, "vis": 0.9892787337303162}, "10": {"x": 0.47913670539855957, "y": 0.29217618703842163, "z": 0.06492093205451965, "vis": 0.9888835549354553}, "11": {"x": 0.46222448348999023, "y": 0.33404505252838135, "z": -0.04854105785489082, "vis": 0.9994986057281494}, "12": {"x": 0.49158528447151184, "y": 0.33205050230026245, "z": 0.04559062793850899, "vis": 0.9988400340080261}, "13": {"x": 0.43570202589035034, "y": 0.38071003556251526, "z": -0.07214386761188507, "vis": 0.9248701930046082}, "14": {"x": 0.47215598821640015, "y": 0.3797774612903595, "z": 0.007369194179773331, "vis": 0.3701067268848419}, "15": {"x": 0.40770262479782104, "y": 0.41722291707992554, "z": -0.05424875393509865, "vis": 0.8542921543121338}, "16": {"x": 0.4443366527557373, "y": 0.4167816638946533, "z": -0.05713266506791115, "vis": 0.40338408946990967}, "17": {"x": 0.40148141980171204, "y": 0.4281112551689148, "z": -0.061352748423814774, "vis": 0.8057482242584229}, "18": {"x": 0.4375014007091522, "y": 0.4241236448287964, "z": -0.0597621314227581, "vis": 0.4194847345352173}, "19": {"x": 0.4027448296546936, "y": 0.42767611145973206, "z": -0.05616001412272453, "vis": 0.8016881346702576}, "20": {"x": 0.4375113844871521, "y": 0.42518043518066406, "z": -0.065558061003685, "vis": 0.4137304425239563}, "21": {"x": 0.4054458737373352, "y": 0.4264518916606903, "z": -0.05113748461008072, "vis": 0.7353367209434509}, "22": {"x": 0.4399757981300354, "y": 0.42295676469802856, "z": -0.0613616481423378, "vis": 0.3821297585964203}, "23": {"x": 0.4669625163078308, "y": 0.4927774667739868, "z": -0.03929033502936363, "vis": 0.9989587068557739}, "24": {"x": 0.47928929328918457, "y": 0.4898255467414856, "z": 0.03916306421160698, "vis": 0.9985451698303223}, "25": {"x": 0.4607740342617035, "y": 0.6047838926315308, "z": -0.06562170386314392, "vis": 0.9808338284492493}, "26": {"x": 0.476159006357193, "y": 0.6077412962913513, "z": 0.020016850903630257, "vis": 0.8988742232322693}, "27": {"x": 0.47090333700180054, "y": 0.7255639433860779, "z": -0.07979997992515564, "vis": 0.978103518486023}, "28": {"x": 0.47432637214660645, "y": 0.7244393825531006, "z": 0.02670104056596756, "vis": 0.9103415608406067}, "29": {"x": 0.47175177931785583, "y": 0.7439242005348206, "z": -0.08122815936803818, "vis": 0.9903886914253235}, "30": {"x": 0.4747888147830963, "y": 0.7417869567871094, "z": 0.027128685265779495, "vis": 0.9376338720321655}, "31": {"x": 0.4694758951663971, "y": 0.7549559473991394, "z": -0.11033076792955399, "vis": 0.9115061163902283}, "32": {"x": 0.4712500274181366, "y": 0.748245894908905, "z": 0.0010384522611275315, "vis": 0.7122659087181091}}