{"0": {"x": 0.027662917971611023, "y": 0.2909409999847412, "z": 0.2020025998353958, "vis": 0.9997349381446838}, "1": {"x": 0.027105817571282387, "y": 0.27800631523132324, "z": 0.18785519897937775, "vis": 0.9998190999031067}, "2": {"x": 0.02656394988298416, "y": 0.278931200504303, "z": 0.18783430755138397, "vis": 0.9998268485069275}, "3": {"x": 0.025740576907992363, "y": 0.28010037541389465, "z": 0.18784290552139282, "vis": 0.9998078942298889}, "4": {"x": 0.02875864878296852, "y": 0.2785695791244507, "z": 0.18456724286079407, "vis": 0.9997010827064514}, "5": {"x": 0.029538746923208237, "y": 0.27991387248039246, "z": 0.18450796604156494, "vis": 0.999698281288147}, "6": {"x": 0.030688049271702766, "y": 0.2817741334438324, "z": 0.1844148337841034, "vis": 0.999661922454834}, "7": {"x": 0.023731553927063942, "y": 0.2946206331253052, "z": 0.12358421832323074, "vis": 0.9996930360794067}, "8": {"x": 0.04136255756020546, "y": 0.3021145462989807, "z": 0.10958877205848694, "vis": 0.9997904896736145}, "9": {"x": 0.026899995282292366, "y": 0.31079328060150146, "z": 0.18114539980888367, "vis": 0.9996864795684814}, "10": {"x": 0.029719974845647812, "y": 0.31098541617393494, "z": 0.1776660680770874, "vis": 0.9992923736572266}, "11": {"x": -0.007279451936483383, "y": 0.4119676947593689, "z": 0.0964663103222847, "vis": 0.9998043179512024}, "12": {"x": 0.07001624256372452, "y": 0.4178363084793091, "z": 0.035084277391433716, "vis": 0.9995204210281372}, "13": {"x": 0.00024999305605888367, "y": 0.5538251399993896, "z": 0.021518876776099205, "vis": 0.30241280794143677}, "14": {"x": 0.07866255193948746, "y": 0.5588319301605225, "z": 0.08148768544197083, "vis": 0.24985726177692413}, "15": {"x": 0.02356819622218609, "y": 0.581517219543457, "z": -0.04190530255436897, "vis": 0.07820238918066025}, "16": {"x": 0.06937683373689651, "y": 0.5734354853630066, "z": 0.2361876219511032, "vis": 0.01947440765798092}, "17": {"x": 0.02753876894712448, "y": 0.5914797782897949, "z": -0.037205636501312256, "vis": 0.08711827546358109}, "18": {"x": 0.06828466057777405, "y": 0.5791890025138855, "z": 0.26737886667251587, "vis": 0.021518290042877197}, "19": {"x": 0.03522883728146553, "y": 0.5849139094352722, "z": -0.030978973954916, "vis": 0.09339531511068344}, "20": {"x": 0.05769364908337593, "y": 0.5717383623123169, "z": 0.2714802324771881, "vis": 0.02212444506585598}, "21": {"x": 0.03483064845204353, "y": 0.5818714499473572, "z": -0.040382739156484604, "vis": 0.08592462539672852}, "22": {"x": 0.055609479546546936, "y": 0.5695576667785645, "z": 0.24237222969532013, "vis": 0.026104643940925598}, "23": {"x": 0.00725250318646431, "y": 0.6593864560127258, "z": 0.026117049157619476, "vis": 0.9999659061431885}, "24": {"x": 0.046043332666158676, "y": 0.6678401827812195, "z": -0.026563895866274834, "vis": 0.9997957348823547}, "25": {"x": 0.003210783237591386, "y": 0.8038080334663391, "z": 0.06349630653858185, "vis": 0.2526179850101471}, "26": {"x": 0.035916104912757874, "y": 0.8373326063156128, "z": 0.08242154866456985, "vis": 0.22230221331119537}, "27": {"x": -0.003701981157064438, "y": 0.8989067077636719, "z": -0.33075082302093506, "vis": 0.9382598400115967}, "28": {"x": 0.022562367841601372, "y": 0.8818351626396179, "z": -0.2600730061531067, "vis": 0.7323666214942932}, "29": {"x": -0.003803420579060912, "y": 0.9055320620536804, "z": -0.37537631392478943, "vis": 0.9726665616035461}, "30": {"x": 0.02369237132370472, "y": 0.8710933923721313, "z": -0.29783034324645996, "vis": 0.9259332418441772}, "31": {"x": -0.002645239233970642, "y": 0.954032301902771, "z": -0.4452395439147949, "vis": 0.9746112823486328}, "32": {"x": 0.017621895298361778, "y": 0.9600868821144104, "z": -0.33592233061790466, "vis": 0.912574827671051}, "meta": {"r_elbow_deg": 144.04045731512284, "r_knee_deg": 166.7166238226929, "trunk_deg": 88.70838681236006, "bat_tilt_deg": 21.504477039765565, "x_factor_deg": 8.09198201841258, "shot_type": "Other"}}