{"0": {"x": 0.33805298805236816, "y": 0.4534977674484253, "z": 0.3911668658256531, "vis": 0.9907079935073853}, "1": {"x": 0.3344935178756714, "y": 0.44574078917503357, "z": 0.381194144487381, "vis": 0.9926478862762451}, "2": {"x": 0.3324835002422333, "y": 0.44613856077194214, "z": 0.3811972141265869, "vis": 0.9938156604766846}, "3": {"x": 0.33042722940444946, "y": 0.44664227962493896, "z": 0.3812142014503479, "vis": 0.9936548471450806}, "4": {"x": 0.34005987644195557, "y": 0.44495686888694763, "z": 0.3841918706893921, "vis": 0.9905783534049988}, "5": {"x": 0.34160488843917847, "y": 0.445093035697937, "z": 0.38421571254730225, "vis": 0.9909577369689941}, "6": {"x": 0.34312158823013306, "y": 0.4452323913574219, "z": 0.38413479924201965, "vis": 0.99029141664505}, "7": {"x": 0.3281753361225128, "y": 0.45037388801574707, "z": 0.30907827615737915, "vis": 0.9944820404052734}, "8": {"x": 0.34581834077835083, "y": 0.4492064118385315, "z": 0.32195717096328735, "vis": 0.9907585382461548}, "9": {"x": 0.33491721749305725, "y": 0.46151697635650635, "z": 0.36391481757164, "vis": 0.9921255707740784}, "10": {"x": 0.3410354256629944, "y": 0.46017611026763916, "z": 0.36731138825416565, "vis": 0.9880838990211487}, "11": {"x": 0.3078188896179199, "y": 0.5035486221313477, "z": 0.21079608798027039, "vis": 0.9997730851173401}, "12": {"x": 0.37280791997909546, "y": 0.5003032088279724, "z": 0.249844029545784, "vis": 0.9989812970161438}, "13": {"x": 0.2882058918476105, "y": 0.5982505083084106, "z": 0.1739269345998764, "vis": 0.9715742468833923}, "14": {"x": 0.39666175842285156, "y": 0.593697190284729, "z": 0.2574765682220459, "vis": 0.4720511734485626}, "15": {"x": 0.27564719319343567, "y": 0.6932983994483948, "z": 0.18803513050079346, "vis": 0.9240773916244507}, "16": {"x": 0.3956834077835083, "y": 0.6481301784515381, "z": 0.33093199133872986, "vis": 0.08748362213373184}, "17": {"x": 0.2684152126312256, "y": 0.7137681245803833, "z": 0.1821480244398117, "vis": 0.8439038991928101}, "18": {"x": 0.4025566577911377, "y": 0.656463623046875, "z": 0.3441203832626343, "vis": 0.07205253094434738}, "19": {"x": 0.2696813642978668, "y": 0.713475227355957, "z": 0.19019770622253418, "vis": 0.8346577882766724}, "20": {"x": 0.39324653148651123, "y": 0.6579248309135437, "z": 0.34277185797691345, "vis": 0.07070598006248474}, "21": {"x": 0.2753017246723175, "y": 0.7049168944358826, "z": 0.19169951975345612, "vis": 0.7624794244766235}, "22": {"x": 0.38993245363235474, "y": 0.660118043422699, "z": 0.3331224024295807, "vis": 0.0798758789896965}, "23": {"x": 0.33969202637672424, "y": 0.6505040526390076, "z": 0.002049550646916032, "vis": 0.9996185302734375}, "24": {"x": 0.38005906343460083, "y": 0.6400360465049744, "z": -0.0022788611240684986, "vis": 0.9992241859436035}, "25": {"x": 0.34907132387161255, "y": 0.8117013573646545, "z": -0.05771144479513168, "vis": 0.9860747456550598}, "26": {"x": 0.392764151096344, "y": 0.7806223034858704, "z": -0.0362362265586853, "vis": 0.9808018803596497}, "27": {"x": 0.3622211217880249, "y": 0.9716218709945679, "z": -0.1911720633506775, "vis": 0.9501968622207642}, "28": {"x": 0.40045326948165894, "y": 0.9442532062530518, "z": -0.17289479076862335, "vis": 0.927212655544281}, "29": {"x": 0.3663610517978668, "y": 0.9855182766914368, "z": -0.2094632089138031, "vis": 0.9744977355003357}, "30": {"x": 0.3981785178184509, "y": 0.97193443775177, "z": -0.18966367840766907, "vis": 0.9627600312232971}, "31": {"x": 0.3637841045856476, "y": 0.9966586828231812, "z": -0.25467920303344727, "vis": 0.7154229879379272}, "32": {"x": 0.40850716829299927, "y": 0.9689713716506958, "z": -0.2317730337381363, "vis": 0.676731526851654}}