{"0": {"x": 0.27399173378944397, "y": 0.34532302618026733, "z": -0.0023130755871534348, "vis": 0.9999762773513794}, "1": {"x": 0.27158239483833313, "y": 0.33531835675239563, "z": -0.0072212000377476215, "vis": 0.9999390840530396}, "2": {"x": 0.27076461911201477, "y": 0.3354773223400116, "z": -0.007195485755801201, "vis": 0.9999438524246216}, "3": {"x": 0.27004170417785645, "y": 0.33563634753227234, "z": -0.0071276528760790825, "vis": 0.9999322891235352}, "4": {"x": 0.2741844952106476, "y": 0.33870407938957214, "z": -0.021552450954914093, "vis": 0.9999706745147705}, "5": {"x": 0.2750796973705292, "y": 0.3412121534347534, "z": -0.021592434495687485, "vis": 0.9999731779098511}, "6": {"x": 0.27602922916412354, "y": 0.34371864795684814, "z": -0.021600069478154182, "vis": 0.999966025352478}, "7": {"x": 0.26761627197265625, "y": 0.34773725271224976, "z": -0.01701602339744568, "vis": 0.9999302625656128}, "8": {"x": 0.2747798264026642, "y": 0.35597705841064453, "z": -0.0843268558382988, "vis": 0.9999734163284302}, "9": {"x": 0.2719903290271759, "y": 0.35878315567970276, "z": -0.002188796643167734, "vis": 0.9999196529388428}, "10": {"x": 0.2750309109687805, "y": 0.36268579959869385, "z": -0.021953733637928963, "vis": 0.9999419450759888}, "11": {"x": 0.2537499964237213, "y": 0.41367992758750916, "z": 0.0207856185734272, "vis": 0.9998619556427002}, "12": {"x": 0.2885066866874695, "y": 0.45076343417167664, "z": -0.12878380715847015, "vis": 0.9999858140945435}, "13": {"x": 0.27132052183151245, "y": 0.2953832745552063, "z": 0.047800712287425995, "vis": 0.9230491518974304}, "14": {"x": 0.2962796092033386, "y": 0.5819861888885498, "z": -0.08679798245429993, "vis": 0.953198254108429}, "15": {"x": 0.2819019854068756, "y": 0.21109610795974731, "z": 0.08328035473823547, "vis": 0.9869230389595032}, "16": {"x": 0.2879447638988495, "y": 0.6810183525085449, "z": 0.06035050377249718, "vis": 0.6684346795082092}, "17": {"x": 0.2806450128555298, "y": 0.19174395501613617, "z": 0.08855906128883362, "vis": 0.970639705657959}, "18": {"x": 0.28848177194595337, "y": 0.7024770975112915, "z": 0.0711442232131958, "vis": 0.5972406268119812}, "19": {"x": 0.28129079937934875, "y": 0.18856312334537506, "z": 0.08291392028331757, "vis": 0.9685932993888855}, "20": {"x": 0.2860352098941803, "y": 0.7023358941078186, "z": 0.07203694432973862, "vis": 0.5715455412864685}, "21": {"x": 0.2821730375289917, "y": 0.19488213956356049, "z": 0.07965230941772461, "vis": 0.9667393565177917}, "22": {"x": 0.28290122747421265, "y": 0.6927254796028137, "z": 0.06482534110546112, "vis": 0.5621809363365173}, "23": {"x": 0.23458322882652283, "y": 0.6520864963531494, "z": 0.07588402926921844, "vis": 0.9998706579208374}, "24": {"x": 0.24896742403507233, "y": 0.67317795753479, "z": -0.07628234475851059, "vis": 0.999964714050293}, "25": {"x": 0.28008005023002625, "y": 0.7916992902755737, "z": 0.16959531605243683, "vis": 0.49803826212882996}, "26": {"x": 0.2811472415924072, "y": 0.8301159143447876, "z": -0.06299585849046707, "vis": 0.9874461889266968}, "27": {"x": 0.28712788224220276, "y": 0.9395170211791992, "z": 0.21998825669288635, "vis": 0.8322538733482361}, "28": {"x": 0.2515638470649719, "y": 0.9901019334793091, "z": -0.08239386230707169, "vis": 0.9801310896873474}, "29": {"x": 0.28459465503692627, "y": 0.9632088541984558, "z": 0.22401072084903717, "vis": 0.8759869933128357}, "30": {"x": 0.24295690655708313, "y": 1.0006422996520996, "z": -0.08561956882476807, "vis": 0.9453673958778381}, "31": {"x": 0.3167960047721863, "y": 0.9524231553077698, "z": 0.20952479541301727, "vis": 0.9020801186561584}, "32": {"x": 0.2699548900127411, "y": 1.0692411661148071, "z": -0.1405487209558487, "vis": 0.9633331894874573}}