{"0": {"x": 0.29994356632232666, "y": 0.35012882947921753, "z": 0.15051518380641937, "vis": 0.9989604949951172}, "1": {"x": 0.29718121886253357, "y": 0.34115707874298096, "z": 0.12836556136608124, "vis": 0.9988818764686584}, "2": {"x": 0.29537591338157654, "y": 0.34156444668769836, "z": 0.1283731311559677, "vis": 0.99885094165802}, "3": {"x": 0.2934255003929138, "y": 0.34220200777053833, "z": 0.12832356989383698, "vis": 0.9989610910415649}, "4": {"x": 0.30245575308799744, "y": 0.34124425053596497, "z": 0.13169632852077484, "vis": 0.9990313053131104}, "5": {"x": 0.30430033802986145, "y": 0.3416450321674347, "z": 0.13170969486236572, "vis": 0.998977541923523}, "6": {"x": 0.30638760328292847, "y": 0.34200796484947205, "z": 0.13165625929832458, "vis": 0.9990997314453125}, "7": {"x": 0.2913780212402344, "y": 0.35092076659202576, "z": 0.0511530302464962, "vis": 0.9989284873008728}, "8": {"x": 0.31184351444244385, "y": 0.3504602909088135, "z": 0.0641823261976242, "vis": 0.9986525774002075}, "9": {"x": 0.29774779081344604, "y": 0.3604370057582855, "z": 0.12712812423706055, "vis": 0.9978244304656982}, "10": {"x": 0.30366837978363037, "y": 0.3601751923561096, "z": 0.13070636987686157, "vis": 0.9979239702224731}, "11": {"x": 0.27095815539360046, "y": 0.4246821105480194, "z": -2.3121318008634262e-05, "vis": 0.9968687891960144}, "12": {"x": 0.3356030583381653, "y": 0.42093417048454285, "z": 0.04432680830359459, "vis": 0.9957934617996216}, "13": {"x": 0.2790151536464691, "y": 0.5156850218772888, "z": 0.015625078231096268, "vis": 0.5027518272399902}, "14": {"x": 0.3420941233634949, "y": 0.5117039680480957, "z": 0.05735908821225166, "vis": 0.3905657231807709}, "15": {"x": 0.29068419337272644, "y": 0.5481329560279846, "z": 0.08376172184944153, "vis": 0.02395840547978878}, "16": {"x": 0.32432329654693604, "y": 0.5347843766212463, "z": 0.09774342179298401, "vis": 0.016419542953372}, "17": {"x": 0.29238542914390564, "y": 0.5574702024459839, "z": 0.08998126536607742, "vis": 0.02535182237625122}, "18": {"x": 0.32239070534706116, "y": 0.5402215719223022, "z": 0.10863199084997177, "vis": 0.019078552722930908}, "19": {"x": 0.2983167767524719, "y": 0.5474746823310852, "z": 0.09255366772413254, "vis": 0.024718154221773148}, "20": {"x": 0.3163299858570099, "y": 0.532060980796814, "z": 0.10807377845048904, "vis": 0.017832394689321518}, "21": {"x": 0.3000626564025879, "y": 0.5439474582672119, "z": 0.08652433753013611, "vis": 0.025222111493349075}, "22": {"x": 0.3151400685310364, "y": 0.5290936231613159, "z": 0.09843145310878754, "vis": 0.018393203616142273}, "23": {"x": 0.2862403094768524, "y": 0.6296448111534119, "z": -0.01925009675323963, "vis": 0.9979244470596313}, "24": {"x": 0.3219064176082611, "y": 0.625533401966095, "z": 0.019253361970186234, "vis": 0.9967604279518127}, "25": {"x": 0.2756004333496094, "y": 0.7678162455558777, "z": -0.007298726122826338, "vis": 0.995618462562561}, "26": {"x": 0.3178552985191345, "y": 0.7770364880561829, "z": 0.04797201603651047, "vis": 0.9837422370910645}, "27": {"x": 0.2756878733634949, "y": 0.9259949922561646, "z": -0.006545620039105415, "vis": 0.9870285987854004}, "28": {"x": 0.3131416141986847, "y": 0.9364021420478821, "z": 0.04492438957095146, "vis": 0.9686278700828552}, "29": {"x": 0.2841208279132843, "y": 0.9541770815849304, "z": -0.005619188770651817, "vis": 0.99124675989151}, "30": {"x": 0.30944791436195374, "y": 0.9625818133354187, "z": 0.04489930346608162, "vis": 0.9617061614990234}, "31": {"x": 0.2598557472229004, "y": 0.9632254838943481, "z": -0.011386435478925705, "vis": 0.8015565276145935}, "32": {"x": 0.3067914843559265, "y": 0.9610947966575623, "z": 0.03418790176510811, "vis": 0.6323123574256897}, "meta": {"r_elbow_deg": 138.31509220458605, "r_knee_deg": 179.83750761914297, "trunk_deg": 81.97216440208649, "bat_tilt_deg": 10.229387226440792, "x_factor_deg": 3.272297606164301, "shot_type": "Other"}}