{"0": {"x": 0.16746197640895844, "y": 0.2936289310455322, "z": -0.1554076075553894, "vis": 0.9989545345306396}, "1": {"x": 0.16899198293685913, "y": 0.28194260597229004, "z": -0.14276839792728424, "vis": 0.9975670576095581}, "2": {"x": 0.17071984708309174, "y": 0.2832450270652771, "z": -0.14272038638591766, "vis": 0.9967041611671448}, "3": {"x": 0.172549307346344, "y": 0.2844805419445038, "z": -0.14277806878089905, "vis": 0.9974557757377625}, "4": {"x": 0.16476541757583618, "y": 0.2802065312862396, "z": -0.1404394507408142, "vis": 0.9983677268028259}, "5": {"x": 0.16338896751403809, "y": 0.2804599702358246, "z": -0.14044950902462006, "vis": 0.9980000853538513}, "6": {"x": 0.16195780038833618, "y": 0.28078320622444153, "z": -0.14049842953681946, "vis": 0.9986238479614258}, "7": {"x": 0.17697134613990784, "y": 0.295462042093277, "z": -0.0748106986284256, "vis": 0.998505711555481}, "8": {"x": 0.1642666757106781, "y": 0.29345136880874634, "z": -0.06662514805793762, "vis": 0.9962671399116516}, "9": {"x": 0.17125406861305237, "y": 0.3107564151287079, "z": -0.13169030845165253, "vis": 0.9982732534408569}, "10": {"x": 0.16659227013587952, "y": 0.31022363901138306, "z": -0.1293606460094452, "vis": 0.9984034895896912}, "11": {"x": 0.20282258093357086, "y": 0.37241214513778687, "z": -0.05791217461228371, "vis": 0.9860629439353943}, "12": {"x": 0.1435447782278061, "y": 0.40849369764328003, "z": -0.03455825522542, "vis": 0.9891999959945679}, "13": {"x": 0.2413167804479599, "y": 0.2846948802471161, "z": -0.09380295127630234, "vis": 0.9777296781539917}, "14": {"x": 0.12152878940105438, "y": 0.4852687418460846, "z": -0.11083529144525528, "vis": 0.8216789960861206}, "15": {"x": 0.1939220130443573, "y": 0.2250124216079712, "z": -0.049713704735040665, "vis": 0.7858467102050781}, "16": {"x": 0.13921533524990082, "y": 0.4464782476425171, "z": -0.15827566385269165, "vis": 0.3813532888889313}, "17": {"x": 0.18246887624263763, "y": 0.21949656307697296, "z": -0.05235375836491585, "vis": 0.48276352882385254}, "18": {"x": 0.14982807636260986, "y": 0.3809966444969177, "z": -0.17043361067771912, "vis": 0.2623766362667084}, "19": {"x": 0.1787903755903244, "y": 0.22504475712776184, "z": -0.03473513945937157, "vis": 0.4361072778701782}, "20": {"x": 0.15110556781291962, "y": 0.37794142961502075, "z": -0.148565411567688, "vis": 0.2347637116909027}, "21": {"x": 0.18180380761623383, "y": 0.23138296604156494, "z": -0.042568523436784744, "vis": 0.45691218972206116}, "22": {"x": 0.15154972672462463, "y": 0.386641263961792, "z": -0.15282931923866272, "vis": 0.2121128886938095}, "23": {"x": 0.20340950787067413, "y": 0.6275204420089722, "z": 0.010666058398783207, "vis": 0.9954798221588135}, "24": {"x": 0.1675303727388382, "y": 0.6443262100219727, "z": -0.010734419338405132, "vis": 0.9948543906211853}, "25": {"x": 0.2275858074426651, "y": 0.716525673866272, "z": -0.20781587064266205, "vis": 0.9666191339492798}, "26": {"x": 0.16855551302433014, "y": 0.8346197009086609, "z": -0.05493602529168129, "vis": 0.9729348421096802}, "27": {"x": 0.1889861524105072, "y": 0.8060968518257141, "z": -0.01981760933995247, "vis": 0.6454989910125732}, "28": {"x": 0.16836027801036835, "y": 1.014243721961975, "z": 0.018457788974046707, "vis": 0.9554949998855591}, "29": {"x": 0.1799960881471634, "y": 0.7990655303001404, "z": -0.00122185202781111, "vis": 0.5988056063652039}, "30": {"x": 0.17376548051834106, "y": 1.0274875164031982, "z": 0.022946417331695557, "vis": 0.7177125811576843}, "31": {"x": 0.18260705471038818, "y": 0.8913325667381287, "z": -0.042884085327386856, "vis": 0.6847231984138489}, "32": {"x": 0.17916642129421234, "y": 1.085416316986084, "z": -0.0592992901802063, "vis": 0.8953519463539124}, "meta": {"r_elbow_deg": 8.509880641420555, "r_knee_deg": 179.6290665252064, "trunk_deg": 114.0623362648195, "bat_tilt_deg": 115.0557523491176, "x_factor_deg": 5.208499745651231, "shot_type": "Cut/Pull"}}