{"0": {"x": 0.30228906869888306, "y": 0.5428004264831543, "z": 0.2738473415374756, "vis": 0.9974992871284485}, "1": {"x": 0.2981047034263611, "y": 0.5365919470787048, "z": 0.2762180268764496, "vis": 0.997334897518158}, "2": {"x": 0.2970450520515442, "y": 0.5349150896072388, "z": 0.2762661576271057, "vis": 0.9976885318756104}, "3": {"x": 0.2956457734107971, "y": 0.5329504013061523, "z": 0.2762700617313385, "vis": 0.996960461139679}, "4": {"x": 0.3014591932296753, "y": 0.5397867560386658, "z": 0.2861504554748535, "vis": 0.9967371821403503}, "5": {"x": 0.3023780286312103, "y": 0.5400986671447754, "z": 0.28619876503944397, "vis": 0.9968030452728271}, "6": {"x": 0.30308330059051514, "y": 0.540192723274231, "z": 0.286178857088089, "vis": 0.9955938458442688}, "7": {"x": 0.29554539918899536, "y": 0.5241541266441345, "z": 0.24738764762878418, "vis": 0.9967873096466064}, "8": {"x": 0.3061629831790924, "y": 0.5316964387893677, "z": 0.29194945096969604, "vis": 0.997079610824585}, "9": {"x": 0.30411022901535034, "y": 0.5422562956809998, "z": 0.25861838459968567, "vis": 0.9903497695922852}, "10": {"x": 0.3072385787963867, "y": 0.5456734895706177, "z": 0.2716253399848938, "vis": 0.9884231686592102}, "11": {"x": 0.29650071263313293, "y": 0.5069844722747803, "z": 0.16065344214439392, "vis": 0.9998748302459717}, "12": {"x": 0.3485979437828064, "y": 0.5427049398422241, "z": 0.25565069913864136, "vis": 0.9972061514854431}, "13": {"x": 0.26146942377090454, "y": 0.4062036871910095, "z": 0.1287599354982376, "vis": 0.9418078660964966}, "14": {"x": 0.34835830330848694, "y": 0.6079437732696533, "z": 0.270143061876297, "vis": 0.0659039318561554}, "15": {"x": 0.22392316162586212, "y": 0.28618407249450684, "z": 0.21700187027454376, "vis": 0.9820466637611389}, "16": {"x": 0.33466482162475586, "y": 0.6364001631736755, "z": 0.31097495555877686, "vis": 0.037721410393714905}, "17": {"x": 0.2169458419084549, "y": 0.26243096590042114, "z": 0.21954478323459625, "vis": 0.97782301902771}, "18": {"x": 0.334917813539505, "y": 0.6333328485488892, "z": 0.3336639404296875, "vis": 0.05584359169006348}, "19": {"x": 0.2198270708322525, "y": 0.2555900812149048, "z": 0.2370602935552597, "vis": 0.9761585593223572}, "20": {"x": 0.3314502537250519, "y": 0.6362795829772949, "z": 0.3303283751010895, "vis": 0.053696829825639725}, "21": {"x": 0.2224111706018448, "y": 0.2652965486049652, "z": 0.22540993988513947, "vis": 0.9694383144378662}, "22": {"x": 0.330261766910553, "y": 0.6374462842941284, "z": 0.31211453676223755, "vis": 0.06342034786939621}, "23": {"x": 0.36002323031425476, "y": 0.644472062587738, "z": -0.04504324868321419, "vis": 0.9999899864196777}, "24": {"x": 0.3822939991950989, "y": 0.6626112461090088, "z": 0.04431223124265671, "vis": 0.9999648332595825}, "25": {"x": 0.31427404284477234, "y": 0.7831887006759644, "z": 0.012972652912139893, "vis": 0.9741238355636597}, "26": {"x": 0.33586585521698, "y": 0.7856442928314209, "z": 0.12996377050876617, "vis": 0.6868393421173096}, "27": {"x": 0.35285910964012146, "y": 0.9048404097557068, "z": -0.20629435777664185, "vis": 0.9746101498603821}, "28": {"x": 0.35764241218566895, "y": 0.9119042754173279, "z": -0.08587570488452911, "vis": 0.8841534852981567}, "29": {"x": 0.36389002203941345, "y": 0.9138489961624146, "z": -0.22728945314884186, "vis": 0.9877405762672424}, "30": {"x": 0.37139374017715454, "y": 0.9220712184906006, "z": -0.10841356217861176, "vis": 0.9627429246902466}, "31": {"x": 0.35782361030578613, "y": 0.9662299752235413, "z": -0.23308776319026947, "vis": 0.9733796119689941}, "32": {"x": 0.36595481634140015, "y": 0.9714896082878113, "z": -0.12177681922912598, "vis": 0.9039992094039917}}