{"0": {"x": 0.4833381474018097, "y": 0.2964583933353424, "z": 0.26892003417015076, "vis": 0.9952085614204407}, "1": {"x": 0.480528861284256, "y": 0.28806623816490173, "z": 0.25626248121261597, "vis": 0.9959315657615662}, "2": {"x": 0.478725790977478, "y": 0.28757593035697937, "z": 0.2562599182128906, "vis": 0.9965757727622986}, "3": {"x": 0.4768352806568146, "y": 0.28737175464630127, "z": 0.25627049803733826, "vis": 0.9955480098724365}, "4": {"x": 0.4847814440727234, "y": 0.28956225514411926, "z": 0.25725841522216797, "vis": 0.9950107336044312}, "5": {"x": 0.4860686659812927, "y": 0.2900528311729431, "z": 0.25723206996917725, "vis": 0.9954074025154114}, "6": {"x": 0.4873913526535034, "y": 0.29060348868370056, "z": 0.2571972906589508, "vis": 0.9944809675216675}, "7": {"x": 0.47373107075691223, "y": 0.2921947240829468, "z": 0.1930598020553589, "vis": 0.9974454641342163}, "8": {"x": 0.4887634515762329, "y": 0.29595980048179626, "z": 0.1969495266675949, "vis": 0.9956834316253662}, "9": {"x": 0.48110875487327576, "y": 0.30324995517730713, "z": 0.24720638990402222, "vis": 0.9934565424919128}, "10": {"x": 0.48556727170944214, "y": 0.30397337675094604, "z": 0.2480243742465973, "vis": 0.993638813495636}, "11": {"x": 0.4533836841583252, "y": 0.346923828125, "z": 0.11506614089012146, "vis": 0.9996858835220337}, "12": {"x": 0.504926860332489, "y": 0.3450075089931488, "z": 0.14810042083263397, "vis": 0.99941086769104}, "13": {"x": 0.4276231825351715, "y": 0.39611905813217163, "z": 0.08396808058023453, "vis": 0.9980204105377197}, "14": {"x": 0.5076484680175781, "y": 0.4129891097545624, "z": 0.11202990263700485, "vis": 0.9111327528953552}, "15": {"x": 0.4069555699825287, "y": 0.43083032965660095, "z": 0.12141336500644684, "vis": 0.9172280430793762}, "16": {"x": 0.5089494585990906, "y": 0.4511387348175049, "z": 0.101842001080513, "vis": 0.14187973737716675}, "17": {"x": 0.40056952834129333, "y": 0.4406561851501465, "z": 0.11966216564178467, "vis": 0.8353378176689148}, "18": {"x": 0.5125580430030823, "y": 0.46023279428482056, "z": 0.10511902719736099, "vis": 0.10397937148809433}, "19": {"x": 0.4025373160839081, "y": 0.43880608677864075, "z": 0.1288781315088272, "vis": 0.8319310545921326}, "20": {"x": 0.5130447745323181, "y": 0.4579301178455353, "z": 0.11152812838554382, "vis": 0.097674161195755}, "21": {"x": 0.40606623888015747, "y": 0.4369176924228668, "z": 0.12616288661956787, "vis": 0.7577251195907593}, "22": {"x": 0.5107986330986023, "y": 0.45266640186309814, "z": 0.10465344786643982, "vis": 0.09889065474271774}, "23": {"x": 0.4639289975166321, "y": 0.4949355125427246, "z": -0.01633896864950657, "vis": 0.9998282194137573}, "24": {"x": 0.49187761545181274, "y": 0.4936184585094452, "z": 0.016238022595643997, "vis": 0.999707043170929}, "25": {"x": 0.4547401964664459, "y": 0.5936291217803955, "z": -0.006501826457679272, "vis": 0.9763436317443848}, "26": {"x": 0.4847062826156616, "y": 0.5998234152793884, "z": 0.02122102491557598, "vis": 0.9625682234764099}, "27": {"x": 0.46853572130203247, "y": 0.7023278474807739, "z": -0.1299048811197281, "vis": 0.9649144411087036}, "28": {"x": 0.4727843999862671, "y": 0.7052888870239258, "z": -0.10179565101861954, "vis": 0.9611765742301941}, "29": {"x": 0.4732816517353058, "y": 0.7195302248001099, "z": -0.1447422355413437, "vis": 0.9909797310829163}, "30": {"x": 0.4727780222892761, "y": 0.732974648475647, "z": -0.11577016860246658, "vis": 0.9901841282844543}, "31": {"x": 0.4671715199947357, "y": 0.7446110248565674, "z": -0.16574141383171082, "vis": 0.8374841213226318}, "32": {"x": 0.47017332911491394, "y": 0.7436208128929138, "z": -0.14498378336429596, "vis": 0.8023720383644104}}