{"0": {"x": 0.33383914828300476, "y": 0.3263733983039856, "z": 0.17970673739910126, "vis": 0.9999374151229858}, "1": {"x": 0.3332885205745697, "y": 0.3178137540817261, "z": 0.1615362912416458, "vis": 0.9999407529830933}, "2": {"x": 0.3319219648838043, "y": 0.3181285262107849, "z": 0.16156819462776184, "vis": 0.9999370574951172}, "3": {"x": 0.3303622603416443, "y": 0.31839144229888916, "z": 0.16153332591056824, "vis": 0.999944806098938}, "4": {"x": 0.3367745578289032, "y": 0.31827500462532043, "z": 0.16513751447200775, "vis": 0.999947190284729}, "5": {"x": 0.33793407678604126, "y": 0.3188953697681427, "z": 0.1651540845632553, "vis": 0.9999407529830933}, "6": {"x": 0.3392380177974701, "y": 0.31954073905944824, "z": 0.165134459733963, "vis": 0.999950647354126}, "7": {"x": 0.32829317450523376, "y": 0.32700395584106445, "z": 0.09447240084409714, "vis": 0.9999328851699829}, "8": {"x": 0.34325480461120605, "y": 0.33017033338546753, "z": 0.10936000943183899, "vis": 0.9999057054519653}, "9": {"x": 0.33101606369018555, "y": 0.3374444544315338, "z": 0.1596984565258026, "vis": 0.9998393058776855}, "10": {"x": 0.33534589409828186, "y": 0.338191419839859, "z": 0.16370916366577148, "vis": 0.9998360872268677}, "11": {"x": 0.3036916255950928, "y": 0.4070014953613281, "z": 0.040521685034036636, "vis": 0.99965500831604}, "12": {"x": 0.3686439096927643, "y": 0.4131203293800354, "z": 0.09034057706594467, "vis": 0.9992235898971558}, "13": {"x": 0.2936388850212097, "y": 0.5191847681999207, "z": 0.09529894590377808, "vis": 0.9372411370277405}, "14": {"x": 0.3794637620449066, "y": 0.5294917225837708, "z": 0.14419038593769073, "vis": 0.8784615993499756}, "15": {"x": 0.3024364113807678, "y": 0.5627791881561279, "z": 0.21793431043624878, "vis": 0.08384863287210464}, "16": {"x": 0.36476320028305054, "y": 0.5582214593887329, "z": 0.22921662032604218, "vis": 0.06119208782911301}, "17": {"x": 0.30546170473098755, "y": 0.5790632367134094, "z": 0.23186437785625458, "vis": 0.05859394371509552}, "18": {"x": 0.3629581332206726, "y": 0.5790446400642395, "z": 0.24533970654010773, "vis": 0.04815281182527542}, "19": {"x": 0.30858567357063293, "y": 0.5709604620933533, "z": 0.23349529504776, "vis": 0.05540280044078827}, "20": {"x": 0.3570072054862976, "y": 0.5731892585754395, "z": 0.24163199961185455, "vis": 0.04564908519387245}, "21": {"x": 0.3087644875049591, "y": 0.5661869049072266, "z": 0.2217530608177185, "vis": 0.05658850818872452}, "22": {"x": 0.3565024435520172, "y": 0.5666722059249878, "z": 0.23016414046287537, "vis": 0.04455334693193436}, "23": {"x": 0.3229919970035553, "y": 0.6104928851127625, "z": -0.01575767807662487, "vis": 0.9993723034858704}, "24": {"x": 0.35983216762542725, "y": 0.609502911567688, "z": 0.015799622982740402, "vis": 0.9990429282188416}, "25": {"x": 0.3220726549625397, "y": 0.7706448435783386, "z": -0.04365715757012367, "vis": 0.9924125075340271}, "26": {"x": 0.35673394799232483, "y": 0.7663711309432983, "z": -0.0018844904843717813, "vis": 0.9892289638519287}, "27": {"x": 0.3229297995567322, "y": 0.9380537867546082, "z": -0.0608343705534935, "vis": 0.9819245338439941}, "28": {"x": 0.36373698711395264, "y": 0.9298727512359619, "z": -0.027021577581763268, "vis": 0.9727014899253845}, "29": {"x": 0.3261054456233978, "y": 0.9673061966896057, "z": -0.06199211627244949, "vis": 0.9835051894187927}, "30": {"x": 0.36247485876083374, "y": 0.9573619961738586, "z": -0.02956022322177887, "vis": 0.9698134660720825}, "31": {"x": 0.3168993294239044, "y": 0.9441510438919067, "z": -0.08146147429943085, "vis": 0.8276920318603516}, "32": {"x": 0.3603588044643402, "y": 0.9478474855422974, "z": -0.04867521673440933, "vis": 0.7500609755516052}}