{"0": {"x": 0.3446674048900604, "y": 0.37690141797065735, "z": 0.08658779412508011, "vis": 0.9997730851173401}, "1": {"x": 0.3428668975830078, "y": 0.36695975065231323, "z": 0.06443425267934799, "vis": 0.9997788071632385}, "2": {"x": 0.3410765528678894, "y": 0.36725443601608276, "z": 0.06446672976016998, "vis": 0.999778687953949}, "3": {"x": 0.3391271233558655, "y": 0.3675607144832611, "z": 0.06447682529687881, "vis": 0.9997891783714294}, "4": {"x": 0.347740113735199, "y": 0.36704057455062866, "z": 0.06743156164884567, "vis": 0.9997696280479431}, "5": {"x": 0.34939736127853394, "y": 0.36741700768470764, "z": 0.06741415709257126, "vis": 0.9997527003288269}, "6": {"x": 0.35111066699028015, "y": 0.3678121268749237, "z": 0.06740222126245499, "vis": 0.9997976422309875}, "7": {"x": 0.3373282253742218, "y": 0.3751748502254486, "z": -0.012330812402069569, "vis": 0.999725878238678}, "8": {"x": 0.356031596660614, "y": 0.37725916504859924, "z": 0.0010032709687948227, "vis": 0.9997177720069885}, "9": {"x": 0.3414136469364166, "y": 0.38715869188308716, "z": 0.06369811296463013, "vis": 0.9995675683021545}, "10": {"x": 0.3473529517650604, "y": 0.3875351846218109, "z": 0.06765758991241455, "vis": 0.9995099306106567}, "11": {"x": 0.30976009368896484, "y": 0.46144530177116394, "z": -0.041148751974105835, "vis": 0.9993725419044495}, "12": {"x": 0.37941670417785645, "y": 0.459867388010025, "z": -0.02150384709239006, "vis": 0.9994542002677917}, "13": {"x": 0.2963786721229553, "y": 0.5750525593757629, "z": 0.0015781053807586432, "vis": 0.9412032961845398}, "14": {"x": 0.3998596668243408, "y": 0.5704839825630188, "z": 0.031318679451942444, "vis": 0.9728747010231018}, "15": {"x": 0.3163498640060425, "y": 0.6044915318489075, "z": 0.10840088874101639, "vis": 0.09152144193649292}, "16": {"x": 0.38686925172805786, "y": 0.6110429763793945, "z": 0.1411626636981964, "vis": 0.1646658182144165}, "17": {"x": 0.32059264183044434, "y": 0.6168946027755737, "z": 0.13022053241729736, "vis": 0.06304170191287994}, "18": {"x": 0.38955801725387573, "y": 0.6168223023414612, "z": 0.1623995006084442, "vis": 0.10749293118715286}, "19": {"x": 0.3234916031360626, "y": 0.6117251515388489, "z": 0.13174277544021606, "vis": 0.061082880944013596}, "20": {"x": 0.3762020170688629, "y": 0.6217204928398132, "z": 0.16719773411750793, "vis": 0.10526720434427261}, "21": {"x": 0.32279810309410095, "y": 0.6065185070037842, "z": 0.11304250359535217, "vis": 0.060925308614969254}, "22": {"x": 0.3771919906139374, "y": 0.6144457459449768, "z": 0.1465364545583725, "vis": 0.0985138863325119}, "23": {"x": 0.32934659719467163, "y": 0.680306077003479, "z": -0.00766822649165988, "vis": 0.9996656179428101}, "24": {"x": 0.36660489439964294, "y": 0.674126923084259, "z": 0.0074827116914093494, "vis": 0.9995520710945129}, "25": {"x": 0.3263007402420044, "y": 0.8007002472877502, "z": 0.06241490691900253, "vis": 0.9503979086875916}, "26": {"x": 0.36358150839805603, "y": 0.7986047267913818, "z": 0.07071758806705475, "vis": 0.9645050168037415}, "27": {"x": 0.3386697769165039, "y": 0.8899734020233154, "z": -0.07600859552621841, "vis": 0.9844585657119751}, "28": {"x": 0.3606712520122528, "y": 0.9087057113647461, "z": -0.07915272563695908, "vis": 0.9857886433601379}, "29": {"x": 0.34402865171432495, "y": 0.8915224075317383, "z": -0.08928117156028748, "vis": 0.9898942112922668}, "30": {"x": 0.36260002851486206, "y": 0.9198651313781738, "z": -0.09237470477819443, "vis": 0.986280083656311}, "31": {"x": 0.337169885635376, "y": 0.9587762355804443, "z": -0.10555028170347214, "vis": 0.9701023697853088}, "32": {"x": 0.3496154546737671, "y": 0.9663217067718506, "z": -0.09760213643312454, "vis": 0.9674456715583801}}