{"0": {"x": 0.1678680032491684, "y": 0.2952001392841339, "z": -0.1811208724975586, "vis": 0.9983271956443787}, "1": {"x": 0.17066043615341187, "y": 0.28455811738967896, "z": -0.16499212384223938, "vis": 0.9979502558708191}, "2": {"x": 0.1732865571975708, "y": 0.2858395278453827, "z": -0.1649971902370453, "vis": 0.9970447421073914}, "3": {"x": 0.17614459991455078, "y": 0.28725847601890564, "z": -0.16507115960121155, "vis": 0.9977350234985352}, "4": {"x": 0.1647430807352066, "y": 0.28323671221733093, "z": -0.1642152965068817, "vis": 0.9985387325286865}, "5": {"x": 0.16295811533927917, "y": 0.2836437225341797, "z": -0.16425444185733795, "vis": 0.9983521699905396}, "6": {"x": 0.16110022366046906, "y": 0.28409433364868164, "z": -0.16431111097335815, "vis": 0.998993456363678}, "7": {"x": 0.1810152381658554, "y": 0.2971605658531189, "z": -0.0898982584476471, "vis": 0.9970659613609314}, "8": {"x": 0.1609574854373932, "y": 0.295332670211792, "z": -0.08800522983074188, "vis": 0.9978699684143066}, "9": {"x": 0.17298173904418945, "y": 0.3108958303928375, "z": -0.15547960996627808, "vis": 0.9977043271064758}, "10": {"x": 0.16582320630550385, "y": 0.3094199597835541, "z": -0.15481223165988922, "vis": 0.9979034662246704}, "11": {"x": 0.20660968124866486, "y": 0.3706456422805786, "z": -0.07043381780385971, "vis": 0.9921064376831055}, "12": {"x": 0.13958479464054108, "y": 0.4038976728916168, "z": -0.06442799419164658, "vis": 0.9926451444625854}, "13": {"x": 0.2412918359041214, "y": 0.28941166400909424, "z": -0.10952533036470413, "vis": 0.9787351489067078}, "14": {"x": 0.11925512552261353, "y": 0.4819749593734741, "z": -0.10534941405057907, "vis": 0.8703332543373108}, "15": {"x": 0.19862863421440125, "y": 0.23096448183059692, "z": -0.06118066981434822, "vis": 0.6804808378219604}, "16": {"x": 0.1335257589817047, "y": 0.442227840423584, "z": -0.12744785845279694, "vis": 0.6425512433052063}, "17": {"x": 0.18759846687316895, "y": 0.21985584497451782, "z": -0.06407752633094788, "vis": 0.3788025975227356}, "18": {"x": 0.14238867163658142, "y": 0.38456329703330994, "z": -0.1407589614391327, "vis": 0.4826626777648926}, "19": {"x": 0.18255615234375, "y": 0.22950336337089539, "z": -0.04756161570549011, "vis": 0.3447030484676361}, "20": {"x": 0.14110177755355835, "y": 0.37995463609695435, "z": -0.12179402261972427, "vis": 0.46737825870513916}, "21": {"x": 0.18586382269859314, "y": 0.2378675639629364, "z": -0.05521600693464279, "vis": 0.38527125120162964}, "22": {"x": 0.1417892873287201, "y": 0.3912314176559448, "z": -0.12226851284503937, "vis": 0.46114158630371094}, "23": {"x": 0.21064190566539764, "y": 0.6299736499786377, "z": 0.0035772749688476324, "vis": 0.9984474778175354}, "24": {"x": 0.16378214955329895, "y": 0.6502749919891357, "z": -0.003646270837634802, "vis": 0.9966530203819275}, "25": {"x": 0.23327599465847015, "y": 0.7629923820495605, "z": -0.00914712343364954, "vis": 0.7811776399612427}, "26": {"x": 0.16568772494792938, "y": 0.7994922399520874, "z": 0.02149328589439392, "vis": 0.5985081791877747}, "27": {"x": 0.2066272646188736, "y": 0.7256199717521667, "z": 0.23363769054412842, "vis": 0.05857330188155174}, "28": {"x": 0.1720082014799118, "y": 0.7572954893112183, "z": 0.2295008897781372, "vis": 0.07904764264822006}, "29": {"x": 0.20278093218803406, "y": 0.7029814720153809, "z": 0.26195764541625977, "vis": 0.08384963124990463}, "30": {"x": 0.17239029705524445, "y": 0.7468107342720032, "z": 0.2552433907985687, "vis": 0.09163930267095566}, "31": {"x": 0.19693946838378906, "y": 0.7597154378890991, "z": 0.2852466404438019, "vis": 0.0736287385225296}, "32": {"x": 0.17916713654994965, "y": 0.7806165218353271, "z": 0.2641863524913788, "vis": 0.10641665756702423}, "meta": {"r_elbow_deg": 5.155405394826662, "r_knee_deg": 9.250420478360237, "trunk_deg": 107.59304489452039, "bat_tilt_deg": 134.56402536122872, "x_factor_deg": 2.288705186183641, "shot_type": "Cut/Pull"}}