{"0": {"x": 0.2795897424221039, "y": 0.3863593637943268, "z": -0.07023663073778152, "vis": 0.9998770952224731}, "1": {"x": 0.282631516456604, "y": 0.37305793166160583, "z": -0.06872428953647614, "vis": 0.9998400211334229}, "2": {"x": 0.2850695252418518, "y": 0.37215524911880493, "z": -0.06875424087047577, "vis": 0.9998555183410645}, "3": {"x": 0.2875998020172119, "y": 0.3714190423488617, "z": -0.06882832199335098, "vis": 0.9998534917831421}, "4": {"x": 0.2780122756958008, "y": 0.3745829463005066, "z": -0.05847226828336716, "vis": 0.9998835325241089}, "5": {"x": 0.2765818238258362, "y": 0.37487080693244934, "z": -0.0584513321518898, "vis": 0.9998573064804077}, "6": {"x": 0.2749626040458679, "y": 0.3752458691596985, "z": -0.05846669524908066, "vis": 0.9998811483383179}, "7": {"x": 0.29478001594543457, "y": 0.37420058250427246, "z": -0.032927438616752625, "vis": 0.9998685121536255}, "8": {"x": 0.2773519456386566, "y": 0.37870174646377563, "z": 0.013206560164690018, "vis": 0.9997550845146179}, "9": {"x": 0.28528788685798645, "y": 0.39965665340423584, "z": -0.05478866770863533, "vis": 0.9995793700218201}, "10": {"x": 0.27963218092918396, "y": 0.4025440812110901, "z": -0.041717760264873505, "vis": 0.9995911717414856}, "11": {"x": 0.31582626700401306, "y": 0.44003692269325256, "z": -0.0358385369181633, "vis": 0.9993104934692383}, "12": {"x": 0.27327507734298706, "y": 0.4553048610687256, "z": 0.06968170404434204, "vis": 0.9994220733642578}, "13": {"x": 0.29432860016822815, "y": 0.5284481048583984, "z": -0.005750341806560755, "vis": 0.9011530876159668}, "14": {"x": 0.2596971392631531, "y": 0.5527710914611816, "z": 0.0007717761327512562, "vis": 0.7883121967315674}, "15": {"x": 0.2801167964935303, "y": 0.4718664288520813, "z": 0.07498189806938171, "vis": 0.6772982478141785}, "16": {"x": 0.28498148918151855, "y": 0.5112935900688171, "z": -0.11228840798139572, "vis": 0.7094573974609375}, "17": {"x": 0.27584224939346313, "y": 0.4642642140388489, "z": 0.07948257029056549, "vis": 0.6068056225776672}, "18": {"x": 0.2951340675354004, "y": 0.504984438419342, "z": -0.130828395485878, "vis": 0.5768098831176758}, "19": {"x": 0.2790498733520508, "y": 0.46083393692970276, "z": 0.07475576549768448, "vis": 0.596622109413147}, "20": {"x": 0.29770880937576294, "y": 0.4963356554508209, "z": -0.11839666217565536, "vis": 0.5489800572395325}, "21": {"x": 0.28055131435394287, "y": 0.46772298216819763, "z": 0.07691031694412231, "vis": 0.5498296022415161}, "22": {"x": 0.2947770357131958, "y": 0.4972284734249115, "z": -0.11028484255075455, "vis": 0.49485722184181213}, "23": {"x": 0.3101838529109955, "y": 0.6295541524887085, "z": -0.04455719143152237, "vis": 0.9991471767425537}, "24": {"x": 0.2825605869293213, "y": 0.6360645294189453, "z": 0.04461584612727165, "vis": 0.9990847110748291}, "25": {"x": 0.3028404414653778, "y": 0.7772159576416016, "z": -0.09487300366163254, "vis": 0.9672558903694153}, "26": {"x": 0.28603801131248474, "y": 0.7796773314476013, "z": 0.03492194414138794, "vis": 0.6948850750923157}, "27": {"x": 0.3051714301109314, "y": 0.9338606595993042, "z": -0.09487327933311462, "vis": 0.9707593321800232}, "28": {"x": 0.29916223883628845, "y": 0.9262968897819519, "z": 0.05610477179288864, "vis": 0.8295562267303467}, "29": {"x": 0.310730516910553, "y": 0.9647557139396667, "z": -0.09799429774284363, "vis": 0.8651538491249084}, "30": {"x": 0.305215060710907, "y": 0.9534425139427185, "z": 0.05494406446814537, "vis": 0.6994369626045227}, "31": {"x": 0.2840602397918701, "y": 0.967458963394165, "z": -0.16634365916252136, "vis": 0.969144344329834}, "32": {"x": 0.27021265029907227, "y": 0.9617034196853638, "z": 0.004571464378386736, "vis": 0.8674606084823608}, "meta": {"r_elbow_deg": 23.435362629822688, "r_knee_deg": 176.27204807384467, "trunk_deg": 104.82607080074894, "bat_tilt_deg": 150.40518488095023, "x_factor_deg": 6.000914620031258, "shot_type": "Cut/Pull"}}