{"0": {"x": 0.4254951775074005, "y": 0.40965986251831055, "z": 0.11167091131210327, "vis": 0.9689285159111023}, "1": {"x": 0.41993287205696106, "y": 0.40374189615249634, "z": 0.09960237145423889, "vis": 0.9842368364334106}, "2": {"x": 0.4195552170276642, "y": 0.4030865430831909, "z": 0.09959540516138077, "vis": 0.9812472462654114}, "3": {"x": 0.4192478656768799, "y": 0.40264832973480225, "z": 0.09957870095968246, "vis": 0.9811997413635254}, "4": {"x": 0.4213334023952484, "y": 0.40308669209480286, "z": 0.10798526555299759, "vis": 0.9843010306358337}, "5": {"x": 0.42181167006492615, "y": 0.40205463767051697, "z": 0.10799508541822433, "vis": 0.9806586503982544}, "6": {"x": 0.42241913080215454, "y": 0.4003280699253082, "z": 0.10793540626764297, "vis": 0.983161449432373}, "7": {"x": 0.42317306995391846, "y": 0.3953205943107605, "z": 0.05502466484904289, "vis": 0.9771869778633118}, "8": {"x": 0.4260852336883545, "y": 0.3927946090698242, "z": 0.09404411166906357, "vis": 0.9803555011749268}, "9": {"x": 0.43073561787605286, "y": 0.4083004593849182, "z": 0.09754692763090134, "vis": 0.9519553780555725}, "10": {"x": 0.4319624602794647, "y": 0.40671467781066895, "z": 0.10893718153238297, "vis": 0.9565061926841736}, "11": {"x": 0.43750154972076416, "y": 0.40798038244247437, "z": 0.013535714708268642, "vis": 0.9997171759605408}, "12": {"x": 0.46769383549690247, "y": 0.3834397792816162, "z": 0.08967433124780655, "vis": 0.999174177646637}, "13": {"x": 0.4500090777873993, "y": 0.4511886239051819, "z": -0.02424413152039051, "vis": 0.5340137481689453}, "14": {"x": 0.4893418550491333, "y": 0.41282689571380615, "z": 0.09520773589611053, "vis": 0.22710880637168884}, "15": {"x": 0.4500082731246948, "y": 0.4446128308773041, "z": -0.00671085761860013, "vis": 0.12308473885059357}, "16": {"x": 0.48153477907180786, "y": 0.4200584888458252, "z": 0.11646310985088348, "vis": 0.026063192635774612}, "17": {"x": 0.4481646716594696, "y": 0.44217821955680847, "z": -0.007206087000668049, "vis": 0.15245382487773895}, "18": {"x": 0.4805447459220886, "y": 0.41432714462280273, "z": 0.12615267932415009, "vis": 0.023618612438440323}, "19": {"x": 0.45001843571662903, "y": 0.4359135925769806, "z": 0.00028557394398376346, "vis": 0.15125708281993866}, "20": {"x": 0.4758301079273224, "y": 0.4180057942867279, "z": 0.12937742471694946, "vis": 0.021667232736945152}, "21": {"x": 0.4520111083984375, "y": 0.437406063079834, "z": -0.0027947230264544487, "vis": 0.12151903659105301}, "22": {"x": 0.4761049747467041, "y": 0.4209286868572235, "z": 0.11790044605731964, "vis": 0.026026776060461998}, "23": {"x": 0.4691009521484375, "y": 0.5097142457962036, "z": -0.025052258744835854, "vis": 0.9998331069946289}, "24": {"x": 0.49216675758361816, "y": 0.505581259727478, "z": 0.024737268686294556, "vis": 0.9993129968643188}, "25": {"x": 0.4584752321243286, "y": 0.5941101312637329, "z": 0.019648676738142967, "vis": 0.9138280749320984}, "26": {"x": 0.48082104325294495, "y": 0.5862487554550171, "z": 0.0458267405629158, "vis": 0.26976296305656433}, "27": {"x": 0.4699481725692749, "y": 0.6863486170768738, "z": -0.0647546574473381, "vis": 0.9281033277511597}, "28": {"x": 0.4805297553539276, "y": 0.6789975166320801, "z": -0.0347972996532917, "vis": 0.7195693850517273}, "29": {"x": 0.47195735573768616, "y": 0.696340799331665, "z": -0.07269570231437683, "vis": 0.9527027010917664}, "30": {"x": 0.4829420745372772, "y": 0.6928127408027649, "z": -0.04391277953982353, "vis": 0.8239709138870239}, "31": {"x": 0.4633444547653198, "y": 0.7279620170593262, "z": -0.07820673286914825, "vis": 0.9198088645935059}, "32": {"x": 0.47186344861984253, "y": 0.7144253849983215, "z": -0.06242859736084938, "vis": 0.7093938589096069}, "meta": {"r_elbow_deg": 96.4313211684638, "r_knee_deg": 172.17392743534847, "trunk_deg": 59.13235807640744, "bat_tilt_deg": 142.75940454055564, "x_factor_deg": 30.153123043798217, "shot_type": "Cut/Pull"}}