{"0": {"x": 0.1884431093931198, "y": 0.26398152112960815, "z": 0.05331437662243843, "vis": 0.9998027682304382}, "1": {"x": 0.18657062947750092, "y": 0.24893000721931458, "z": 0.039328306913375854, "vis": 0.9997584223747253}, "2": {"x": 0.185938760638237, "y": 0.2486717253923416, "z": 0.03934602439403534, "vis": 0.9996949434280396}, "3": {"x": 0.18533852696418762, "y": 0.24841678142547607, "z": 0.039313193410634995, "vis": 0.9997120499610901}, "4": {"x": 0.1892724335193634, "y": 0.250491201877594, "z": 0.030778145417571068, "vis": 0.9998038411140442}, "5": {"x": 0.18981139361858368, "y": 0.252043217420578, "z": 0.030813222751021385, "vis": 0.9997875094413757}, "6": {"x": 0.19018985331058502, "y": 0.25102269649505615, "z": 0.03081698901951313, "vis": 0.9997885823249817}, "7": {"x": 0.18425659835338593, "y": 0.2549499571323395, "z": 0.01008014939725399, "vis": 0.9997987151145935}, "8": {"x": 0.18904855847358704, "y": 0.2567722797393799, "z": -0.028647402301430702, "vis": 0.9997232556343079}, "9": {"x": 0.18847301602363586, "y": 0.2764768898487091, "z": 0.04983702674508095, "vis": 0.9994207620620728}, "10": {"x": 0.19158245623111725, "y": 0.28665074706077576, "z": 0.03833244740962982, "vis": 0.9992493987083435}, "11": {"x": 0.15982753038406372, "y": 0.3321351408958435, "z": 0.06562360376119614, "vis": 0.9976510405540466}, "12": {"x": 0.20901177823543549, "y": 0.3332986831665039, "z": -0.06696923822164536, "vis": 0.99787437915802}, "13": {"x": 0.18492501974105835, "y": 0.31798699498176575, "z": 0.19984526932239532, "vis": 0.16607646644115448}, "14": {"x": 0.21784436702728271, "y": 0.27822279930114746, "z": -0.029892757534980774, "vis": 0.4254056513309479}, "15": {"x": 0.19597014784812927, "y": 0.2313157469034195, "z": 0.32531723380088806, "vis": 0.291742742061615}, "16": {"x": 0.2015276998281479, "y": 0.19555023312568665, "z": 0.08188765496015549, "vis": 0.3975680470466614}, "17": {"x": 0.19543418288230896, "y": 0.21291470527648926, "z": 0.35043343901634216, "vis": 0.35949280858039856}, "18": {"x": 0.19699743390083313, "y": 0.15925005078315735, "z": 0.08974742144346237, "vis": 0.4567020833492279}, "19": {"x": 0.19178245961666107, "y": 0.18461155891418457, "z": 0.34459149837493896, "vis": 0.35841643810272217}, "20": {"x": 0.194319486618042, "y": 0.16109946370124817, "z": 0.08445209264755249, "vis": 0.44616562128067017}, "21": {"x": 0.19929969310760498, "y": 0.21718165278434753, "z": 0.32676661014556885, "vis": 0.3563215732574463}, "22": {"x": 0.1945629119873047, "y": 0.17675262689590454, "z": 0.08324818313121796, "vis": 0.42159968614578247}, "23": {"x": 0.17498818039894104, "y": 0.6035773158073425, "z": 0.05280832573771477, "vis": 0.9999243021011353}, "24": {"x": 0.1982993334531784, "y": 0.5977058410644531, "z": -0.053232092410326004, "vis": 0.9998012185096741}, "25": {"x": 0.18700964748859406, "y": 0.7936854362487793, "z": 0.09740494936704636, "vis": 0.9213063716888428}, "26": {"x": 0.2464696764945984, "y": 0.7381560802459717, "z": -0.00598821509629488, "vis": 0.9752443432807922}, "27": {"x": 0.1706748753786087, "y": 0.923702597618103, "z": 0.051781415939331055, "vis": 0.962642252445221}, "28": {"x": 0.2104213833808899, "y": 0.8909879922866821, "z": 0.013374132104218006, "vis": 0.9598318934440613}, "29": {"x": 0.16309645771980286, "y": 0.9451794028282166, "z": 0.04771200567483902, "vis": 0.964932382106781}, "30": {"x": 0.19630955159664154, "y": 0.9086132049560547, "z": 0.019053621217608452, "vis": 0.9405039548873901}, "31": {"x": 0.19179680943489075, "y": 0.9935331344604492, "z": 0.03622185066342354, "vis": 0.8775582313537598}, "32": {"x": 0.22380098700523376, "y": 0.9659374356269836, "z": 0.02961060404777527, "vis": 0.8750172853469849}}