{"0": {"x": 0.2837322950363159, "y": 0.5758169293403625, "z": 0.3398858606815338, "vis": 0.9807557463645935}, "1": {"x": 0.2773659825325012, "y": 0.5695785284042358, "z": 0.3373434245586395, "vis": 0.9781314730644226}, "2": {"x": 0.2767239809036255, "y": 0.5662500262260437, "z": 0.3374086022377014, "vis": 0.9799360036849976}, "3": {"x": 0.27593204379081726, "y": 0.5629117488861084, "z": 0.33741241693496704, "vis": 0.9743623733520508}, "4": {"x": 0.27960205078125, "y": 0.5697191953659058, "z": 0.3540056049823761, "vis": 0.978886604309082}, "5": {"x": 0.28075963258743286, "y": 0.5666407346725464, "z": 0.35407882928848267, "vis": 0.9812885522842407}, "6": {"x": 0.2819300889968872, "y": 0.5636685490608215, "z": 0.35399961471557617, "vis": 0.980049729347229}, "7": {"x": 0.2746428847312927, "y": 0.530164361000061, "z": 0.2924790680408478, "vis": 0.9864922165870667}, "8": {"x": 0.28590723872184753, "y": 0.5340964198112488, "z": 0.36869120597839355, "vis": 0.9895219206809998}, "9": {"x": 0.28975507616996765, "y": 0.5599240660667419, "z": 0.3198716938495636, "vis": 0.9798390865325928}, "10": {"x": 0.2929205596446991, "y": 0.5622678399085999, "z": 0.34205135703086853, "vis": 0.9864397644996643}, "11": {"x": 0.29108017683029175, "y": 0.47759130597114563, "z": 0.19681033492088318, "vis": 0.9999465942382812}, "12": {"x": 0.31997916102409363, "y": 0.49520164728164673, "z": 0.31262457370758057, "vis": 0.999367892742157}, "13": {"x": 0.26384371519088745, "y": 0.3684614598751068, "z": 0.1571364849805832, "vis": 0.9453147649765015}, "14": {"x": 0.33879974484443665, "y": 0.550957977771759, "z": 0.24612826108932495, "vis": 0.05721074342727661}, "15": {"x": 0.2561514973640442, "y": 0.2611963152885437, "z": 0.19601361453533173, "vis": 0.9586567282676697}, "16": {"x": 0.33675721287727356, "y": 0.5752008557319641, "z": 0.16528697311878204, "vis": 0.02694036439061165}, "17": {"x": 0.25342226028442383, "y": 0.22871185839176178, "z": 0.18058469891548157, "vis": 0.9643322825431824}, "18": {"x": 0.33836132287979126, "y": 0.5757843852043152, "z": 0.16201066970825195, "vis": 0.03409596532583237}, "19": {"x": 0.25418591499328613, "y": 0.22542551159858704, "z": 0.1964065581560135, "vis": 0.9612372517585754}, "20": {"x": 0.3349551856517792, "y": 0.5730705857276917, "z": 0.16128210723400116, "vis": 0.03229951485991478}, "21": {"x": 0.2539893388748169, "y": 0.2306654453277588, "z": 0.20156995952129364, "vis": 0.9399229288101196}, "22": {"x": 0.33276957273483276, "y": 0.5705724358558655, "z": 0.16302461922168732, "vis": 0.03911421820521355}, "23": {"x": 0.33255451917648315, "y": 0.6137753129005432, "z": -0.03627469390630722, "vis": 0.9999637603759766}, "24": {"x": 0.37333419919013977, "y": 0.5982288122177124, "z": 0.03602749854326248, "vis": 0.9998716115951538}, "25": {"x": 0.33276334404945374, "y": 0.7883520126342773, "z": -0.0726143941283226, "vis": 0.9819313287734985}, "26": {"x": 0.36945614218711853, "y": 0.7666540741920471, "z": 0.02729712799191475, "vis": 0.8644705414772034}, "27": {"x": 0.3310651183128357, "y": 0.9722142219543457, "z": -0.12500153481960297, "vis": 0.8495867252349854}, "28": {"x": 0.39965271949768066, "y": 0.9322476387023926, "z": 0.026766281574964523, "vis": 0.5259334444999695}, "29": {"x": 0.3341416120529175, "y": 0.9966723918914795, "z": -0.13097845017910004, "vis": 0.8662158250808716}, "30": {"x": 0.4034440517425537, "y": 0.9716187119483948, "z": 0.02399316057562828, "vis": 0.7672217488288879}, "31": {"x": 0.3157632052898407, "y": 1.0101478099822998, "z": -0.16335339844226837, "vis": 0.7078022956848145}, "32": {"x": 0.39184778928756714, "y": 0.9450554847717285, "z": -0.005572815891355276, "vis": 0.32073312997817993}, "meta": {"r_elbow_deg": 156.5318979191259, "r_knee_deg": 168.34643809579157, "trunk_deg": 133.33544462631056, "bat_tilt_deg": 175.03585254227778, "x_factor_deg": 10.599068119388505, "shot_type": "Cut/Pull"}}