{"0": {"x": 0.27448955178260803, "y": 0.3837302625179291, "z": -0.06428001821041107, "vis": 0.9998268485069275}, "1": {"x": 0.2779903709888458, "y": 0.37232905626296997, "z": -0.06265335530042648, "vis": 0.9997758269309998}, "2": {"x": 0.28047099709510803, "y": 0.3717989921569824, "z": -0.06268520653247833, "vis": 0.9998016953468323}, "3": {"x": 0.2829225957393646, "y": 0.3711974024772644, "z": -0.06276077032089233, "vis": 0.9997977614402771}, "4": {"x": 0.2723556458950043, "y": 0.3724770247936249, "z": -0.052276939153671265, "vis": 0.9998185038566589}, "5": {"x": 0.27106615900993347, "y": 0.3723607659339905, "z": -0.052243344485759735, "vis": 0.9997798800468445}, "6": {"x": 0.2698582708835602, "y": 0.3722345232963562, "z": -0.05224555730819702, "vis": 0.9998137354850769}, "7": {"x": 0.2894335389137268, "y": 0.3737693130970001, "z": -0.02529004029929638, "vis": 0.999845027923584}, "8": {"x": 0.2725889980792999, "y": 0.37559717893600464, "z": 0.021407878026366234, "vis": 0.9996575117111206}, "9": {"x": 0.2811076045036316, "y": 0.3973773419857025, "z": -0.04816066101193428, "vis": 0.9995136260986328}, "10": {"x": 0.2744496762752533, "y": 0.39823195338249207, "z": -0.03486989066004753, "vis": 0.9995280504226685}, "11": {"x": 0.3118058741092682, "y": 0.43699151277542114, "z": -0.02962026745080948, "vis": 0.9993646740913391}, "12": {"x": 0.2692581117153168, "y": 0.45186781883239746, "z": 0.08284265547990799, "vis": 0.999340832233429}, "13": {"x": 0.2914115786552429, "y": 0.5261729955673218, "z": -0.0077881766483187675, "vis": 0.9051978588104248}, "14": {"x": 0.2587248682975769, "y": 0.5579785108566284, "z": 0.024797726422548294, "vis": 0.6436951160430908}, "15": {"x": 0.2771244943141937, "y": 0.4695909023284912, "z": 0.06132308766245842, "vis": 0.6780398488044739}, "16": {"x": 0.28319576382637024, "y": 0.5164566040039062, "z": -0.08520759642124176, "vis": 0.5932667255401611}, "17": {"x": 0.27008283138275146, "y": 0.4665274918079376, "z": 0.06177496165037155, "vis": 0.6105123162269592}, "18": {"x": 0.29185473918914795, "y": 0.5095016360282898, "z": -0.10486499220132828, "vis": 0.48437708616256714}, "19": {"x": 0.27598315477371216, "y": 0.45702415704727173, "z": 0.05565223842859268, "vis": 0.6014853119850159}, "20": {"x": 0.29340726137161255, "y": 0.49983423948287964, "z": -0.09552367776632309, "vis": 0.45920291543006897}, "21": {"x": 0.2774328291416168, "y": 0.46381643414497375, "z": 0.06186516955494881, "vis": 0.5665890574455261}, "22": {"x": 0.290244460105896, "y": 0.4995841979980469, "z": -0.08489275723695755, "vis": 0.415775328874588}, "23": {"x": 0.3072938621044159, "y": 0.6281813979148865, "z": -0.043075140565633774, "vis": 0.9992601275444031}, "24": {"x": 0.27967777848243713, "y": 0.632895827293396, "z": 0.043147873133420944, "vis": 0.999133288860321}, "25": {"x": 0.301637202501297, "y": 0.7826312780380249, "z": -0.0822591558098793, "vis": 0.9623159170150757}, "26": {"x": 0.28460925817489624, "y": 0.780132532119751, "z": 0.02281147427856922, "vis": 0.7921414375305176}, "27": {"x": 0.3050888478755951, "y": 0.9340655207633972, "z": -0.0671502873301506, "vis": 0.969791054725647}, "28": {"x": 0.2982651889324188, "y": 0.9231815338134766, "z": 0.042199280112981796, "vis": 0.8796296119689941}, "29": {"x": 0.31006938219070435, "y": 0.9633160829544067, "z": -0.06910481303930283, "vis": 0.833295464515686}, "30": {"x": 0.3042316734790802, "y": 0.9486221075057983, "z": 0.04052583873271942, "vis": 0.7377574443817139}, "31": {"x": 0.2864325940608978, "y": 0.967553973197937, "z": -0.13867001235485077, "vis": 0.9628270864486694}, "32": {"x": 0.2725030779838562, "y": 0.9614753127098083, "z": -0.0136503791436553, "vis": 0.8896763324737549}}