{"0": {"x": 0.22509746253490448, "y": 0.27426639199256897, "z": 0.12528923153877258, "vis": 0.9975560903549194}, "1": {"x": 0.22038213908672333, "y": 0.2590144872665405, "z": 0.11070212721824646, "vis": 0.998399555683136}, "2": {"x": 0.2181759476661682, "y": 0.2590016722679138, "z": 0.11066820472478867, "vis": 0.9983964562416077}, "3": {"x": 0.21627911925315857, "y": 0.2590964138507843, "z": 0.11061129719018936, "vis": 0.9986804127693176}, "4": {"x": 0.22743432223796844, "y": 0.2600756883621216, "z": 0.09987684339284897, "vis": 0.9982628226280212}, "5": {"x": 0.22971388697624207, "y": 0.2607831358909607, "z": 0.09983957558870316, "vis": 0.9984374642372131}, "6": {"x": 0.23205290734767914, "y": 0.26166173815727234, "z": 0.09984581172466278, "vis": 0.9983745813369751}, "7": {"x": 0.21192730963230133, "y": 0.26856452226638794, "z": 0.061656653881073, "vis": 0.9993791580200195}, "8": {"x": 0.23215998709201813, "y": 0.2724860906600952, "z": 0.012007366865873337, "vis": 0.9975823163986206}, "9": {"x": 0.22190627455711365, "y": 0.28866493701934814, "z": 0.11248371750116348, "vis": 0.994785487651825}, "10": {"x": 0.22952207922935486, "y": 0.2914453446865082, "z": 0.09803028404712677, "vis": 0.9926928281784058}, "11": {"x": 0.18745173513889313, "y": 0.3397827446460724, "z": 0.09279201924800873, "vis": 0.9965299963951111}, "12": {"x": 0.24616016447544098, "y": 0.36286255717277527, "z": -0.06308809667825699, "vis": 0.9975340366363525}, "13": {"x": 0.18876348435878754, "y": 0.38362225890159607, "z": 0.18010903894901276, "vis": 0.03842348977923393}, "14": {"x": 0.23196089267730713, "y": 0.37635767459869385, "z": -0.20264044404029846, "vis": 0.18565674126148224}, "15": {"x": 0.20750294625759125, "y": 0.3815370500087738, "z": 0.3059147298336029, "vis": 0.02201266959309578}, "16": {"x": 0.2162371575832367, "y": 0.3418506383895874, "z": -0.3356066942214966, "vis": 0.24145743250846863}, "17": {"x": 0.20721618831157684, "y": 0.38255009055137634, "z": 0.33739736676216125, "vis": 0.03987463191151619}, "18": {"x": 0.21229667961597443, "y": 0.33415687084198, "z": -0.3577941060066223, "vis": 0.39416661858558655}, "19": {"x": 0.2144315093755722, "y": 0.3822355270385742, "z": 0.3262813687324524, "vis": 0.04132136330008507}, "20": {"x": 0.2081751525402069, "y": 0.33010873198509216, "z": -0.34144046902656555, "vis": 0.40919744968414307}, "21": {"x": 0.21714016795158386, "y": 0.3841036558151245, "z": 0.3065340220928192, "vis": 0.04131630063056946}, "22": {"x": 0.20798519253730774, "y": 0.335018515586853, "z": -0.33315423130989075, "vis": 0.3683769106864929}, "23": {"x": 0.1903628408908844, "y": 0.6102416515350342, "z": 0.06827741116285324, "vis": 0.9998917579650879}, "24": {"x": 0.22786232829093933, "y": 0.6047424077987671, "z": -0.06861519068479538, "vis": 0.9998950958251953}, "25": {"x": 0.22323843836784363, "y": 0.7648023366928101, "z": 0.16183841228485107, "vis": 0.6466580033302307}, "26": {"x": 0.2667248249053955, "y": 0.7476982474327087, "z": -0.01503585372120142, "vis": 0.957751452922821}, "27": {"x": 0.1904682070016861, "y": 0.8477324843406677, "z": 0.020996976643800735, "vis": 0.9454829096794128}, "28": {"x": 0.23498427867889404, "y": 0.9045886993408203, "z": -0.17987021803855896, "vis": 0.9980785846710205}, "29": {"x": 0.18296073377132416, "y": 0.8484963178634644, "z": 0.005082049872726202, "vis": 0.972804605960846}, "30": {"x": 0.2243105173110962, "y": 0.9047476649284363, "z": -0.1930580586194992, "vis": 0.9970681071281433}, "31": {"x": 0.1985238939523697, "y": 0.9420497417449951, "z": -0.028750110417604446, "vis": 0.9240981340408325}, "32": {"x": 0.23495103418827057, "y": 0.9776521325111389, "z": -0.21885795891284943, "vis": 0.9959730505943298}, "meta": {"r_elbow_deg": 70.95369478937293, "r_knee_deg": 153.35454182974286, "trunk_deg": 105.62974607103166, "bat_tilt_deg": 15.788632768891736, "x_factor_deg": 14.195424581247238, "shot_type": "Drive"}}