{"0": {"x": 0.5670778751373291, "y": 0.4922947287559509, "z": -0.1427207738161087, "vis": 0.9999662637710571}, "1": {"x": 0.5699068307876587, "y": 0.48363199830055237, "z": -0.12919774651527405, "vis": 0.9998664855957031}, "2": {"x": 0.5711864829063416, "y": 0.4837173819541931, "z": -0.12921647727489471, "vis": 0.9998003840446472}, "3": {"x": 0.5723228454589844, "y": 0.48370614647865295, "z": -0.12924574315547943, "vis": 0.9997246861457825}, "4": {"x": 0.5655776262283325, "y": 0.4825913906097412, "z": -0.13870321214199066, "vis": 0.9999175071716309}, "5": {"x": 0.5639786720275879, "y": 0.48205453157424927, "z": -0.13868260383605957, "vis": 0.9999042749404907}, "6": {"x": 0.5625061392784119, "y": 0.4815683662891388, "z": -0.13869555294513702, "vis": 0.9999191761016846}, "7": {"x": 0.5711158514022827, "y": 0.48321130871772766, "z": -0.058545224368572235, "vis": 0.9995560050010681}, "8": {"x": 0.5604183673858643, "y": 0.481453001499176, "z": -0.09968537092208862, "vis": 0.9999538660049438}, "9": {"x": 0.5681110620498657, "y": 0.49939924478530884, "z": -0.1153605654835701, "vis": 0.9997581839561462}, "10": {"x": 0.5637120604515076, "y": 0.49802273511886597, "z": -0.12723307311534882, "vis": 0.9999243021011353}, "11": {"x": 0.5640637278556824, "y": 0.5263044238090515, "z": 0.032440654933452606, "vis": 0.9991563558578491}, "12": {"x": 0.5520864725112915, "y": 0.5322102308273315, "z": -0.10674867779016495, "vis": 0.9999368190765381}, "13": {"x": 0.5649198293685913, "y": 0.6008301377296448, "z": 0.06973378360271454, "vis": 0.10908584296703339}, "14": {"x": 0.5456883907318115, "y": 0.6113243103027344, "z": -0.12523934245109558, "vis": 0.9976790547370911}, "15": {"x": 0.575047492980957, "y": 0.6014460325241089, "z": 0.031599584966897964, "vis": 0.3666830062866211}, "16": {"x": 0.5646415948867798, "y": 0.6566087603569031, "z": -0.1410977691411972, "vis": 0.990023672580719}, "17": {"x": 0.5807146430015564, "y": 0.5999224781990051, "z": 0.026336710900068283, "vis": 0.36859411001205444}, "18": {"x": 0.5683969259262085, "y": 0.6686292886734009, "z": -0.15745797753334045, "vis": 0.972700297832489}, "19": {"x": 0.5826824307441711, "y": 0.5934157967567444, "z": 0.01809798553586006, "vis": 0.37546196579933167}, "20": {"x": 0.5718922019004822, "y": 0.6584750413894653, "z": -0.15907643735408783, "vis": 0.9717221260070801}, "21": {"x": 0.5802830457687378, "y": 0.593411386013031, "z": 0.026254920288920403, "vis": 0.3292205333709717}, "22": {"x": 0.5709255933761597, "y": 0.6527699828147888, "z": -0.14090043306350708, "vis": 0.9551899433135986}, "23": {"x": 0.5512839555740356, "y": 0.6717047691345215, "z": 0.040234483778476715, "vis": 0.999297022819519}, "24": {"x": 0.5392035841941833, "y": 0.6709181666374207, "z": -0.04017481952905655, "vis": 0.9986072182655334}, "25": {"x": 0.5739838480949402, "y": 0.7304239273071289, "z": -0.05553647130727768, "vis": 0.9389744400978088}, "26": {"x": 0.5504850149154663, "y": 0.7494551539421082, "z": -0.08010707795619965, "vis": 0.9729225039482117}, "27": {"x": 0.57057124376297, "y": 0.8406200408935547, "z": -0.04082641378045082, "vis": 0.9063571095466614}, "28": {"x": 0.5385289788246155, "y": 0.8554666042327881, "z": -0.01973974145948887, "vis": 0.9023187160491943}, "29": {"x": 0.564037561416626, "y": 0.859591007232666, "z": -0.04239930212497711, "vis": 0.8313966989517212}, "30": {"x": 0.5321376919746399, "y": 0.8721068501472473, "z": -0.015786323696374893, "vis": 0.7357322573661804}, "31": {"x": 0.5835075974464417, "y": 0.8781160116195679, "z": -0.08761478960514069, "vis": 0.9070177674293518}, "32": {"x": 0.551166296005249, "y": 0.8825350999832153, "z": -0.05988068878650665, "vis": 0.8847818374633789}, "meta": {"r_elbow_deg": 152.66536174165108, "r_knee_deg": 165.3910119608906, "trunk_deg": 118.97671764175031, "bat_tilt_deg": 255.27760740172138, "x_factor_deg": 22.231881078719574, "shot_type": "Cut/Pull"}}