{"0": {"x": 0.31452929973602295, "y": 0.3494228422641754, "z": 0.07203071564435959, "vis": 0.99989914894104}, "1": {"x": 0.3122069537639618, "y": 0.33975210785865784, "z": 0.05107658728957176, "vis": 0.9999091625213623}, "2": {"x": 0.31057894229888916, "y": 0.34044888615608215, "z": 0.05110511928796768, "vis": 0.9999004602432251}, "3": {"x": 0.308672696352005, "y": 0.3416028320789337, "z": 0.05107802897691727, "vis": 0.9998989105224609}, "4": {"x": 0.316623717546463, "y": 0.3401644229888916, "z": 0.05183970555663109, "vis": 0.999920129776001}, "5": {"x": 0.3180732727050781, "y": 0.34092429280281067, "z": 0.05185389891266823, "vis": 0.9999139308929443}, "6": {"x": 0.3197254538536072, "y": 0.3418073356151581, "z": 0.051859937608242035, "vis": 0.9999247789382935}, "7": {"x": 0.30568790435791016, "y": 0.35360509157180786, "z": -0.01446517277508974, "vis": 0.9998760223388672}, "8": {"x": 0.3240582346916199, "y": 0.35221537947654724, "z": -0.010863004252314568, "vis": 0.9999048709869385}, "9": {"x": 0.31179606914520264, "y": 0.3606114983558655, "z": 0.05385913699865341, "vis": 0.9996798038482666}, "10": {"x": 0.31697311997413635, "y": 0.3596624732017517, "z": 0.05487601086497307, "vis": 0.9997150301933289}, "11": {"x": 0.28380656242370605, "y": 0.4339882433414459, "z": -0.03341253474354744, "vis": 0.999450147151947}, "12": {"x": 0.34749966859817505, "y": 0.4296579360961914, "z": -0.030718445777893066, "vis": 0.9993317723274231}, "13": {"x": 0.27040261030197144, "y": 0.533689558506012, "z": 0.04632909968495369, "vis": 0.900131106376648}, "14": {"x": 0.3611781895160675, "y": 0.5391271114349365, "z": 0.02618267387151718, "vis": 0.972507655620575}, "15": {"x": 0.29063183069229126, "y": 0.5052517652511597, "z": 0.1720273345708847, "vis": 0.08219973742961884}, "16": {"x": 0.35722339153289795, "y": 0.5252014398574829, "z": 0.13176856935024261, "vis": 0.27842676639556885}, "17": {"x": 0.290865033864975, "y": 0.50062495470047, "z": 0.19161361455917358, "vis": 0.06408347934484482}, "18": {"x": 0.35642558336257935, "y": 0.5254459381103516, "z": 0.15084922313690186, "vis": 0.206206277012825}, "19": {"x": 0.29841670393943787, "y": 0.48849689960479736, "z": 0.19133344292640686, "vis": 0.0662677213549614}, "20": {"x": 0.35253435373306274, "y": 0.5167249441146851, "z": 0.15337388217449188, "vis": 0.20468242466449738}, "21": {"x": 0.298687607049942, "y": 0.49162930250167847, "z": 0.17601747810840607, "vis": 0.0701179951429367}, "22": {"x": 0.3516559898853302, "y": 0.5106284618377686, "z": 0.1368178129196167, "vis": 0.19090858101844788}, "23": {"x": 0.30251002311706543, "y": 0.6469188928604126, "z": -0.01215488463640213, "vis": 0.9992945194244385}, "24": {"x": 0.33960461616516113, "y": 0.6422046422958374, "z": 0.012085992842912674, "vis": 0.9988917708396912}, "25": {"x": 0.30900678038597107, "y": 0.7918546795845032, "z": 0.04136323183774948, "vis": 0.9852184653282166}, "26": {"x": 0.33714091777801514, "y": 0.7919294834136963, "z": 0.07553929090499878, "vis": 0.9662838578224182}, "27": {"x": 0.3230198323726654, "y": 0.9247421622276306, "z": 0.001473146490752697, "vis": 0.9876977801322937}, "28": {"x": 0.33232417702674866, "y": 0.9184450507164001, "z": 0.04012784734368324, "vis": 0.9745131134986877}, "29": {"x": 0.32645368576049805, "y": 0.9425268173217773, "z": -0.0012326871510595083, "vis": 0.9917688369750977}, "30": {"x": 0.33577144145965576, "y": 0.9349326491355896, "z": 0.03821654990315437, "vis": 0.9669796228408813}, "31": {"x": 0.3186061382293701, "y": 0.974273145198822, "z": -0.00037406920455396175, "vis": 0.949211061000824}, "32": {"x": 0.3253486156463623, "y": 0.961514949798584, "z": 0.04302588850259781, "vis": 0.9147327542304993}, "meta": {"r_elbow_deg": 8.731818643293765, "r_knee_deg": 178.76237783038323, "trunk_deg": 82.61399184152408, "bat_tilt_deg": 182.89883684173574, "x_factor_deg": 3.368876907607415, "shot_type": "Cut/Pull"}}