{"0": {"x": 0.30975988507270813, "y": 0.3634029030799866, "z": 0.05411197617650032, "vis": 0.9997630715370178}, "1": {"x": 0.30710211396217346, "y": 0.357305645942688, "z": 0.03804568573832512, "vis": 0.9997453093528748}, "2": {"x": 0.3055106997489929, "y": 0.3582715690135956, "z": 0.03805328905582428, "vis": 0.9997346997261047}, "3": {"x": 0.30374789237976074, "y": 0.35946521162986755, "z": 0.03802887350320816, "vis": 0.9997275471687317}, "4": {"x": 0.3115224242210388, "y": 0.3569081425666809, "z": 0.03638644888997078, "vis": 0.9997596144676208}, "5": {"x": 0.31303125619888306, "y": 0.3576759994029999, "z": 0.036392927169799805, "vis": 0.9997255206108093}, "6": {"x": 0.31473371386528015, "y": 0.35862866044044495, "z": 0.03638868033885956, "vis": 0.9997454285621643}, "7": {"x": 0.30182841420173645, "y": 0.3691735565662384, "z": -0.01847204752266407, "vis": 0.9996602535247803}, "8": {"x": 0.3193988800048828, "y": 0.3692980110645294, "z": -0.02656138874590397, "vis": 0.9997791647911072}, "9": {"x": 0.3076693117618561, "y": 0.3733866810798645, "z": 0.03715052455663681, "vis": 0.9996115565299988}, "10": {"x": 0.3124861419200897, "y": 0.3729854226112366, "z": 0.03502749651670456, "vis": 0.9996273517608643}, "11": {"x": 0.2801247835159302, "y": 0.44872844219207764, "z": -0.01757403090596199, "vis": 0.9991675615310669}, "12": {"x": 0.3396068811416626, "y": 0.45051509141921997, "z": -0.06203335523605347, "vis": 0.9992515444755554}, "13": {"x": 0.303243488073349, "y": 0.5539878606796265, "z": 0.0017977082170546055, "vis": 0.35033300518989563}, "14": {"x": 0.3458547592163086, "y": 0.5432732105255127, "z": -0.0439453087747097, "vis": 0.8079254031181335}, "15": {"x": 0.330165296792984, "y": 0.5683942437171936, "z": 0.027257107198238373, "vis": 0.08408797532320023}, "16": {"x": 0.3583737015724182, "y": 0.5608487129211426, "z": 0.019738372415304184, "vis": 0.16024623811244965}, "17": {"x": 0.3353460133075714, "y": 0.5705547332763672, "z": 0.03272778168320656, "vis": 0.095002681016922}, "18": {"x": 0.3630320727825165, "y": 0.5573276877403259, "z": 0.025775805115699768, "vis": 0.15021651983261108}, "19": {"x": 0.34023457765579224, "y": 0.5598680973052979, "z": 0.027394769713282585, "vis": 0.09660089761018753}, "20": {"x": 0.3606952130794525, "y": 0.5512352585792542, "z": 0.02892916649580002, "vis": 0.14748211205005646}, "21": {"x": 0.3400271236896515, "y": 0.5594823956489563, "z": 0.025715120136737823, "vis": 0.08936257660388947}, "22": {"x": 0.3579157292842865, "y": 0.5513467788696289, "z": 0.022167550399899483, "vis": 0.14173924922943115}, "23": {"x": 0.2958269715309143, "y": 0.6654717326164246, "z": 0.018851200118660927, "vis": 0.9994398951530457}, "24": {"x": 0.3238823711872101, "y": 0.6615480184555054, "z": -0.0190137829631567, "vis": 0.9992372989654541}, "25": {"x": 0.29086413979530334, "y": 0.7986557483673096, "z": 0.12192913889884949, "vis": 0.9648983478546143}, "26": {"x": 0.32349348068237305, "y": 0.80841064453125, "z": 0.055009711533784866, "vis": 0.9841220378875732}, "27": {"x": 0.3076770603656769, "y": 0.8964849710464478, "z": 0.0424225851893425, "vis": 0.9909920692443848}, "28": {"x": 0.312095046043396, "y": 0.9101035594940186, "z": -0.020273152738809586, "vis": 0.9951263666152954}, "29": {"x": 0.3125505745410919, "y": 0.9071201086044312, "z": 0.033632293343544006, "vis": 0.9929304122924805}, "30": {"x": 0.3151116967201233, "y": 0.9219456911087036, "z": -0.026373961940407753, "vis": 0.9920585751533508}, "31": {"x": 0.3033309280872345, "y": 0.9571132063865662, "z": 0.00823467317968607, "vis": 0.9674032330513}, "32": {"x": 0.3011302947998047, "y": 0.9683878421783447, "z": -0.04590737074613571, "vis": 0.9752845764160156}}