{"0": {"x": 0.11164358258247375, "y": 0.29677891731262207, "z": 0.03754269704222679, "vis": 0.9992859959602356}, "1": {"x": 0.11117703467607498, "y": 0.28190356492996216, "z": 0.017209559679031372, "vis": 0.9993057250976562}, "2": {"x": 0.11067284643650055, "y": 0.2822819948196411, "z": 0.017206713557243347, "vis": 0.9992232322692871}, "3": {"x": 0.11004238575696945, "y": 0.28288474678993225, "z": 0.01722230203449726, "vis": 0.999211311340332}, "4": {"x": 0.11229972541332245, "y": 0.2822769582271576, "z": 0.016125772148370743, "vis": 0.9994001388549805}, "5": {"x": 0.11252714693546295, "y": 0.28299275040626526, "z": 0.01615085080265999, "vis": 0.999289870262146}, "6": {"x": 0.11294635385274887, "y": 0.2839970290660858, "z": 0.016128208488225937, "vis": 0.9993627667427063}, "7": {"x": 0.10806415975093842, "y": 0.29367154836654663, "z": -0.032861143350601196, "vis": 0.9992766976356506}, "8": {"x": 0.12019404023885727, "y": 0.2979082763195038, "z": -0.037186577916145325, "vis": 0.9990696310997009}, "9": {"x": 0.11177876591682434, "y": 0.3125017583370209, "z": 0.02605518139898777, "vis": 0.9986944794654846}, "10": {"x": 0.11400524526834488, "y": 0.3144114911556244, "z": 0.02511020377278328, "vis": 0.9989362359046936}, "11": {"x": 0.06476907432079315, "y": 0.3923044204711914, "z": -0.02722165547311306, "vis": 0.998583197593689}, "12": {"x": 0.14762789011001587, "y": 0.40677931904792786, "z": -0.05207790061831474, "vis": 0.9992497563362122}, "13": {"x": 0.03562318533658981, "y": 0.524429440498352, "z": 0.03679798170924187, "vis": 0.8793811202049255}, "14": {"x": 0.16533896327018738, "y": 0.523321807384491, "z": 0.015789417549967766, "vis": 0.9218199849128723}, "15": {"x": 0.06668441742658615, "y": 0.5404362678527832, "z": 0.14941473305225372, "vis": 0.13280129432678223}, "16": {"x": 0.15337060391902924, "y": 0.4325607419013977, "z": 0.1542912721633911, "vis": 0.24891996383666992}, "17": {"x": 0.07275223731994629, "y": 0.5475466251373291, "z": 0.16728092730045319, "vis": 0.10215390473604202}, "18": {"x": 0.15358033776283264, "y": 0.39998552203178406, "z": 0.17899253964424133, "vis": 0.19929994642734528}, "19": {"x": 0.07819284498691559, "y": 0.5376388430595398, "z": 0.1666765958070755, "vis": 0.09817676246166229}, "20": {"x": 0.14817850291728973, "y": 0.38500767946243286, "z": 0.1776829957962036, "vis": 0.19140227138996124}, "21": {"x": 0.07687447220087051, "y": 0.5362929105758667, "z": 0.15323522686958313, "vis": 0.10064529627561569}, "22": {"x": 0.14624451100826263, "y": 0.4069007635116577, "z": 0.15881387889385223, "vis": 0.18449291586875916}, "23": {"x": 0.07407782226800919, "y": 0.6595287919044495, "z": 0.0258121807128191, "vis": 0.9909080266952515}, "24": {"x": 0.11706121265888214, "y": 0.6712595224380493, "z": -0.025848034769296646, "vis": 0.9973255395889282}, "25": {"x": 0.08389046043157578, "y": 0.8090972900390625, "z": 0.14503416419029236, "vis": 0.6448259949684143}, "26": {"x": 0.11168820410966873, "y": 0.8565859198570251, "z": -0.016994597390294075, "vis": 0.9370256662368774}, "27": {"x": 0.06729120016098022, "y": 0.9314826130867004, "z": 0.2182660847902298, "vis": 0.7431331276893616}, "28": {"x": 0.08852358907461166, "y": 1.0324654579162598, "z": -0.03290397673845291, "vis": 0.8938104510307312}, "29": {"x": 0.059905100613832474, "y": 0.9444717168807983, "z": 0.2241973727941513, "vis": 0.728577196598053}, "30": {"x": 0.07693949341773987, "y": 1.0647404193878174, "z": -0.03479251265525818, "vis": 0.8888960480690002}, "31": {"x": 0.07529383897781372, "y": 0.9729689955711365, "z": 0.2339727282524109, "vis": 0.6060451865196228}, "32": {"x": 0.0889771357178688, "y": 1.0162343978881836, "z": -0.04924917593598366, "vis": 0.7714440822601318}, "meta": {"r_elbow_deg": 1.1291142525595537, "r_knee_deg": 174.15757684948522, "trunk_deg": 92.86616282007577, "bat_tilt_deg": 40.131498556434536, "x_factor_deg": 5.15389271806464, "shot_type": "Other"}}