{"0": {"x": 0.27530020475387573, "y": 0.3849397897720337, "z": -0.0663858950138092, "vis": 0.9998953342437744}, "1": {"x": 0.2791185975074768, "y": 0.3717218041419983, "z": -0.06389600783586502, "vis": 0.999864935874939}, "2": {"x": 0.2817753255367279, "y": 0.37107157707214355, "z": -0.06392945349216461, "vis": 0.9998819828033447}, "3": {"x": 0.2844686508178711, "y": 0.3704104423522949, "z": -0.06400585174560547, "vis": 0.9998667240142822}, "4": {"x": 0.27342939376831055, "y": 0.37258630990982056, "z": -0.054348673671483994, "vis": 0.9998946189880371}, "5": {"x": 0.2721785306930542, "y": 0.3724348843097687, "z": -0.054309189319610596, "vis": 0.9998706579208374}, "6": {"x": 0.27109742164611816, "y": 0.3722080886363983, "z": -0.05432227626442909, "vis": 0.999884843826294}, "7": {"x": 0.2909199595451355, "y": 0.3734515607357025, "z": -0.024126050993800163, "vis": 0.9999020099639893}, "8": {"x": 0.27396729588508606, "y": 0.37552008032798767, "z": 0.01911965012550354, "vis": 0.9998132586479187}, "9": {"x": 0.28193390369415283, "y": 0.3982152044773102, "z": -0.04933743551373482, "vis": 0.999659538269043}, "10": {"x": 0.2752523422241211, "y": 0.3997148871421814, "z": -0.037030354142189026, "vis": 0.9997014403343201}, "11": {"x": 0.3151299059391022, "y": 0.43738266825675964, "z": -0.024691548198461533, "vis": 0.9993904829025269}, "12": {"x": 0.269726425409317, "y": 0.45625972747802734, "z": 0.07371312379837036, "vis": 0.9993867874145508}, "13": {"x": 0.2942609190940857, "y": 0.5256890058517456, "z": -0.017685219645500183, "vis": 0.9317783117294312}, "14": {"x": 0.258781373500824, "y": 0.5617995262145996, "z": 0.011219199746847153, "vis": 0.732344388961792}, "15": {"x": 0.27989718317985535, "y": 0.4392006993293762, "z": 0.03335374593734741, "vis": 0.8325067758560181}, "16": {"x": 0.2849961817264557, "y": 0.5179281830787659, "z": -0.09910670667886734, "vis": 0.7493389844894409}, "17": {"x": 0.2774752378463745, "y": 0.4177420139312744, "z": 0.032289691269397736, "vis": 0.7797902226448059}, "18": {"x": 0.29567715525627136, "y": 0.5085793733596802, "z": -0.11950931698083878, "vis": 0.6370240449905396}, "19": {"x": 0.2814384698867798, "y": 0.4070899784564972, "z": 0.02828085608780384, "vis": 0.7708222270011902}, "20": {"x": 0.2956148087978363, "y": 0.49904483556747437, "z": -0.10790660232305527, "vis": 0.6093297004699707}, "21": {"x": 0.282774955034256, "y": 0.41862937808036804, "z": 0.03421865776181221, "vis": 0.7367845177650452}, "22": {"x": 0.29276716709136963, "y": 0.49909508228302, "z": -0.0975998193025589, "vis": 0.5608624219894409}, "23": {"x": 0.30942314863204956, "y": 0.6336917281150818, "z": -0.04119290038943291, "vis": 0.9993470311164856}, "24": {"x": 0.2816052734851837, "y": 0.6369532942771912, "z": 0.04127148538827896, "vis": 0.9991901516914368}, "25": {"x": 0.3032529056072235, "y": 0.7848189473152161, "z": -0.07810567319393158, "vis": 0.9661473035812378}, "26": {"x": 0.28524619340896606, "y": 0.7842369079589844, "z": 0.028700919821858406, "vis": 0.7150972485542297}, "27": {"x": 0.3044064939022064, "y": 0.9346350431442261, "z": -0.06489118933677673, "vis": 0.9664078950881958}, "28": {"x": 0.2996598780155182, "y": 0.9238402247428894, "z": 0.05006713047623634, "vis": 0.8450254201889038}, "29": {"x": 0.3088318705558777, "y": 0.9625604152679443, "z": -0.06667157262563705, "vis": 0.8415005803108215}, "30": {"x": 0.3050180673599243, "y": 0.9486484527587891, "z": 0.04894879832863808, "vis": 0.719743013381958}, "31": {"x": 0.2838307321071625, "y": 0.9663940668106079, "z": -0.13207125663757324, "vis": 0.958406925201416}, "32": {"x": 0.27233898639678955, "y": 0.9604118466377258, "z": -0.002322548069059849, "vis": 0.8581683039665222}, "meta": {"r_elbow_deg": 24.93921524625633, "r_knee_deg": 175.52133461558293, "trunk_deg": 107.37922111558018, "bat_tilt_deg": 173.41872401140307, "x_factor_deg": 15.035795639817831, "shot_type": "Cut/Pull"}}