{"0": {"x": 0.27746888995170593, "y": 0.38338232040405273, "z": -0.08253885060548782, "vis": 0.9998225569725037}, "1": {"x": 0.28134045004844666, "y": 0.37168973684310913, "z": -0.07967795431613922, "vis": 0.9997413754463196}, "2": {"x": 0.283825159072876, "y": 0.37129560112953186, "z": -0.07971309125423431, "vis": 0.9997804760932922}, "3": {"x": 0.2864079475402832, "y": 0.3708350658416748, "z": -0.07977458089590073, "vis": 0.9997430443763733}, "4": {"x": 0.27577322721481323, "y": 0.3717714250087738, "z": -0.07023698091506958, "vis": 0.999783456325531}, "5": {"x": 0.2745702266693115, "y": 0.3714436888694763, "z": -0.07021119445562363, "vis": 0.9997356534004211}, "6": {"x": 0.27347829937934875, "y": 0.3711017668247223, "z": -0.07023417949676514, "vis": 0.9997404217720032}, "7": {"x": 0.2928948998451233, "y": 0.3736630976200104, "z": -0.037720076739788055, "vis": 0.9997881054878235}, "8": {"x": 0.276205450296402, "y": 0.374099463224411, "z": 0.0045803142711520195, "vis": 0.9994997978210449}, "9": {"x": 0.2838995158672333, "y": 0.39727872610092163, "z": -0.06483639031648636, "vis": 0.9993749260902405}, "10": {"x": 0.27736738324165344, "y": 0.39788106083869934, "z": -0.05282023176550865, "vis": 0.9993829727172852}, "11": {"x": 0.3153288662433624, "y": 0.4393085539340973, "z": -0.04002044349908829, "vis": 0.9991500377655029}, "12": {"x": 0.270504355430603, "y": 0.4517861604690552, "z": 0.06235935911536217, "vis": 0.9989894032478333}, "13": {"x": 0.29178544878959656, "y": 0.5238314270973206, "z": -0.03618837893009186, "vis": 0.9467573165893555}, "14": {"x": 0.25915637612342834, "y": 0.5581488013267517, "z": -0.003948819823563099, "vis": 0.68962162733078}, "15": {"x": 0.28073397278785706, "y": 0.431472510099411, "z": 0.008709111250936985, "vis": 0.8954999446868896}, "16": {"x": 0.2822014093399048, "y": 0.5130085349082947, "z": -0.12261799722909927, "vis": 0.7345780730247498}, "17": {"x": 0.27902838587760925, "y": 0.4081384539604187, "z": 0.006809850223362446, "vis": 0.8543139696121216}, "18": {"x": 0.2900352478027344, "y": 0.502882719039917, "z": -0.14295732975006104, "vis": 0.6317192316055298}, "19": {"x": 0.28234368562698364, "y": 0.39987432956695557, "z": 0.002458983100950718, "vis": 0.8494527339935303}, "20": {"x": 0.28982704877853394, "y": 0.49381545186042786, "z": -0.13239362835884094, "vis": 0.6043872833251953}, "21": {"x": 0.28375327587127686, "y": 0.41141778230667114, "z": 0.009405292570590973, "vis": 0.8213820457458496}, "22": {"x": 0.28750813007354736, "y": 0.4938168525695801, "z": -0.12169419974088669, "vis": 0.5595188140869141}, "23": {"x": 0.3097013533115387, "y": 0.6356764435768127, "z": -0.041695185005664825, "vis": 0.9991798996925354}, "24": {"x": 0.2810819149017334, "y": 0.6373659372329712, "z": 0.041735898703336716, "vis": 0.9989438652992249}, "25": {"x": 0.30317389965057373, "y": 0.7798984050750732, "z": -0.07852571457624435, "vis": 0.9595745205879211}, "26": {"x": 0.28548523783683777, "y": 0.7796052694320679, "z": 0.034972477704286575, "vis": 0.6748290061950684}, "27": {"x": 0.30417731404304504, "y": 0.9312711358070374, "z": -0.06451231986284256, "vis": 0.9665065407752991}, "28": {"x": 0.29910555481910706, "y": 0.9211116433143616, "z": 0.06266775727272034, "vis": 0.8336604833602905}, "29": {"x": 0.3089756667613983, "y": 0.9587705135345459, "z": -0.06632602214813232, "vis": 0.854985773563385}, "30": {"x": 0.30470791459083557, "y": 0.9450868964195251, "z": 0.06190802901983261, "vis": 0.712499737739563}, "31": {"x": 0.28707635402679443, "y": 0.9678853154182434, "z": -0.1319258213043213, "vis": 0.9633965492248535}, "32": {"x": 0.2734421193599701, "y": 0.96108078956604, "z": 0.011108028702437878, "vis": 0.8648993968963623}}