{"0": {"x": 0.4503844976425171, "y": 0.29947465658187866, "z": 0.2515098750591278, "vis": 0.9997143149375916}, "1": {"x": 0.4475846290588379, "y": 0.29120656847953796, "z": 0.24010159075260162, "vis": 0.9997311234474182}, "2": {"x": 0.4462427794933319, "y": 0.29121118783950806, "z": 0.24011626839637756, "vis": 0.9996592998504639}, "3": {"x": 0.4447961449623108, "y": 0.2914530336856842, "z": 0.24009452760219574, "vis": 0.9997666478157043}, "4": {"x": 0.45140907168388367, "y": 0.29024067521095276, "z": 0.23711790144443512, "vis": 0.9997335076332092}, "5": {"x": 0.45289474725723267, "y": 0.28954771161079407, "z": 0.23708447813987732, "vis": 0.9997321963310242}, "6": {"x": 0.4544585049152374, "y": 0.28905612230300903, "z": 0.2370082437992096, "vis": 0.9998056292533875}, "7": {"x": 0.4430626332759857, "y": 0.29481515288352966, "z": 0.18303684890270233, "vis": 0.9994372725486755}, "8": {"x": 0.4578680098056793, "y": 0.29264718294143677, "z": 0.16943855583667755, "vis": 0.9996742010116577}, "9": {"x": 0.4494757652282715, "y": 0.3060261607170105, "z": 0.23359735310077667, "vis": 0.9989905953407288}, "10": {"x": 0.4534072279930115, "y": 0.3046623766422272, "z": 0.22930121421813965, "vis": 0.9988929629325867}, "11": {"x": 0.43492788076400757, "y": 0.3499312698841095, "z": 0.16724523901939392, "vis": 0.9992088675498962}, "12": {"x": 0.47951629757881165, "y": 0.32811254262924194, "z": 0.10623545944690704, "vis": 0.9998608827590942}, "13": {"x": 0.45002514123916626, "y": 0.40657058358192444, "z": 0.23829880356788635, "vis": 0.2707242965698242}, "14": {"x": 0.500947117805481, "y": 0.3401322066783905, "z": 0.1683787852525711, "vis": 0.9460662007331848}, "15": {"x": 0.46663498878479004, "y": 0.4209137558937073, "z": 0.34872254729270935, "vis": 0.23897822201251984}, "16": {"x": 0.49979686737060547, "y": 0.27804845571517944, "z": 0.3128076493740082, "vis": 0.7757193446159363}, "17": {"x": 0.46979188919067383, "y": 0.4160861670970917, "z": 0.3772873878479004, "vis": 0.282780259847641}, "18": {"x": 0.4926351010799408, "y": 0.2536604404449463, "z": 0.33813393115997314, "vis": 0.717154860496521}, "19": {"x": 0.474532812833786, "y": 0.41587910056114197, "z": 0.37316441535949707, "vis": 0.29268231987953186}, "20": {"x": 0.4891524314880371, "y": 0.2600919306278229, "z": 0.3394872844219208, "vis": 0.6996769309043884}, "21": {"x": 0.47409507632255554, "y": 0.4186864197254181, "z": 0.35118669271469116, "vis": 0.2587534189224243}, "22": {"x": 0.49358275532722473, "y": 0.27021315693855286, "z": 0.31776443123817444, "vis": 0.6677460074424744}, "23": {"x": 0.4464409351348877, "y": 0.48732346296310425, "z": 0.016855385154485703, "vis": 0.9999533891677856}, "24": {"x": 0.4752079248428345, "y": 0.4840341806411743, "z": -0.017283841967582703, "vis": 0.9999505281448364}, "25": {"x": 0.44194522500038147, "y": 0.5990380644798279, "z": 0.04438318312168121, "vis": 0.9935139417648315}, "26": {"x": 0.47872859239578247, "y": 0.6007288694381714, "z": -0.04809217527508736, "vis": 0.9913215041160583}, "27": {"x": 0.4336298704147339, "y": 0.7109756469726562, "z": -0.12004486471414566, "vis": 0.9925974607467651}, "28": {"x": 0.47691577672958374, "y": 0.7134416103363037, "z": -0.2355125993490219, "vis": 0.9904826879501343}, "29": {"x": 0.4331284463405609, "y": 0.7269511818885803, "z": -0.13865505158901215, "vis": 0.9958187937736511}, "30": {"x": 0.4728279411792755, "y": 0.7308262586593628, "z": -0.25459763407707214, "vis": 0.9932578802108765}, "31": {"x": 0.42954742908477783, "y": 0.7465142607688904, "z": -0.16299623250961304, "vis": 0.9617658257484436}, "32": {"x": 0.47716978192329407, "y": 0.7503906488418579, "z": -0.28814247250556946, "vis": 0.9683024883270264}}