{"0": {"x": 0.32096391916275024, "y": 0.5243960618972778, "z": 0.33289235830307007, "vis": 0.9373948574066162}, "1": {"x": 0.31725916266441345, "y": 0.5153919458389282, "z": 0.3302299678325653, "vis": 0.9218191504478455}, "2": {"x": 0.31596025824546814, "y": 0.5144428014755249, "z": 0.33030471205711365, "vis": 0.9223117232322693}, "3": {"x": 0.3143700957298279, "y": 0.5129152536392212, "z": 0.3303263783454895, "vis": 0.9244354963302612}, "4": {"x": 0.32129061222076416, "y": 0.5163357853889465, "z": 0.3383439779281616, "vis": 0.9602933526039124}, "5": {"x": 0.322417676448822, "y": 0.5143334269523621, "z": 0.3383510112762451, "vis": 0.9557772874832153}, "6": {"x": 0.3242523670196533, "y": 0.5106292963027954, "z": 0.3382706642150879, "vis": 0.9544470906257629}, "7": {"x": 0.3121412992477417, "y": 0.4988144338130951, "z": 0.2843911945819855, "vis": 0.9155852198600769}, "8": {"x": 0.3266896605491638, "y": 0.4990714490413666, "z": 0.32103946805000305, "vis": 0.9568465948104858}, "9": {"x": 0.32166236639022827, "y": 0.5224698781967163, "z": 0.3141747713088989, "vis": 0.855199933052063}, "10": {"x": 0.32586869597435, "y": 0.522896409034729, "z": 0.3248918354511261, "vis": 0.9277908802032471}, "11": {"x": 0.30537542700767517, "y": 0.5022162199020386, "z": 0.15439003705978394, "vis": 0.99991774559021}, "12": {"x": 0.358835369348526, "y": 0.5062772035598755, "z": 0.3019006848335266, "vis": 0.9965482354164124}, "13": {"x": 0.26039308309555054, "y": 0.46273159980773926, "z": 0.08807675540447235, "vis": 0.9603136777877808}, "14": {"x": 0.3706997334957123, "y": 0.584471583366394, "z": 0.34273168444633484, "vis": 0.009236996062099934}, "15": {"x": 0.21229135990142822, "y": 0.42371559143066406, "z": 0.10872171819210052, "vis": 0.9530947208404541}, "16": {"x": 0.37066587805747986, "y": 0.6496956944465637, "z": 0.3979025185108185, "vis": 0.006071502808481455}, "17": {"x": 0.20172391831874847, "y": 0.41161125898361206, "z": 0.0876045823097229, "vis": 0.9474610686302185}, "18": {"x": 0.37451043725013733, "y": 0.659690260887146, "z": 0.414519339799881, "vis": 0.009210353717207909}, "19": {"x": 0.20289835333824158, "y": 0.40167611837387085, "z": 0.1086953729391098, "vis": 0.9316442608833313}, "20": {"x": 0.369228333234787, "y": 0.664562463760376, "z": 0.40703991055488586, "vis": 0.008202874101698399}, "21": {"x": 0.20722006261348724, "y": 0.40694788098335266, "z": 0.11503061652183533, "vis": 0.9044376611709595}, "22": {"x": 0.36574339866638184, "y": 0.6596325039863586, "z": 0.3966599702835083, "vis": 0.008681478910148144}, "23": {"x": 0.3644595742225647, "y": 0.6151872277259827, "z": -0.055113617330789566, "vis": 0.9999898672103882}, "24": {"x": 0.39631378650665283, "y": 0.6114750504493713, "z": 0.05495518818497658, "vis": 0.9999136924743652}, "25": {"x": 0.33731332421302795, "y": 0.7696186900138855, "z": -0.12069769948720932, "vis": 0.9779253005981445}, "26": {"x": 0.3830554783344269, "y": 0.7442627549171448, "z": 0.12164922803640366, "vis": 0.5425667762756348}, "27": {"x": 0.36022382974624634, "y": 0.9504057168960571, "z": -0.16222059726715088, "vis": 0.8957738876342773}, "28": {"x": 0.39027541875839233, "y": 0.8930409550666809, "z": 0.1604641079902649, "vis": 0.32596442103385925}, "29": {"x": 0.37077420949935913, "y": 0.9690690040588379, "z": -0.16516166925430298, "vis": 0.9142478704452515}, "30": {"x": 0.39719536900520325, "y": 0.9221821427345276, "z": 0.16240671277046204, "vis": 0.5015775561332703}, "31": {"x": 0.3397982716560364, "y": 1.004367470741272, "z": -0.19554051756858826, "vis": 0.7673029899597168}, "32": {"x": 0.36878809332847595, "y": 0.9148452281951904, "z": 0.14376288652420044, "vis": 0.29056498408317566}, "meta": {"r_elbow_deg": 171.3426279053619, "r_knee_deg": 171.51986641267118, "trunk_deg": 110.60257401078817, "bat_tilt_deg": 138.2652102763703, "x_factor_deg": 2.2769139405824035, "shot_type": "Cut/Pull"}}