{"0": {"x": 0.5678927302360535, "y": 0.4969125986099243, "z": -0.150602787733078, "vis": 0.9998798370361328}, "1": {"x": 0.5696364641189575, "y": 0.4856114983558655, "z": -0.13724781572818756, "vis": 0.999701201915741}, "2": {"x": 0.5705621838569641, "y": 0.48520949482917786, "z": -0.13727664947509766, "vis": 0.9996311664581299}, "3": {"x": 0.5715257525444031, "y": 0.48474544286727905, "z": -0.13732102513313293, "vis": 0.9995265007019043}, "4": {"x": 0.5669148564338684, "y": 0.4849153757095337, "z": -0.14617958664894104, "vis": 0.999785840511322}, "5": {"x": 0.5657885074615479, "y": 0.48409193754196167, "z": -0.146150603890419, "vis": 0.9997777342796326}, "6": {"x": 0.5646946430206299, "y": 0.483290433883667, "z": -0.14612817764282227, "vis": 0.9997808337211609}, "7": {"x": 0.5712572932243347, "y": 0.48374080657958984, "z": -0.06532003730535507, "vis": 0.999154806137085}, "8": {"x": 0.5632695555686951, "y": 0.48340144753456116, "z": -0.10397504270076752, "vis": 0.9998008608818054}, "9": {"x": 0.5690363645553589, "y": 0.5045133829116821, "z": -0.12254279851913452, "vis": 0.9991680383682251}, "10": {"x": 0.565995454788208, "y": 0.5031585693359375, "z": -0.13377094268798828, "vis": 0.9995710253715515}, "11": {"x": 0.5635197162628174, "y": 0.5190811157226562, "z": 0.02184261381626129, "vis": 0.9991047978401184}, "12": {"x": 0.5545622110366821, "y": 0.5336652994155884, "z": -0.10561935603618622, "vis": 0.9998281002044678}, "13": {"x": 0.5665145516395569, "y": 0.5867822170257568, "z": 0.08302585035562515, "vis": 0.3947240710258484}, "14": {"x": 0.5466666221618652, "y": 0.6116646528244019, "z": -0.11632094532251358, "vis": 0.9968355298042297}, "15": {"x": 0.5783032774925232, "y": 0.6040074229240417, "z": 0.06418343633413315, "vis": 0.5597216486930847}, "16": {"x": 0.5640363097190857, "y": 0.651532769203186, "z": -0.1349761039018631, "vis": 0.9869897961616516}, "17": {"x": 0.5839459896087646, "y": 0.6055989861488342, "z": 0.06067771837115288, "vis": 0.49993205070495605}, "18": {"x": 0.5696324110031128, "y": 0.6634204387664795, "z": -0.1515490561723709, "vis": 0.968248724937439}, "19": {"x": 0.5849398374557495, "y": 0.6017235517501831, "z": 0.045657429844141006, "vis": 0.5180367827415466}, "20": {"x": 0.5733041167259216, "y": 0.6509802937507629, "z": -0.15379396080970764, "vis": 0.9680317640304565}, "21": {"x": 0.5818576812744141, "y": 0.602078914642334, "z": 0.05642334744334221, "vis": 0.48217058181762695}, "22": {"x": 0.5713703632354736, "y": 0.647199809551239, "z": -0.1356588453054428, "vis": 0.9527497291564941}, "23": {"x": 0.5518853664398193, "y": 0.6622164845466614, "z": 0.04119783267378807, "vis": 0.9985982775688171}, "24": {"x": 0.5395427942276001, "y": 0.6663521528244019, "z": -0.041120745241642, "vis": 0.9978154897689819}, "25": {"x": 0.5735955238342285, "y": 0.7340553998947144, "z": -0.03511391952633858, "vis": 0.9079430103302002}, "26": {"x": 0.5477511286735535, "y": 0.7532180547714233, "z": -0.0801239088177681, "vis": 0.9834827184677124}, "27": {"x": 0.5663169026374817, "y": 0.8505298495292664, "z": -0.02646559663116932, "vis": 0.8819640874862671}, "28": {"x": 0.5381750464439392, "y": 0.8629925847053528, "z": -0.050201721489429474, "vis": 0.9622463583946228}, "29": {"x": 0.5612360835075378, "y": 0.8674616813659668, "z": -0.028848350048065186, "vis": 0.7582541108131409}, "30": {"x": 0.5314114689826965, "y": 0.8802738189697266, "z": -0.04947192966938019, "vis": 0.8176870942115784}, "31": {"x": 0.5838107466697693, "y": 0.8807052969932556, "z": -0.07440578192472458, "vis": 0.8838033676147461}, "32": {"x": 0.5496420860290527, "y": 0.888947069644928, "z": -0.10173196345567703, "vis": 0.9405102133750916}}