{"0": {"x": 0.4313541054725647, "y": 0.43501052260398865, "z": 0.08144066482782364, "vis": 0.9885624647140503}, "1": {"x": 0.42899948358535767, "y": 0.4259423017501831, "z": 0.07286140322685242, "vis": 0.9941734671592712}, "2": {"x": 0.42902135848999023, "y": 0.4248037040233612, "z": 0.07285773009061813, "vis": 0.9931082725524902}, "3": {"x": 0.4290977418422699, "y": 0.4237353205680847, "z": 0.07284300774335861, "vis": 0.9956303834915161}, "4": {"x": 0.4296138882637024, "y": 0.42687273025512695, "z": 0.08612484484910965, "vis": 0.9944513440132141}, "5": {"x": 0.43004074692726135, "y": 0.4262520372867584, "z": 0.08616804331541061, "vis": 0.9919064044952393}, "6": {"x": 0.4305317997932434, "y": 0.4256470203399658, "z": 0.08613110333681107, "vis": 0.9945551156997681}, "7": {"x": 0.4324955642223358, "y": 0.4167156219482422, "z": 0.043083954602479935, "vis": 0.9896976351737976}, "8": {"x": 0.4340680241584778, "y": 0.4182095527648926, "z": 0.10312464088201523, "vis": 0.9864270091056824}, "9": {"x": 0.43454277515411377, "y": 0.436246395111084, "z": 0.07125110924243927, "vis": 0.9781790375709534}, "10": {"x": 0.4353436529636383, "y": 0.43832606077194214, "z": 0.08869098126888275, "vis": 0.9627037644386292}, "11": {"x": 0.45536044239997864, "y": 0.4190298616886139, "z": -0.013231050223112106, "vis": 0.9999630451202393}, "12": {"x": 0.46370336413383484, "y": 0.43551358580589294, "z": 0.13223010301589966, "vis": 0.9976513981819153}, "13": {"x": 0.44624191522598267, "y": 0.4742874801158905, "z": -0.06538865715265274, "vis": 0.8221771717071533}, "14": {"x": 0.461801677942276, "y": 0.4956433176994324, "z": 0.09910894930362701, "vis": 0.01183731947094202}, "15": {"x": 0.42991548776626587, "y": 0.5074892640113831, "z": -0.07876994460821152, "vis": 0.569502592086792}, "16": {"x": 0.4579879641532898, "y": 0.5177032947540283, "z": 0.03368200734257698, "vis": 0.009293179027736187}, "17": {"x": 0.42589902877807617, "y": 0.5150309801101685, "z": -0.09143036603927612, "vis": 0.574018120765686}, "18": {"x": 0.458726704120636, "y": 0.5179611444473267, "z": 0.032747503370046616, "vis": 0.013433340936899185}, "19": {"x": 0.42599958181381226, "y": 0.5091331005096436, "z": -0.08306235074996948, "vis": 0.5542824864387512}, "20": {"x": 0.45573148131370544, "y": 0.5160139799118042, "z": 0.03075310029089451, "vis": 0.013000449165701866}, "21": {"x": 0.4282833933830261, "y": 0.5073797106742859, "z": -0.07488839328289032, "vis": 0.40779387950897217}, "22": {"x": 0.45528650283813477, "y": 0.5159223675727844, "z": 0.031015465036034584, "vis": 0.014632182195782661}, "23": {"x": 0.48306572437286377, "y": 0.5223637819290161, "z": -0.05034647136926651, "vis": 0.9997442364692688}, "24": {"x": 0.4883773624897003, "y": 0.5371168851852417, "z": 0.05012254789471626, "vis": 0.998698353767395}, "25": {"x": 0.45452356338500977, "y": 0.5885329246520996, "z": -0.08101396262645721, "vis": 0.9517197012901306}, "26": {"x": 0.463974267244339, "y": 0.6070523858070374, "z": 0.06330949068069458, "vis": 0.06805825978517532}, "27": {"x": 0.4742143750190735, "y": 0.6963544487953186, "z": -0.1365482062101364, "vis": 0.90478515625}, "28": {"x": 0.4753504693508148, "y": 0.698818027973175, "z": 0.028215967118740082, "vis": 0.12740497291088104}, "29": {"x": 0.4852006137371063, "y": 0.7024999856948853, "z": -0.14146313071250916, "vis": 0.9294953346252441}, "30": {"x": 0.4833921492099762, "y": 0.712490439414978, "z": 0.023634158074855804, "vis": 0.31699103116989136}, "31": {"x": 0.46396374702453613, "y": 0.7323760390281677, "z": -0.15610650181770325, "vis": 0.92122483253479}, "32": {"x": 0.4620058834552765, "y": 0.7293883562088013, "z": 0.009410804137587547, "vis": 0.21172669529914856}, "meta": {"r_elbow_deg": 172.00314709053202, "r_knee_deg": 153.69731033620192, "trunk_deg": 167.0551398355808, "bat_tilt_deg": 27.809829555460464, "x_factor_deg": 6.942148999150717, "shot_type": "Other"}}