{"0": {"x": 0.2716597616672516, "y": 0.3854168653488159, "z": 0.09795952588319778, "vis": 0.9930608868598938}, "1": {"x": 0.2717980742454529, "y": 0.3729816973209381, "z": 0.07331625372171402, "vis": 0.9921781420707703}, "2": {"x": 0.27127397060394287, "y": 0.3728931248188019, "z": 0.07331971824169159, "vis": 0.9929185509681702}, "3": {"x": 0.2706686854362488, "y": 0.3729349374771118, "z": 0.07328761368989944, "vis": 0.9920862317085266}, "4": {"x": 0.274649441242218, "y": 0.3718072772026062, "z": 0.08585675060749054, "vis": 0.9905506372451782}, "5": {"x": 0.2762725353240967, "y": 0.3709259331226349, "z": 0.08583123981952667, "vis": 0.9919044375419617}, "6": {"x": 0.2778794467449188, "y": 0.370305597782135, "z": 0.08575312793254852, "vis": 0.9923794269561768}, "7": {"x": 0.2740149199962616, "y": 0.3760930299758911, "z": -0.006600824184715748, "vis": 0.9859601259231567}, "8": {"x": 0.2852323651313782, "y": 0.3746716380119324, "z": 0.050168588757514954, "vis": 0.9898770451545715}, "9": {"x": 0.2721550762653351, "y": 0.3949838876724243, "z": 0.07408862560987473, "vis": 0.9847432374954224}, "10": {"x": 0.27545303106307983, "y": 0.3935863673686981, "z": 0.09014317393302917, "vis": 0.9849741458892822}, "11": {"x": 0.2641851305961609, "y": 0.43726980686187744, "z": -0.06752657145261765, "vis": 0.9988044500350952}, "12": {"x": 0.31930938363075256, "y": 0.43815210461616516, "z": 0.059226635843515396, "vis": 0.9972031116485596}, "13": {"x": 0.25765708088874817, "y": 0.538720965385437, "z": -0.04190137982368469, "vis": 0.7438762187957764}, "14": {"x": 0.3283197283744812, "y": 0.5175133347511292, "z": 0.11327333748340607, "vis": 0.5062482357025146}, "15": {"x": 0.2652721703052521, "y": 0.5579651594161987, "z": 0.03220926970243454, "vis": 0.13449545204639435}, "16": {"x": 0.31404826045036316, "y": 0.5330229997634888, "z": 0.18068447709083557, "vis": 0.06692419946193695}, "17": {"x": 0.26786819100379944, "y": 0.5629366040229797, "z": 0.03736650198698044, "vis": 0.15273846685886383}, "18": {"x": 0.31308218836784363, "y": 0.5350139737129211, "z": 0.19548402726650238, "vis": 0.07310760021209717}, "19": {"x": 0.27226582169532776, "y": 0.5542930364608765, "z": 0.03552490472793579, "vis": 0.15737004578113556}, "20": {"x": 0.30964311957359314, "y": 0.5290456414222717, "z": 0.18992701172828674, "vis": 0.07195651531219482}, "21": {"x": 0.2731480002403259, "y": 0.553383469581604, "z": 0.033999331295490265, "vis": 0.15782438218593597}, "22": {"x": 0.3087209165096283, "y": 0.528185248374939, "z": 0.18004734814167023, "vis": 0.0737382248044014}, "23": {"x": 0.2731698751449585, "y": 0.6501651406288147, "z": -0.05944804102182388, "vis": 0.9993157386779785}, "24": {"x": 0.3055248260498047, "y": 0.6445741653442383, "z": 0.05918768048286438, "vis": 0.9979022741317749}, "25": {"x": 0.2724059820175171, "y": 0.7785133719444275, "z": -0.01289942767471075, "vis": 0.9961094260215759}, "26": {"x": 0.29569029808044434, "y": 0.7708445191383362, "z": 0.12615962326526642, "vis": 0.9655786156654358}, "27": {"x": 0.2826097905635834, "y": 0.9396277070045471, "z": -0.039999738335609436, "vis": 0.9964755177497864}, "28": {"x": 0.3142659068107605, "y": 0.9018902778625488, "z": 0.11409177631139755, "vis": 0.970030665397644}, "29": {"x": 0.2936745584011078, "y": 0.961338222026825, "z": -0.041053202003240585, "vis": 0.9974768757820129}, "30": {"x": 0.32168108224868774, "y": 0.9260896444320679, "z": 0.11427736282348633, "vis": 0.9800214171409607}, "31": {"x": 0.25747615098953247, "y": 0.9729142189025879, "z": -0.05722499638795853, "vis": 0.9692403078079224}, "32": {"x": 0.30177462100982666, "y": 0.9490556716918945, "z": 0.11444200575351715, "vis": 0.8339141011238098}, "meta": {"r_elbow_deg": 130.9034022228568, "r_knee_deg": 167.47865399676343, "trunk_deg": 85.91963927165307, "bat_tilt_deg": 27.42494579765132, "x_factor_deg": 9.16453275837074, "shot_type": "Other"}}