{"0": {"x": 0.3501701056957245, "y": 0.7197945713996887, "z": 0.37345218658447266, "vis": 0.9998748302459717}, "1": {"x": 0.35086381435394287, "y": 0.7194231152534485, "z": 0.38302987813949585, "vis": 0.9999033212661743}, "2": {"x": 0.35004723072052, "y": 0.7149404287338257, "z": 0.3830927610397339, "vis": 0.999897837638855}, "3": {"x": 0.3502397835254669, "y": 0.7145183086395264, "z": 0.38301047682762146, "vis": 0.9998205304145813}, "4": {"x": 0.3513947129249573, "y": 0.7217479944229126, "z": 0.36901402473449707, "vis": 0.9999275207519531}, "5": {"x": 0.3506697416305542, "y": 0.7191449403762817, "z": 0.36897405982017517, "vis": 0.9999359846115112}, "6": {"x": 0.3516272008419037, "y": 0.7194749116897583, "z": 0.3688156306743622, "vis": 0.9998886585235596}, "7": {"x": 0.3497353196144104, "y": 0.7028660774230957, "z": 0.37687933444976807, "vis": 0.9998195767402649}, "8": {"x": 0.3533586263656616, "y": 0.7150332927703857, "z": 0.3151206970214844, "vis": 0.9998719692230225}, "9": {"x": 0.3486975133419037, "y": 0.7066574096679688, "z": 0.3677698075771332, "vis": 0.9995890259742737}, "10": {"x": 0.3445129692554474, "y": 0.7059877514839172, "z": 0.3492022752761841, "vis": 0.9995193481445312}, "11": {"x": 0.34258198738098145, "y": 0.6210135817527771, "z": 0.3115934729576111, "vis": 0.9997029900550842}, "12": {"x": 0.3531325161457062, "y": 0.6795620918273926, "z": 0.19790434837341309, "vis": 0.9999080896377563}, "13": {"x": 0.3072071373462677, "y": 0.6049184799194336, "z": 0.22844530642032623, "vis": 0.06180477514863014}, "14": {"x": 0.3703734576702118, "y": 0.7063208818435669, "z": 0.04243498668074608, "vis": 0.3180219531059265}, "15": {"x": 0.2970060408115387, "y": 0.6640090942382812, "z": 0.13468697667121887, "vis": 0.36727768182754517}, "16": {"x": 0.36923715472221375, "y": 0.8030592203140259, "z": -0.02010996639728546, "vis": 0.7508416175842285}, "17": {"x": 0.2989679276943207, "y": 0.7294707894325256, "z": 0.13053257763385773, "vis": 0.4146272838115692}, "18": {"x": 0.36960095167160034, "y": 0.8344308137893677, "z": -0.026658160611987114, "vis": 0.8190490007400513}, "19": {"x": 0.29976168274879456, "y": 0.7327537536621094, "z": 0.13420891761779785, "vis": 0.4344816207885742}, "20": {"x": 0.3697735667228699, "y": 0.8343938589096069, "z": -0.013090475462377071, "vis": 0.7889091372489929}, "21": {"x": 0.2968774139881134, "y": 0.68756103515625, "z": 0.13225242495536804, "vis": 0.47482049465179443}, "22": {"x": 0.36696526408195496, "y": 0.8256969451904297, "z": -0.01667657308280468, "vis": 0.7733824253082275}, "23": {"x": 0.33835792541503906, "y": 0.5240247249603271, "z": 0.05803762376308441, "vis": 0.9999973773956299}, "24": {"x": 0.34209027886390686, "y": 0.5751315355300903, "z": -0.0584537498652935, "vis": 0.9999916553497314}, "25": {"x": 0.3009815812110901, "y": 0.658143162727356, "z": 0.0024188708048313856, "vis": 0.8784754872322083}, "26": {"x": 0.3213087022304535, "y": 0.7560234069824219, "z": -0.0909075140953064, "vis": 0.9446520209312439}, "27": {"x": 0.30425316095352173, "y": 0.7032370567321777, "z": -0.08726001530885696, "vis": 0.8932999968528748}, "28": {"x": 0.3251608610153198, "y": 0.9642797708511353, "z": -0.18850946426391602, "vis": 0.9534592628479004}, "29": {"x": 0.30192193388938904, "y": 0.701340913772583, "z": -0.09997142851352692, "vis": 0.9610351920127869}, "30": {"x": 0.3217909336090088, "y": 0.9806410074234009, "z": -0.19995950162410736, "vis": 0.9744136333465576}, "31": {"x": 0.31771814823150635, "y": 0.7288748621940613, "z": -0.15835869312286377, "vis": 0.9380730986595154}, "32": {"x": 0.32642862200737, "y": 1.005910038948059, "z": -0.2656368315219879, "vis": 0.9624443054199219}}