{"0": {"x": 0.3224593698978424, "y": 0.36185920238494873, "z": -0.03821669891476631, "vis": 0.9996188879013062}, "1": {"x": 0.3209493160247803, "y": 0.3549540340900421, "z": -0.056549690663814545, "vis": 0.9995914101600647}, "2": {"x": 0.32000529766082764, "y": 0.35582107305526733, "z": -0.05654670298099518, "vis": 0.9996176958084106}, "3": {"x": 0.3189668357372284, "y": 0.3568873405456543, "z": -0.05656742677092552, "vis": 0.9995937943458557}, "4": {"x": 0.32356083393096924, "y": 0.35516107082366943, "z": -0.05390803515911102, "vis": 0.999576985836029}, "5": {"x": 0.3244743049144745, "y": 0.3561038076877594, "z": -0.05391618236899376, "vis": 0.9995474219322205}, "6": {"x": 0.32555919885635376, "y": 0.3572189509868622, "z": -0.05391392856836319, "vis": 0.9995300769805908}, "7": {"x": 0.31719523668289185, "y": 0.3689267337322235, "z": -0.09958533197641373, "vis": 0.9994736313819885}, "8": {"x": 0.3298795223236084, "y": 0.36857303977012634, "z": -0.08892537653446198, "vis": 0.9993246793746948}, "9": {"x": 0.32134267687797546, "y": 0.37484416365623474, "z": -0.04862825945019722, "vis": 0.9992545247077942}, "10": {"x": 0.3242764472961426, "y": 0.37471723556518555, "z": -0.045682393014431, "vis": 0.9992057681083679}, "11": {"x": 0.2880666255950928, "y": 0.45321983098983765, "z": -0.11371170729398727, "vis": 0.9987357258796692}, "12": {"x": 0.35672760009765625, "y": 0.4551104009151459, "z": -0.06927841156721115, "vis": 0.9963943362236023}, "13": {"x": 0.26734858751296997, "y": 0.5506800413131714, "z": -0.0283207930624485, "vis": 0.9292797446250916}, "14": {"x": 0.3624964654445648, "y": 0.5633186101913452, "z": -0.001807674765586853, "vis": 0.7023471593856812}, "15": {"x": 0.297477662563324, "y": 0.5719348192214966, "z": 0.10544096678495407, "vis": 0.052678268402814865}, "16": {"x": 0.34066084027290344, "y": 0.5530806183815002, "z": 0.10318955779075623, "vis": 0.040722206234931946}, "17": {"x": 0.3021184802055359, "y": 0.5751547813415527, "z": 0.11857257783412933, "vis": 0.03798084333539009}, "18": {"x": 0.3429039418697357, "y": 0.5574190616607666, "z": 0.12004803866147995, "vis": 0.039219554513692856}, "19": {"x": 0.3076958656311035, "y": 0.5709702968597412, "z": 0.11464047431945801, "vis": 0.03812553361058235}, "20": {"x": 0.33994489908218384, "y": 0.5496591925621033, "z": 0.11641232669353485, "vis": 0.0394115224480629}, "21": {"x": 0.30741721391677856, "y": 0.5697696805000305, "z": 0.10754763334989548, "vis": 0.044297218322753906}, "22": {"x": 0.33763018250465393, "y": 0.5473393201828003, "z": 0.10529457032680511, "vis": 0.03872229531407356}, "23": {"x": 0.32140007615089417, "y": 0.665023922920227, "z": -0.020224740728735924, "vis": 0.9985857009887695}, "24": {"x": 0.3368620276451111, "y": 0.6560630798339844, "z": 0.020260285586118698, "vis": 0.9978644251823425}, "25": {"x": 0.3320232331752777, "y": 0.7990782856941223, "z": 0.0006981689366512001, "vis": 0.9810609817504883}, "26": {"x": 0.34531378746032715, "y": 0.7880416512489319, "z": 0.05499129369854927, "vis": 0.9746237397193909}, "27": {"x": 0.33860573172569275, "y": 0.9285343885421753, "z": 0.027937835082411766, "vis": 0.9891043901443481}, "28": {"x": 0.34367796778678894, "y": 0.9282699823379517, "z": 0.08588799089193344, "vis": 0.9830051064491272}, "29": {"x": 0.341607928276062, "y": 0.9504375457763672, "z": 0.029833225533366203, "vis": 0.9850098490715027}, "30": {"x": 0.3464154899120331, "y": 0.9496371746063232, "z": 0.08848737180233002, "vis": 0.9584566354751587}, "31": {"x": 0.3356371819972992, "y": 0.9710725545883179, "z": -0.0022394508123397827, "vis": 0.9640634059906006}, "32": {"x": 0.33783629536628723, "y": 0.9701391458511353, "z": 0.06448601931333542, "vis": 0.9491571187973022}, "meta": {"r_elbow_deg": 61.82799547957394, "r_knee_deg": 175.6674979811834, "trunk_deg": 91.30631383413385, "bat_tilt_deg": 54.98068577841541, "x_factor_deg": 28.922000816571398, "shot_type": "Other"}}