{"0": {"x": 0.4767860770225525, "y": 0.30249717831611633, "z": 0.15553003549575806, "vis": 0.9988046884536743}, "1": {"x": 0.47395578026771545, "y": 0.2934904992580414, "z": 0.1429646611213684, "vis": 0.9981424808502197}, "2": {"x": 0.47228336334228516, "y": 0.2934984564781189, "z": 0.14297042787075043, "vis": 0.9982364177703857}, "3": {"x": 0.47052431106567383, "y": 0.29363229870796204, "z": 0.14299607276916504, "vis": 0.9983131885528564}, "4": {"x": 0.47832566499710083, "y": 0.2932758927345276, "z": 0.14050452411174774, "vis": 0.9982444047927856}, "5": {"x": 0.47970467805862427, "y": 0.2931557595729828, "z": 0.1404925435781479, "vis": 0.9983437061309814}, "6": {"x": 0.4811783730983734, "y": 0.29306185245513916, "z": 0.14043378829956055, "vis": 0.9984350800514221}, "7": {"x": 0.4678307771682739, "y": 0.29721418023109436, "z": 0.08451381325721741, "vis": 0.9976354837417603}, "8": {"x": 0.4839586913585663, "y": 0.2964957356452942, "z": 0.07317575812339783, "vis": 0.9974963068962097}, "9": {"x": 0.47516724467277527, "y": 0.3093380928039551, "z": 0.13669095933437347, "vis": 0.9977800250053406}, "10": {"x": 0.4793699383735657, "y": 0.30876725912094116, "z": 0.13334059715270996, "vis": 0.997822642326355}, "11": {"x": 0.44934651255607605, "y": 0.3604249060153961, "z": 0.043822407722473145, "vis": 0.9997774958610535}, "12": {"x": 0.5000922083854675, "y": 0.3476727306842804, "z": 0.022803615778684616, "vis": 0.9999191761016846}, "13": {"x": 0.44742751121520996, "y": 0.4456460475921631, "z": 0.028444858267903328, "vis": 0.9533738493919373}, "14": {"x": 0.5116392374038696, "y": 0.4332284927368164, "z": 0.003592310706153512, "vis": 0.9913640022277832}, "15": {"x": 0.4402235746383667, "y": 0.5166389346122742, "z": 0.037235479801893234, "vis": 0.5102361440658569}, "16": {"x": 0.5158759951591492, "y": 0.5018147826194763, "z": 0.01924717240035534, "vis": 0.7790989279747009}, "17": {"x": 0.43637943267822266, "y": 0.5335952639579773, "z": 0.03684109076857567, "vis": 0.35194018483161926}, "18": {"x": 0.519502580165863, "y": 0.5230352878570557, "z": 0.022320836782455444, "vis": 0.6106224656105042}, "19": {"x": 0.4398441016674042, "y": 0.5334596037864685, "z": 0.04092951491475105, "vis": 0.3324340283870697}, "20": {"x": 0.516847550868988, "y": 0.521151065826416, "z": 0.023827677592635155, "vis": 0.5902658700942993}, "21": {"x": 0.44198668003082275, "y": 0.5282920598983765, "z": 0.038680244237184525, "vis": 0.29021504521369934}, "22": {"x": 0.514165461063385, "y": 0.5130107402801514, "z": 0.020779257640242577, "vis": 0.4978060722351074}, "23": {"x": 0.46060994267463684, "y": 0.5022813081741333, "z": 0.007091041654348373, "vis": 0.999760091304779}, "24": {"x": 0.48963600397109985, "y": 0.4951476752758026, "z": -0.007365092169493437, "vis": 0.9996533393859863}, "25": {"x": 0.4611770808696747, "y": 0.5953238010406494, "z": 0.0002715831797104329, "vis": 0.7656720876693726}, "26": {"x": 0.4885157644748688, "y": 0.5986267328262329, "z": -0.014597981236875057, "vis": 0.8017492890357971}, "27": {"x": 0.463076651096344, "y": 0.7125954627990723, "z": -0.1038464605808258, "vis": 0.8202193379402161}, "28": {"x": 0.4783704876899719, "y": 0.7227869629859924, "z": -0.11898577958345413, "vis": 0.838747501373291}, "29": {"x": 0.4616718888282776, "y": 0.7312802672386169, "z": -0.11618953198194504, "vis": 0.9174693822860718}, "30": {"x": 0.4757029414176941, "y": 0.7430117130279541, "z": -0.1306430548429489, "vis": 0.9251350164413452}, "31": {"x": 0.466579407453537, "y": 0.7361074686050415, "z": -0.15940968692302704, "vis": 0.6703785061836243}, "32": {"x": 0.47618478536605835, "y": 0.7437307238578796, "z": -0.17398835718631744, "vis": 0.715954601764679}}