{"0": {"x": 0.29036611318588257, "y": 0.3675945997238159, "z": 0.12263163924217224, "vis": 0.9987198114395142}, "1": {"x": 0.2879134714603424, "y": 0.3587360978126526, "z": 0.098129503428936, "vis": 0.9986034035682678}, "2": {"x": 0.2861425578594208, "y": 0.3593198359012604, "z": 0.09812632948160172, "vis": 0.9986492991447449}, "3": {"x": 0.2843003273010254, "y": 0.3600537180900574, "z": 0.09807983040809631, "vis": 0.9986448884010315}, "4": {"x": 0.2933240532875061, "y": 0.35789787769317627, "z": 0.10276820510625839, "vis": 0.9984890222549438}, "5": {"x": 0.29524219036102295, "y": 0.35807159543037415, "z": 0.10276325047016144, "vis": 0.9985583424568176}, "6": {"x": 0.29726678133010864, "y": 0.35849592089653015, "z": 0.10272859036922455, "vis": 0.9985526204109192}, "7": {"x": 0.2831462025642395, "y": 0.3677666485309601, "z": 0.01245550811290741, "vis": 0.9982768297195435}, "8": {"x": 0.3021699786186218, "y": 0.3677663505077362, "z": 0.03156815096735954, "vis": 0.9979846477508545}, "9": {"x": 0.2879234254360199, "y": 0.37850940227508545, "z": 0.09636301547288895, "vis": 0.9979111552238464}, "10": {"x": 0.29433101415634155, "y": 0.37775272130966187, "z": 0.10162990540266037, "vis": 0.9974532723426819}, "11": {"x": 0.26408642530441284, "y": 0.445436954498291, "z": -0.03656370937824249, "vis": 0.9969897270202637}, "12": {"x": 0.3266674280166626, "y": 0.4476669430732727, "z": 0.018457721918821335, "vis": 0.9913473725318909}, "13": {"x": 0.26696649193763733, "y": 0.5470544099807739, "z": 0.0020325405057519674, "vis": 0.6143291592597961}, "14": {"x": 0.33162641525268555, "y": 0.5367605686187744, "z": 0.06709267199039459, "vis": 0.35467156767845154}, "15": {"x": 0.27643346786499023, "y": 0.5775101780891418, "z": 0.09987170249223709, "vis": 0.032573919743299484}, "16": {"x": 0.31564861536026, "y": 0.5482376217842102, "z": 0.15730132162570953, "vis": 0.010077297687530518}, "17": {"x": 0.27696847915649414, "y": 0.5883393883705139, "z": 0.11039528250694275, "vis": 0.032981231808662415}, "18": {"x": 0.3127712607383728, "y": 0.5514406561851501, "z": 0.17532584071159363, "vis": 0.01288125291466713}, "19": {"x": 0.2819788455963135, "y": 0.5787318348884583, "z": 0.11286397278308868, "vis": 0.03243781998753548}, "20": {"x": 0.30646419525146484, "y": 0.5431591868400574, "z": 0.17119450867176056, "vis": 0.012462727725505829}, "21": {"x": 0.2840833365917206, "y": 0.5745986104011536, "z": 0.1033933088183403, "vis": 0.03317546471953392}, "22": {"x": 0.3056678771972656, "y": 0.5407920479774475, "z": 0.15747660398483276, "vis": 0.014248951338231564}, "23": {"x": 0.27419713139533997, "y": 0.6539226174354553, "z": -0.02523787133395672, "vis": 0.9996071457862854}, "24": {"x": 0.3127352297306061, "y": 0.6486129760742188, "z": 0.025050222873687744, "vis": 0.9988381266593933}, "25": {"x": 0.2730448246002197, "y": 0.793483555316925, "z": 0.03481027111411095, "vis": 0.9970064759254456}, "26": {"x": 0.3105315864086151, "y": 0.7858250737190247, "z": 0.11060340702533722, "vis": 0.9900290369987488}, "27": {"x": 0.2820179760456085, "y": 0.9441111087799072, "z": 0.0164131298661232, "vis": 0.9968057870864868}, "28": {"x": 0.3117055594921112, "y": 0.922183096408844, "z": 0.09815459698438644, "vis": 0.9880240559577942}, "29": {"x": 0.2879272699356079, "y": 0.9667285084724426, "z": 0.016116943210363388, "vis": 0.9979603290557861}, "30": {"x": 0.3098854124546051, "y": 0.9495766162872314, "z": 0.09882717579603195, "vis": 0.9878267645835876}, "31": {"x": 0.2567499577999115, "y": 0.9768555164337158, "z": 0.004842274822294712, "vis": 0.9482717514038086}, "32": {"x": 0.30358555912971497, "y": 0.9585386514663696, "z": 0.09995275735855103, "vis": 0.8466547727584839}, "meta": {"r_elbow_deg": 122.50434011263008, "r_knee_deg": 178.58662649441104, "trunk_deg": 86.20911287083766, "bat_tilt_deg": 2.798041925692533, "x_factor_deg": 5.9839390079932, "shot_type": "Drive"}}