{"0": {"x": 0.06910572946071625, "y": 0.25684165954589844, "z": 0.1359720230102539, "vis": 0.9993512034416199}, "1": {"x": 0.06854838877916336, "y": 0.24176833033561707, "z": 0.10588142275810242, "vis": 0.9995548129081726}, "2": {"x": 0.0673404112458229, "y": 0.2421008050441742, "z": 0.10583610087633133, "vis": 0.9994764924049377}, "3": {"x": 0.06588960438966751, "y": 0.2427547127008438, "z": 0.10574612021446228, "vis": 0.9995540976524353}, "4": {"x": 0.07210875302553177, "y": 0.24319729208946228, "z": 0.10722380131483078, "vis": 0.9995356798171997}, "5": {"x": 0.07347685843706131, "y": 0.24451009929180145, "z": 0.10722538828849792, "vis": 0.9994387030601501}, "6": {"x": 0.07544658333063126, "y": 0.24629460275173187, "z": 0.10715797543525696, "vis": 0.9995437264442444}, "7": {"x": 0.06297662854194641, "y": 0.2534964084625244, "z": 0.0013625274877995253, "vis": 0.9995829463005066}, "8": {"x": 0.08407925069332123, "y": 0.258779376745224, "z": 0.009542874060571194, "vis": 0.9995012283325195}, "9": {"x": 0.06648118793964386, "y": 0.2724945843219757, "z": 0.10427742451429367, "vis": 0.9992824196815491}, "10": {"x": 0.07142911851406097, "y": 0.27488020062446594, "z": 0.10657505691051483, "vis": 0.9993657469749451}, "11": {"x": 0.026985643431544304, "y": 0.35549500584602356, "z": -0.018264105543494225, "vis": 0.9982978701591492}, "12": {"x": 0.10911212116479874, "y": 0.38972100615501404, "z": -0.03288231045007706, "vis": 0.9989928603172302}, "13": {"x": 0.008164454251527786, "y": 0.49461156129837036, "z": 0.05557320639491081, "vis": 0.8054490685462952}, "14": {"x": 0.11082572489976883, "y": 0.5457718968391418, "z": 0.05229434743523598, "vis": 0.754844069480896}, "15": {"x": 0.030117185786366463, "y": 0.4774334728717804, "z": 0.20950838923454285, "vis": 0.08751382678747177}, "16": {"x": 0.09970594197511673, "y": 0.5206584334373474, "z": 0.20713506639003754, "vis": 0.03829080983996391}, "17": {"x": 0.03321518748998642, "y": 0.4709823727607727, "z": 0.23224273324012756, "vis": 0.06831792742013931}, "18": {"x": 0.09653324633836746, "y": 0.5195703506469727, "z": 0.23622480034828186, "vis": 0.03474080562591553}, "19": {"x": 0.0432208888232708, "y": 0.4577275514602661, "z": 0.23888637125492096, "vis": 0.06579969078302383}, "20": {"x": 0.08993504196405411, "y": 0.5055408477783203, "z": 0.23390021920204163, "vis": 0.03382992744445801}, "21": {"x": 0.04397200793027878, "y": 0.46003738045692444, "z": 0.21667234599590302, "vis": 0.06106322631239891}, "22": {"x": 0.08916187286376953, "y": 0.5051047205924988, "z": 0.2107069194316864, "vis": 0.03933466225862503}, "23": {"x": 0.030715296044945717, "y": 0.6397656798362732, "z": 0.021849066019058228, "vis": 0.9954701662063599}, "24": {"x": 0.08105059713125229, "y": 0.6479501724243164, "z": -0.02190893329679966, "vis": 0.9977884292602539}, "25": {"x": 0.0339103639125824, "y": 0.8377737998962402, "z": 0.10246369987726212, "vis": 0.8253477811813354}, "26": {"x": 0.09078378975391388, "y": 0.847412645816803, "z": 0.03503360599279404, "vis": 0.9314612746238708}, "27": {"x": 0.01250116154551506, "y": 0.9448868036270142, "z": 0.11563695967197418, "vis": 0.6860271692276001}, "28": {"x": 0.0856555849313736, "y": 1.0265769958496094, "z": -0.014768172055482864, "vis": 0.8599990606307983}, "29": {"x": 0.007570691406726837, "y": 0.9573559165000916, "z": 0.11795289069414139, "vis": 0.7091530561447144}, "30": {"x": 0.08074962347745895, "y": 1.0351402759552002, "z": -0.018354743719100952, "vis": 0.8908625841140747}, "31": {"x": 0.012679025530815125, "y": 0.9700202345848083, "z": 0.12098091095685959, "vis": 0.35369181632995605}, "32": {"x": 0.1105782762169838, "y": 1.059144377708435, "z": -0.026668095961213112, "vis": 0.540717363357544}}