{"0": {"x": 0.16714517772197723, "y": 0.29325029253959656, "z": -0.15048988163471222, "vis": 0.9990522265434265}, "1": {"x": 0.1687021255493164, "y": 0.28136974573135376, "z": -0.13824084401130676, "vis": 0.9977869987487793}, "2": {"x": 0.17042778432369232, "y": 0.28264227509498596, "z": -0.13819356262683868, "vis": 0.9969891905784607}, "3": {"x": 0.17224974930286407, "y": 0.2838340699672699, "z": -0.13825125992298126, "vis": 0.9976723790168762}, "4": {"x": 0.16448409855365753, "y": 0.27966389060020447, "z": -0.13579703867435455, "vis": 0.9985252022743225}, "5": {"x": 0.16311238706111908, "y": 0.27989259362220764, "z": -0.13580283522605896, "vis": 0.9981920123100281}, "6": {"x": 0.1616838276386261, "y": 0.28019338846206665, "z": -0.13585112988948822, "vis": 0.9987416863441467}, "7": {"x": 0.17683330178260803, "y": 0.29471999406814575, "z": -0.07170005887746811, "vis": 0.998659610748291}, "8": {"x": 0.164094477891922, "y": 0.2927529811859131, "z": -0.06306549906730652, "vis": 0.9965739250183105}, "9": {"x": 0.17098796367645264, "y": 0.31066447496414185, "z": -0.12724018096923828, "vis": 0.9984419941902161}, "10": {"x": 0.1663128137588501, "y": 0.31006935238838196, "z": -0.12478549033403397, "vis": 0.9985590577125549}, "11": {"x": 0.20254836976528168, "y": 0.3721364438533783, "z": -0.056101247668266296, "vis": 0.9869676232337952}, "12": {"x": 0.1440870761871338, "y": 0.40821975469589233, "z": -0.0306809451431036, "vis": 0.9897312521934509}, "13": {"x": 0.241342231631279, "y": 0.2849677503108978, "z": -0.09202330559492111, "vis": 0.978503406047821}, "14": {"x": 0.12157554179430008, "y": 0.485683411359787, "z": -0.10791634768247604, "vis": 0.801764190196991}, "15": {"x": 0.19389969110488892, "y": 0.2249317765235901, "z": -0.04686179384589195, "vis": 0.7968733906745911}, "16": {"x": 0.1391143947839737, "y": 0.44641298055648804, "z": -0.1574808955192566, "vis": 0.36529237031936646}, "17": {"x": 0.182517871260643, "y": 0.21944308280944824, "z": -0.04929989203810692, "vis": 0.497562438249588}, "18": {"x": 0.14986978471279144, "y": 0.38170045614242554, "z": -0.16949650645256042, "vis": 0.2554914355278015}, "19": {"x": 0.17893819510936737, "y": 0.22483646869659424, "z": -0.03141363710165024, "vis": 0.45041531324386597}, "20": {"x": 0.15122215449810028, "y": 0.3786666989326477, "z": -0.14813101291656494, "vis": 0.22791989147663116}, "21": {"x": 0.18199312686920166, "y": 0.23121629655361176, "z": -0.03955352306365967, "vis": 0.470722496509552}, "22": {"x": 0.1518181562423706, "y": 0.38722169399261475, "z": -0.15229099988937378, "vis": 0.2068234384059906}, "23": {"x": 0.20313893258571625, "y": 0.6279594302177429, "z": 0.010216199792921543, "vis": 0.995395839214325}, "24": {"x": 0.16809281706809998, "y": 0.6444234251976013, "z": -0.010281387716531754, "vis": 0.9950069189071655}, "25": {"x": 0.22763241827487946, "y": 0.7191001176834106, "z": -0.20156803727149963, "vis": 0.964801549911499}, "26": {"x": 0.1685131937265396, "y": 0.8352418541908264, "z": -0.05563117191195488, "vis": 0.9738917946815491}, "27": {"x": 0.18885517120361328, "y": 0.8064375519752502, "z": -0.01294851303100586, "vis": 0.6136979460716248}, "28": {"x": 0.16856205463409424, "y": 1.0156729221343994, "z": 0.010634630918502808, "vis": 0.9546629190444946}, "29": {"x": 0.17995744943618774, "y": 0.7986732721328735, "z": 0.0057578785344958305, "vis": 0.573122501373291}, "30": {"x": 0.17343927919864655, "y": 1.029535174369812, "z": 0.014450103975832462, "vis": 0.7163379192352295}, "31": {"x": 0.18268854916095734, "y": 0.8911008238792419, "z": -0.03312419354915619, "vis": 0.6544653177261353}, "32": {"x": 0.17931726574897766, "y": 1.0869404077529907, "z": -0.06653117388486862, "vis": 0.891984760761261}, "meta": {"r_elbow_deg": 7.862093386964209, "r_knee_deg": 179.8892922552377, "trunk_deg": 114.53519985936154, "bat_tilt_deg": 115.0892168658389, "x_factor_deg": 5.479177714919231, "shot_type": "Cut/Pull"}}