{"0": {"x": 0.32909590005874634, "y": 0.5430834293365479, "z": 0.3919256031513214, "vis": 0.8984944820404053}, "1": {"x": 0.32498133182525635, "y": 0.5384060144424438, "z": 0.3945278525352478, "vis": 0.8923595547676086}, "2": {"x": 0.3249102532863617, "y": 0.5363654494285583, "z": 0.39456605911254883, "vis": 0.8852090239524841}, "3": {"x": 0.32473793625831604, "y": 0.5335552096366882, "z": 0.39458194375038147, "vis": 0.8812405467033386}, "4": {"x": 0.32491302490234375, "y": 0.5434190034866333, "z": 0.4032540023326874, "vis": 0.9027748107910156}, "5": {"x": 0.3249009847640991, "y": 0.5437148213386536, "z": 0.403219610452652, "vis": 0.8985382318496704}, "6": {"x": 0.32491350173950195, "y": 0.5436545014381409, "z": 0.4030567407608032, "vis": 0.9307678937911987}, "7": {"x": 0.3280528485774994, "y": 0.5210871696472168, "z": 0.3666096329689026, "vis": 0.8725167512893677}, "8": {"x": 0.33259105682373047, "y": 0.5357015132904053, "z": 0.4071803092956543, "vis": 0.9255098104476929}, "9": {"x": 0.33251336216926575, "y": 0.5385986566543579, "z": 0.37842047214508057, "vis": 0.8850594758987427}, "10": {"x": 0.3316432237625122, "y": 0.5425258874893188, "z": 0.3898283541202545, "vis": 0.9037390351295471}, "11": {"x": 0.35256144404411316, "y": 0.5158808827400208, "z": 0.2519432306289673, "vis": 0.9949693083763123}, "12": {"x": 0.3407687544822693, "y": 0.5392293334007263, "z": 0.35156387090682983, "vis": 0.9994144439697266}, "13": {"x": 0.3428705632686615, "y": 0.5901376605033875, "z": 0.1260785162448883, "vis": 0.1718815118074417}, "14": {"x": 0.3268909156322479, "y": 0.6351770758628845, "z": 0.2982810437679291, "vis": 0.0648888424038887}, "15": {"x": 0.295723557472229, "y": 0.6063758730888367, "z": 0.02886349707841873, "vis": 0.21180976927280426}, "16": {"x": 0.29547783732414246, "y": 0.6200085878372192, "z": 0.24316170811653137, "vis": 0.2394624501466751}, "17": {"x": 0.28851258754730225, "y": 0.5935420393943787, "z": 0.008461004123091698, "vis": 0.31687015295028687}, "18": {"x": 0.28766483068466187, "y": 0.6101115942001343, "z": 0.2427280694246292, "vis": 0.3209347426891327}, "19": {"x": 0.2901768982410431, "y": 0.5781126022338867, "z": 0.026015423238277435, "vis": 0.29130247235298157}, "20": {"x": 0.2864002585411072, "y": 0.5979977250099182, "z": 0.24004793167114258, "vis": 0.30880093574523926}, "21": {"x": 0.29380425810813904, "y": 0.5850867033004761, "z": 0.03322121873497963, "vis": 0.25309044122695923}, "22": {"x": 0.2908365726470947, "y": 0.5998278856277466, "z": 0.24087995290756226, "vis": 0.2866846024990082}, "23": {"x": 0.3665063977241516, "y": 0.6134395599365234, "z": -0.03013431653380394, "vis": 0.9996743202209473}, "24": {"x": 0.3595010042190552, "y": 0.6349799633026123, "z": 0.03011920675635338, "vis": 0.9997021555900574}, "25": {"x": 0.34132087230682373, "y": 0.7220331430435181, "z": -0.24739302694797516, "vis": 0.8825610876083374}, "26": {"x": 0.34868043661117554, "y": 0.7637518048286438, "z": -0.1265982836484909, "vis": 0.7846981287002563}, "27": {"x": 0.3531717360019684, "y": 0.916356086730957, "z": -0.456033319234848, "vis": 0.6911973357200623}, "28": {"x": 0.3558172583580017, "y": 0.932053804397583, "z": -0.30881667137145996, "vis": 0.3928758502006531}, "29": {"x": 0.3538399934768677, "y": 0.928191602230072, "z": -0.4807276725769043, "vis": 0.885931670665741}, "30": {"x": 0.35911744832992554, "y": 0.9706791043281555, "z": -0.3332127034664154, "vis": 0.7306574583053589}, "31": {"x": 0.3357028067111969, "y": 0.9225457906723022, "z": -0.5440018177032471, "vis": 0.8556032180786133}, "32": {"x": 0.3448442220687866, "y": 0.9834867715835571, "z": -0.40473413467407227, "vis": 0.5338630080223083}}