{"0": {"x": 0.2744463384151459, "y": 0.38038185238838196, "z": -0.03962055966258049, "vis": 0.9999576807022095}, "1": {"x": 0.27761760354042053, "y": 0.36840003728866577, "z": -0.0382220633327961, "vis": 0.9999556541442871}, "2": {"x": 0.2799535393714905, "y": 0.3678640127182007, "z": -0.03825271129608154, "vis": 0.9999595880508423}, "3": {"x": 0.2826485335826874, "y": 0.3672454357147217, "z": -0.038333743810653687, "vis": 0.9999624490737915}, "4": {"x": 0.27324801683425903, "y": 0.3687644898891449, "z": -0.02670319937169552, "vis": 0.9999550580978394}, "5": {"x": 0.2721836566925049, "y": 0.3685750663280487, "z": -0.026653993874788284, "vis": 0.9999377727508545}, "6": {"x": 0.27100443840026855, "y": 0.3683321177959442, "z": -0.026647241786122322, "vis": 0.9999459981918335}, "7": {"x": 0.290743350982666, "y": 0.3702392876148224, "z": -0.0049499813467264175, "vis": 0.9999680519104004}, "8": {"x": 0.2748652398586273, "y": 0.3715895712375641, "z": 0.04610556736588478, "vis": 0.9999052286148071}, "9": {"x": 0.28020837903022766, "y": 0.3942936360836029, "z": -0.02523995004594326, "vis": 0.9998637437820435}, "10": {"x": 0.27543365955352783, "y": 0.3962141275405884, "z": -0.010680091567337513, "vis": 0.9998512268066406}, "11": {"x": 0.31099560856819153, "y": 0.43594300746917725, "z": -0.017439674586057663, "vis": 0.9998219609260559}, "12": {"x": 0.27460864186286926, "y": 0.4480825960636139, "z": 0.10581623017787933, "vis": 0.9994250535964966}, "13": {"x": 0.2863965332508087, "y": 0.5258761048316956, "z": -0.016430703923106194, "vis": 0.9593706130981445}, "14": {"x": 0.26257964968681335, "y": 0.551737904548645, "z": 0.04408543184399605, "vis": 0.4481382668018341}, "15": {"x": 0.27789467573165894, "y": 0.4392837882041931, "z": 0.03668695688247681, "vis": 0.9011983275413513}, "16": {"x": 0.2845190763473511, "y": 0.5274667739868164, "z": -0.07543183118104935, "vis": 0.4689098596572876}, "17": {"x": 0.27596810460090637, "y": 0.41432327032089233, "z": 0.03217926248908043, "vis": 0.8575581312179565}, "18": {"x": 0.29215046763420105, "y": 0.5241605639457703, "z": -0.09549012780189514, "vis": 0.39011940360069275}, "19": {"x": 0.2795478403568268, "y": 0.40662384033203125, "z": 0.028722260147333145, "vis": 0.8517366051673889}, "20": {"x": 0.2941504418849945, "y": 0.5145529508590698, "z": -0.08760954439640045, "vis": 0.36992502212524414}, "21": {"x": 0.28099524974823, "y": 0.416166752576828, "z": 0.03759588301181793, "vis": 0.8183069229125977}, "22": {"x": 0.292524516582489, "y": 0.5134577751159668, "z": -0.07619820535182953, "vis": 0.3501761257648468}, "23": {"x": 0.30597013235092163, "y": 0.6207738518714905, "z": -0.045958325266838074, "vis": 0.9996591806411743}, "24": {"x": 0.2811090648174286, "y": 0.6277737021446228, "z": 0.046039216220378876, "vis": 0.99952232837677}, "25": {"x": 0.3020579218864441, "y": 0.7782069444656372, "z": -0.08973051607608795, "vis": 0.9736654758453369}, "26": {"x": 0.28560593724250793, "y": 0.7762299180030823, "z": 0.01813216507434845, "vis": 0.7702905535697937}, "27": {"x": 0.3052244484424591, "y": 0.9366278052330017, "z": -0.0815412849187851, "vis": 0.9713160395622253}, "28": {"x": 0.29867783188819885, "y": 0.9264339208602905, "z": 0.030214611440896988, "vis": 0.872405469417572}, "29": {"x": 0.3107558488845825, "y": 0.9669187068939209, "z": -0.08402680605649948, "vis": 0.8326876759529114}, "30": {"x": 0.30592018365859985, "y": 0.953318178653717, "z": 0.028133973479270935, "vis": 0.7495646476745605}, "31": {"x": 0.2804027795791626, "y": 0.9670169353485107, "z": -0.1528521478176117, "vis": 0.9642993807792664}, "32": {"x": 0.26951873302459717, "y": 0.9610579013824463, "z": -0.023988939821720123, "vis": 0.8906978368759155}}