{"0": {"x": 0.30079302191734314, "y": 0.5270069241523743, "z": 0.2586136758327484, "vis": 0.9733943343162537}, "1": {"x": 0.2980889678001404, "y": 0.5258823037147522, "z": 0.25140511989593506, "vis": 0.9739425182342529}, "2": {"x": 0.2969583570957184, "y": 0.5258634686470032, "z": 0.25151699781417847, "vis": 0.9715487957000732}, "3": {"x": 0.2958875298500061, "y": 0.5257838368415833, "z": 0.2515084147453308, "vis": 0.9668442010879517}, "4": {"x": 0.30133330821990967, "y": 0.5233802199363708, "z": 0.25677552819252014, "vis": 0.9766754508018494}, "5": {"x": 0.30246925354003906, "y": 0.5216171145439148, "z": 0.25686994194984436, "vis": 0.9788902997970581}, "6": {"x": 0.30359703302383423, "y": 0.519822895526886, "z": 0.2568475306034088, "vis": 0.9789533019065857}, "7": {"x": 0.2940802276134491, "y": 0.5177921652793884, "z": 0.20382589101791382, "vis": 0.9901816248893738}, "8": {"x": 0.30446484684944153, "y": 0.511046826839447, "z": 0.22942820191383362, "vis": 0.9924497604370117}, "9": {"x": 0.2995191216468811, "y": 0.5242981910705566, "z": 0.24094383418560028, "vis": 0.9919316172599792}, "10": {"x": 0.30291661620140076, "y": 0.5217766761779785, "z": 0.24853938817977905, "vis": 0.993736982345581}, "11": {"x": 0.28247228264808655, "y": 0.5083176493644714, "z": 0.11624094843864441, "vis": 0.9999904632568359}, "12": {"x": 0.3198954463005066, "y": 0.48902803659439087, "z": 0.18817287683486938, "vis": 0.9999439716339111}, "13": {"x": 0.2915302813053131, "y": 0.5419460535049438, "z": 0.042172446846961975, "vis": 0.4810415208339691}, "14": {"x": 0.3410499691963196, "y": 0.5268602967262268, "z": 0.11743602156639099, "vis": 0.03673434630036354}, "15": {"x": 0.3130919933319092, "y": 0.5897060036659241, "z": -0.02048148773610592, "vis": 0.16421182453632355}, "16": {"x": 0.3453455865383148, "y": 0.6039198637008667, "z": 0.04306473955512047, "vis": 0.08255695551633835}, "17": {"x": 0.31604352593421936, "y": 0.5984970331192017, "z": -0.044794656336307526, "vis": 0.14753934741020203}, "18": {"x": 0.34308183193206787, "y": 0.618558943271637, "z": 0.03047633357346058, "vis": 0.06540653854608536}, "19": {"x": 0.31645846366882324, "y": 0.5972929000854492, "z": -0.03191103786230087, "vis": 0.1443336009979248}, "20": {"x": 0.3391514718532562, "y": 0.620721697807312, "z": 0.028018413111567497, "vis": 0.06724601984024048}, "21": {"x": 0.31696537137031555, "y": 0.5940552353858948, "z": -0.018536671996116638, "vis": 0.13811874389648438}, "22": {"x": 0.3395155072212219, "y": 0.6160520315170288, "z": 0.03875551000237465, "vis": 0.06529306620359421}, "23": {"x": 0.30430513620376587, "y": 0.588889479637146, "z": -0.033211562782526016, "vis": 0.9999958276748657}, "24": {"x": 0.333585262298584, "y": 0.5760022401809692, "z": 0.033097412437200546, "vis": 0.9999842643737793}, "25": {"x": 0.29376816749572754, "y": 0.7203363180160522, "z": -0.04588872194290161, "vis": 0.9964050054550171}, "26": {"x": 0.34160175919532776, "y": 0.6867877840995789, "z": 0.01922611892223358, "vis": 0.7894716858863831}, "27": {"x": 0.3009452223777771, "y": 0.8533249497413635, "z": -0.07719940692186356, "vis": 0.966697096824646}, "28": {"x": 0.35081660747528076, "y": 0.8028878569602966, "z": -0.006041234824806452, "vis": 0.8166704177856445}, "29": {"x": 0.30724653601646423, "y": 0.8717774152755737, "z": -0.08213666826486588, "vis": 0.9815784692764282}, "30": {"x": 0.35349106788635254, "y": 0.8189697861671448, "z": -0.013384492136538029, "vis": 0.9003188014030457}, "31": {"x": 0.29126355051994324, "y": 0.8727880716323853, "z": -0.09893184900283813, "vis": 0.9358752965927124}, "32": {"x": 0.3500358760356903, "y": 0.8231155276298523, "z": -0.04842807725071907, "vis": 0.6947452425956726}}