{"0": {"x": 0.16859667003154755, "y": 0.2965487539768219, "z": 0.03304857760667801, "vis": 0.998955488204956}, "1": {"x": 0.16774718463420868, "y": 0.28363195061683655, "z": 0.01421592477709055, "vis": 0.9989728927612305}, "2": {"x": 0.16763204336166382, "y": 0.28447654843330383, "z": 0.014207523316144943, "vis": 0.998920202255249}, "3": {"x": 0.16745898127555847, "y": 0.2854122817516327, "z": 0.014162692241370678, "vis": 0.9989104270935059}, "4": {"x": 0.16854523122310638, "y": 0.2831627130508423, "z": 0.012482978403568268, "vis": 0.9986444115638733}, "5": {"x": 0.16897360980510712, "y": 0.28381845355033875, "z": 0.0125440564006567, "vis": 0.9985230565071106}, "6": {"x": 0.16960209608078003, "y": 0.2845529019832611, "z": 0.012539124116301537, "vis": 0.9985204339027405}, "7": {"x": 0.1696445792913437, "y": 0.2980439066886902, "z": -0.03215925022959709, "vis": 0.9995437264442444}, "8": {"x": 0.1772376000881195, "y": 0.29621219635009766, "z": -0.039890874177217484, "vis": 0.9982458353042603}, "9": {"x": 0.16942231357097626, "y": 0.3123791813850403, "z": 0.022481651976704597, "vis": 0.9991915822029114}, "10": {"x": 0.17073720693588257, "y": 0.31265199184417725, "z": 0.02013702690601349, "vis": 0.9983856678009033}, "11": {"x": 0.13737177848815918, "y": 0.40203267335891724, "z": -0.035880960524082184, "vis": 0.9992419481277466}, "12": {"x": 0.20752932131290436, "y": 0.369862824678421, "z": -0.05592537671327591, "vis": 0.9970991611480713}, "13": {"x": 0.11736142635345459, "y": 0.471154123544693, "z": 0.0575324222445488, "vis": 0.9888142943382263}, "14": {"x": 0.240998774766922, "y": 0.28601768612861633, "z": -0.008366197347640991, "vis": 0.9326833486557007}, "15": {"x": 0.13235577940940857, "y": 0.4339427053928375, "z": 0.20214352011680603, "vis": 0.3530454933643341}, "16": {"x": 0.19765160977840424, "y": 0.23027268052101135, "z": 0.08830434828996658, "vis": 0.6936836838722229}, "17": {"x": 0.12871402502059937, "y": 0.4208257794380188, "z": 0.22105321288108826, "vis": 0.17290306091308594}, "18": {"x": 0.1918688267469406, "y": 0.21321216225624084, "z": 0.09843272715806961, "vis": 0.5920172333717346}, "19": {"x": 0.13541822135448456, "y": 0.4032035171985626, "z": 0.2259332239627838, "vis": 0.16437426209449768}, "20": {"x": 0.1837056577205658, "y": 0.22041666507720947, "z": 0.09433676302433014, "vis": 0.5873625874519348}, "21": {"x": 0.13709484040737152, "y": 0.4239038825035095, "z": 0.20883764326572418, "vis": 0.1946375072002411}, "22": {"x": 0.18589918315410614, "y": 0.2306244671344757, "z": 0.08980970829725266, "vis": 0.5458120703697205}, "23": {"x": 0.17059102654457092, "y": 0.6556525230407715, "z": 0.00786825641989708, "vis": 0.9994640946388245}, "24": {"x": 0.19132277369499207, "y": 0.6492902040481567, "z": -0.007871855981647968, "vis": 0.9991170763969421}, "25": {"x": 0.19602051377296448, "y": 0.7879880666732788, "z": 0.04209017753601074, "vis": 0.8000792264938354}, "26": {"x": 0.17537951469421387, "y": 0.8126665949821472, "z": 0.07326361536979675, "vis": 0.7983807921409607}, "27": {"x": 0.175433948636055, "y": 0.8310004472732544, "z": 0.15844431519508362, "vis": 0.2607117295265198}, "28": {"x": 0.1808735579252243, "y": 0.8972411155700684, "z": 0.1577981859445572, "vis": 0.5769724249839783}, "29": {"x": 0.17283251881599426, "y": 0.8335720896720886, "z": 0.17228826880455017, "vis": 0.3496183156967163}, "30": {"x": 0.178197979927063, "y": 0.9133827686309814, "z": 0.16861607134342194, "vis": 0.6370962262153625}, "31": {"x": 0.16974851489067078, "y": 0.8522621989250183, "z": 0.19345012307167053, "vis": 0.17395395040512085}, "32": {"x": 0.1875004917383194, "y": 0.9226436018943787, "z": 0.17375217378139496, "vis": 0.4515632688999176}}