{"0": {"x": 0.3065214157104492, "y": 0.5198820233345032, "z": 0.39308640360832214, "vis": 0.9187617301940918}, "1": {"x": 0.2971172332763672, "y": 0.5176975131034851, "z": 0.38679441809654236, "vis": 0.8849751949310303}, "2": {"x": 0.295345664024353, "y": 0.5161424875259399, "z": 0.3868696093559265, "vis": 0.8801339864730835}, "3": {"x": 0.29334887862205505, "y": 0.5141326189041138, "z": 0.38684555888175964, "vis": 0.8753231763839722}, "4": {"x": 0.3035755157470703, "y": 0.5131469964981079, "z": 0.39714810252189636, "vis": 0.9382768869400024}, "5": {"x": 0.3049209415912628, "y": 0.5110771656036377, "z": 0.3971581757068634, "vis": 0.9346912503242493}, "6": {"x": 0.30588245391845703, "y": 0.5092551708221436, "z": 0.39705944061279297, "vis": 0.925983726978302}, "7": {"x": 0.28980374336242676, "y": 0.5002952218055725, "z": 0.32639431953430176, "vis": 0.9078747034072876}, "8": {"x": 0.3113067150115967, "y": 0.4973914623260498, "z": 0.3723287582397461, "vis": 0.953663170337677}, "9": {"x": 0.3054641783237457, "y": 0.5179904699325562, "z": 0.36915767192840576, "vis": 0.8882477283477783}, "10": {"x": 0.30941498279571533, "y": 0.5152580142021179, "z": 0.3823564648628235, "vis": 0.9426572918891907}, "11": {"x": 0.2820124626159668, "y": 0.48241353034973145, "z": 0.18035149574279785, "vis": 0.9999575614929199}, "12": {"x": 0.341113805770874, "y": 0.4876980185508728, "z": 0.3504841923713684, "vis": 0.9976778626441956}, "13": {"x": 0.24027471244335175, "y": 0.44465866684913635, "z": 0.14954708516597748, "vis": 0.894256055355072}, "14": {"x": 0.36586493253707886, "y": 0.5780299305915833, "z": 0.3185352683067322, "vis": 0.0024534387048333883}, "15": {"x": 0.1864810734987259, "y": 0.3984828591346741, "z": 0.22614388167858124, "vis": 0.8611031174659729}, "16": {"x": 0.37693044543266296, "y": 0.6357554197311401, "z": 0.27316203713417053, "vis": 0.0024289453867822886}, "17": {"x": 0.17682218551635742, "y": 0.38413339853286743, "z": 0.21483056247234344, "vis": 0.8588994145393372}, "18": {"x": 0.3848057687282562, "y": 0.6440498232841492, "z": 0.28015297651290894, "vis": 0.004619949962943792}, "19": {"x": 0.1766645610332489, "y": 0.3758431375026703, "z": 0.23641377687454224, "vis": 0.8364086151123047}, "20": {"x": 0.3778398633003235, "y": 0.6508713364601135, "z": 0.277919739484787, "vis": 0.00425788713619113}, "21": {"x": 0.1802348643541336, "y": 0.3815349042415619, "z": 0.23493359982967377, "vis": 0.7973771691322327}, "22": {"x": 0.37209540605545044, "y": 0.6464994549751282, "z": 0.2716643810272217, "vis": 0.004893231205642223}, "23": {"x": 0.3521093726158142, "y": 0.6047674417495728, "z": -0.07218637317419052, "vis": 0.9999955892562866}, "24": {"x": 0.3870592713356018, "y": 0.5955435633659363, "z": 0.07192512601613998, "vis": 0.9999732971191406}, "25": {"x": 0.3206251859664917, "y": 0.7787830233573914, "z": -0.08710948377847672, "vis": 0.99608314037323}, "26": {"x": 0.3684959411621094, "y": 0.7431733012199402, "z": 0.18118424713611603, "vis": 0.3414015471935272}, "27": {"x": 0.34612786769866943, "y": 0.9620673656463623, "z": -0.0888407900929451, "vis": 0.9483432173728943}, "28": {"x": 0.36715295910835266, "y": 0.8849684000015259, "z": 0.27158433198928833, "vis": 0.38525035977363586}, "29": {"x": 0.35727089643478394, "y": 0.9847656488418579, "z": -0.08674421906471252, "vis": 0.9556636214256287}, "30": {"x": 0.37584614753723145, "y": 0.9117064476013184, "z": 0.2779495120048523, "vis": 0.5721154808998108}, "31": {"x": 0.31449639797210693, "y": 1.0294982194900513, "z": -0.10220490396022797, "vis": 0.8429521322250366}, "32": {"x": 0.34068140387535095, "y": 0.928585410118103, "z": 0.2662869393825531, "vis": 0.3674694895744324}, "meta": {"r_elbow_deg": 175.5284250808124, "r_knee_deg": 173.37574921800007, "trunk_deg": 113.82065405864941, "bat_tilt_deg": 145.49331960469812, "x_factor_deg": 9.90060106253739, "shot_type": "Cut/Pull"}}