{"0": {"x": 0.1395871639251709, "y": 0.2484511286020279, "z": -0.24873624742031097, "vis": 0.9999651908874512}, "1": {"x": 0.14315907657146454, "y": 0.2368595451116562, "z": -0.22842885553836823, "vis": 0.9999016523361206}, "2": {"x": 0.1463368982076645, "y": 0.23786696791648865, "z": -0.2284238040447235, "vis": 0.9998890161514282}, "3": {"x": 0.1495978683233261, "y": 0.23879081010818481, "z": -0.228441521525383, "vis": 0.9998594522476196}, "4": {"x": 0.1352836787700653, "y": 0.235756054520607, "z": -0.22933191061019897, "vis": 0.9999529123306274}, "5": {"x": 0.13278840482234955, "y": 0.2361503541469574, "z": -0.2293730229139328, "vis": 0.9999610185623169}, "6": {"x": 0.13031931221485138, "y": 0.2367461919784546, "z": -0.22942928969860077, "vis": 0.9999638795852661}, "7": {"x": 0.1545390486717224, "y": 0.2498459815979004, "z": -0.11849342286586761, "vis": 0.9998767375946045}, "8": {"x": 0.12736210227012634, "y": 0.24937209486961365, "z": -0.1240311935544014, "vis": 0.9999741315841675}, "9": {"x": 0.14638642966747284, "y": 0.26710760593414307, "z": -0.2077946811914444, "vis": 0.9999277591705322}, "10": {"x": 0.13578084111213684, "y": 0.26596981287002563, "z": -0.20939838886260986, "vis": 0.9999686479568481}, "11": {"x": 0.18405719101428986, "y": 0.33580678701400757, "z": -0.06875939667224884, "vis": 0.9976330995559692}, "12": {"x": 0.10314300656318665, "y": 0.3646092712879181, "z": -0.05589597672224045, "vis": 0.9992430210113525}, "13": {"x": 0.2178594022989273, "y": 0.2633247375488281, "z": -0.18600112199783325, "vis": 0.9920561909675598}, "14": {"x": 0.0760268121957779, "y": 0.48044353723526, "z": -0.076601043343544, "vis": 0.9786219000816345}, "15": {"x": 0.1820676028728485, "y": 0.1834098845720291, "z": -0.3083514869213104, "vis": 0.8763788342475891}, "16": {"x": 0.10615873336791992, "y": 0.49415767192840576, "z": -0.15648451447486877, "vis": 0.872857391834259}, "17": {"x": 0.16896989941596985, "y": 0.16593682765960693, "z": -0.3390529453754425, "vis": 0.6128201484680176}, "18": {"x": 0.1180662289261818, "y": 0.5098043084144592, "z": -0.17174896597862244, "vis": 0.744705080986023}, "19": {"x": 0.1640763282775879, "y": 0.16961732506752014, "z": -0.3196556568145752, "vis": 0.5776220560073853}, "20": {"x": 0.12349367141723633, "y": 0.5011157393455505, "z": -0.16838745772838593, "vis": 0.7351416945457458}, "21": {"x": 0.16639003157615662, "y": 0.1784818172454834, "z": -0.3051202595233917, "vis": 0.5732412338256836}, "22": {"x": 0.11810631304979324, "y": 0.494326114654541, "z": -0.1542811542749405, "vis": 0.6622210741043091}, "23": {"x": 0.1773000806570053, "y": 0.6101258993148804, "z": -0.0011169582139700651, "vis": 0.9995710253715515}, "24": {"x": 0.13171318173408508, "y": 0.6166993379592896, "z": 0.00103024672716856, "vis": 0.9995912909507751}, "25": {"x": 0.16897621750831604, "y": 0.7984014749526978, "z": -0.13082149624824524, "vis": 0.9562521576881409}, "26": {"x": 0.1432359665632248, "y": 0.8211753368377686, "z": -0.051373958587646484, "vis": 0.9748104214668274}, "27": {"x": 0.12629927694797516, "y": 0.8524788618087769, "z": 0.148594468832016, "vis": 0.7887041568756104}, "28": {"x": 0.13628742098808289, "y": 0.9706999063491821, "z": 0.08529462665319443, "vis": 0.9666602611541748}, "29": {"x": 0.11929203569889069, "y": 0.8472469449043274, "z": 0.17473307251930237, "vis": 0.7361892461776733}, "30": {"x": 0.13654989004135132, "y": 0.9862263202667236, "z": 0.09483809024095535, "vis": 0.8248245120048523}, "31": {"x": 0.11447057127952576, "y": 0.9404670000076294, "z": 0.10346600413322449, "vis": 0.7956224083900452}, "32": {"x": 0.13922527432441711, "y": 1.0497257709503174, "z": -0.016359059140086174, "vis": 0.9304043054580688}}