{"0": {"x": 0.32022953033447266, "y": 0.4318120777606964, "z": 0.40469926595687866, "vis": 0.9798145890235901}, "1": {"x": 0.3165472745895386, "y": 0.423786461353302, "z": 0.392497718334198, "vis": 0.9863333106040955}, "2": {"x": 0.31425389647483826, "y": 0.42436617612838745, "z": 0.39248281717300415, "vis": 0.9875505566596985}, "3": {"x": 0.3118624687194824, "y": 0.42504316568374634, "z": 0.392485648393631, "vis": 0.9886181354522705}, "4": {"x": 0.32275107502937317, "y": 0.42240503430366516, "z": 0.39632222056388855, "vis": 0.9814645648002625}, "5": {"x": 0.32463422417640686, "y": 0.42221784591674805, "z": 0.39635226130485535, "vis": 0.9806361794471741}, "6": {"x": 0.326509565114975, "y": 0.4220592677593231, "z": 0.39624109864234924, "vis": 0.9802808165550232}, "7": {"x": 0.3091333508491516, "y": 0.42904549837112427, "z": 0.31133583188056946, "vis": 0.9894922971725464}, "8": {"x": 0.32996267080307007, "y": 0.42541366815567017, "z": 0.3276331126689911, "vis": 0.9791243672370911}, "9": {"x": 0.317109614610672, "y": 0.4411230981349945, "z": 0.3750137388706207, "vis": 0.982326090335846}, "10": {"x": 0.323886901140213, "y": 0.4397379755973816, "z": 0.3793393075466156, "vis": 0.9707062840461731}, "11": {"x": 0.2873177230358124, "y": 0.4832139015197754, "z": 0.20197714865207672, "vis": 0.9997729659080505}, "12": {"x": 0.35813745856285095, "y": 0.4797293245792389, "z": 0.25939062237739563, "vis": 0.9981092214584351}, "13": {"x": 0.2651887834072113, "y": 0.5869857668876648, "z": 0.14580443501472473, "vis": 0.9818539023399353}, "14": {"x": 0.3856692612171173, "y": 0.5861852169036865, "z": 0.2614109218120575, "vis": 0.3791578710079193}, "15": {"x": 0.24941986799240112, "y": 0.7023205757141113, "z": 0.14965961873531342, "vis": 0.9622986912727356}, "16": {"x": 0.38649246096611023, "y": 0.6413452625274658, "z": 0.3306771218776703, "vis": 0.12958307564258575}, "17": {"x": 0.23770245909690857, "y": 0.7306968569755554, "z": 0.14053469896316528, "vis": 0.9029234647750854}, "18": {"x": 0.39810657501220703, "y": 0.6562774777412415, "z": 0.3436761498451233, "vis": 0.09871566295623779}, "19": {"x": 0.23567965626716614, "y": 0.7301573753356934, "z": 0.15106041729450226, "vis": 0.8954578638076782}, "20": {"x": 0.38977286219596863, "y": 0.6573740839958191, "z": 0.344953715801239, "vis": 0.0935540497303009}, "21": {"x": 0.24442008137702942, "y": 0.7208175659179688, "z": 0.15409213304519653, "vis": 0.8274048566818237}, "22": {"x": 0.38021889328956604, "y": 0.6531212329864502, "z": 0.3334318995475769, "vis": 0.09841280430555344}, "23": {"x": 0.3247644007205963, "y": 0.6581995487213135, "z": -0.008941796608269215, "vis": 0.9989029169082642}, "24": {"x": 0.36962851881980896, "y": 0.6418072581291199, "z": 0.008639154024422169, "vis": 0.9970669150352478}, "25": {"x": 0.332217276096344, "y": 0.826476514339447, "z": -0.06518551707267761, "vis": 0.9665047526359558}, "26": {"x": 0.3821873664855957, "y": 0.785938024520874, "z": -0.022738467901945114, "vis": 0.887713611125946}, "27": {"x": 0.34898534417152405, "y": 0.9943607449531555, "z": -0.18224258720874786, "vis": 0.8807120323181152}, "28": {"x": 0.39301931858062744, "y": 0.952132523059845, "z": -0.13391342759132385, "vis": 0.7084049582481384}, "29": {"x": 0.35232624411582947, "y": 1.0058276653289795, "z": -0.19923460483551025, "vis": 0.9215367436408997}, "30": {"x": 0.3915863037109375, "y": 0.9824692010879517, "z": -0.14857929944992065, "vis": 0.8458684086799622}, "31": {"x": 0.34362244606018066, "y": 1.029467225074768, "z": -0.24956569075584412, "vis": 0.5592446327209473}, "32": {"x": 0.40047284960746765, "y": 0.97786545753479, "z": -0.19351448118686676, "vis": 0.4019155204296112}, "meta": {"r_elbow_deg": 166.3547892057518, "r_knee_deg": 178.74916076060612, "trunk_deg": 87.84343166018394, "bat_tilt_deg": 21.78437865009132, "x_factor_deg": 18.022592790634604, "shot_type": "Other"}}