{"0": {"x": 0.27184733748435974, "y": 0.3829018175601959, "z": -0.07605956494808197, "vis": 0.999925971031189}, "1": {"x": 0.2748672664165497, "y": 0.37019234895706177, "z": -0.076354019343853, "vis": 0.9999090433120728}, "2": {"x": 0.2770092487335205, "y": 0.36927565932273865, "z": -0.0763816237449646, "vis": 0.9999219179153442}, "3": {"x": 0.27950361371040344, "y": 0.3682628571987152, "z": -0.0764346793293953, "vis": 0.9999129772186279}, "4": {"x": 0.2709250748157501, "y": 0.3711947202682495, "z": -0.06416691839694977, "vis": 0.9999172687530518}, "5": {"x": 0.2698988914489746, "y": 0.3712170720100403, "z": -0.06413730978965759, "vis": 0.9999003410339355}, "6": {"x": 0.2689349949359894, "y": 0.3711041212081909, "z": -0.06415633112192154, "vis": 0.9999074935913086}, "7": {"x": 0.288291871547699, "y": 0.3697017729282379, "z": -0.045878540724515915, "vis": 0.999923586845398}, "8": {"x": 0.2737357020378113, "y": 0.37369826436042786, "z": 0.008742528036236763, "vis": 0.9998346567153931}, "9": {"x": 0.2778970003128052, "y": 0.39523574709892273, "z": -0.06239183992147446, "vis": 0.9997643828392029}, "10": {"x": 0.27337175607681274, "y": 0.3978387117385864, "z": -0.04677793011069298, "vis": 0.9997560381889343}, "11": {"x": 0.3106382191181183, "y": 0.43474632501602173, "z": -0.04805915430188179, "vis": 0.9995315074920654}, "12": {"x": 0.2728722095489502, "y": 0.4515863358974457, "z": 0.06777762621641159, "vis": 0.9993656277656555}, "13": {"x": 0.285343736410141, "y": 0.5245946049690247, "z": -0.04652000218629837, "vis": 0.9351024031639099}, "14": {"x": 0.2589438259601593, "y": 0.5569444894790649, "z": 0.005917888134717941, "vis": 0.6799632906913757}, "15": {"x": 0.27597060799598694, "y": 0.4388556480407715, "z": -0.0027435075026005507, "vis": 0.8506368398666382}, "16": {"x": 0.2818862497806549, "y": 0.518215537071228, "z": -0.11406658589839935, "vis": 0.6910353302955627}, "17": {"x": 0.273715078830719, "y": 0.4173990488052368, "z": -0.00699234614148736, "vis": 0.8006858825683594}, "18": {"x": 0.2888597548007965, "y": 0.5106093883514404, "z": -0.1340034008026123, "vis": 0.5771334171295166}, "19": {"x": 0.277932345867157, "y": 0.4069814682006836, "z": -0.010933862067759037, "vis": 0.7925395369529724}, "20": {"x": 0.2907191812992096, "y": 0.5003523230552673, "z": -0.124933160841465, "vis": 0.5514311194419861}, "21": {"x": 0.27942579984664917, "y": 0.4174600839614868, "z": -0.0021181150805205107, "vis": 0.7473636269569397}, "22": {"x": 0.2886148989200592, "y": 0.4999006390571594, "z": -0.11392200738191605, "vis": 0.5108357071876526}, "23": {"x": 0.30598750710487366, "y": 0.6295877695083618, "z": -0.045384109020233154, "vis": 0.9994008541107178}, "24": {"x": 0.28087854385375977, "y": 0.6342782974243164, "z": 0.04540421441197395, "vis": 0.9992761015892029}, "25": {"x": 0.30198097229003906, "y": 0.781647801399231, "z": -0.07572080940008163, "vis": 0.973482072353363}, "26": {"x": 0.28658831119537354, "y": 0.7804526686668396, "z": 0.03744295984506607, "vis": 0.8148958683013916}, "27": {"x": 0.30587589740753174, "y": 0.9351120591163635, "z": -0.06083616241812706, "vis": 0.982119083404541}, "28": {"x": 0.2983746826648712, "y": 0.9268923997879028, "z": 0.06093967705965042, "vis": 0.9053367972373962}, "29": {"x": 0.31091389060020447, "y": 0.9642509818077087, "z": -0.0630560889840126, "vis": 0.8840773701667786}, "30": {"x": 0.3039281368255615, "y": 0.952235221862793, "z": 0.06002691760659218, "vis": 0.7875874638557434}, "31": {"x": 0.2891835570335388, "y": 0.9706596732139587, "z": -0.13294528424739838, "vis": 0.9768798351287842}, "32": {"x": 0.2725716829299927, "y": 0.9639573097229004, "z": 0.007454415317624807, "vis": 0.9190290570259094}, "meta": {"r_elbow_deg": 23.110983052095495, "r_knee_deg": 177.6353150035232, "trunk_deg": 109.66651711435236, "bat_tilt_deg": 173.8670106125299, "x_factor_deg": 12.783486287977535, "shot_type": "Cut/Pull"}}