{"0": {"x": 0.4238567054271698, "y": 0.4043586850166321, "z": -0.25081413984298706, "vis": 0.9910673499107361}, "1": {"x": 0.4251697063446045, "y": 0.3913256525993347, "z": -0.25536802411079407, "vis": 0.9877183437347412}, "2": {"x": 0.4265170395374298, "y": 0.3900322914123535, "z": -0.25541001558303833, "vis": 0.9884097576141357}, "3": {"x": 0.4279748201370239, "y": 0.3885175883769989, "z": -0.2555011510848999, "vis": 0.9937014579772949}, "4": {"x": 0.4227946698665619, "y": 0.39162588119506836, "z": -0.24135805666446686, "vis": 0.9801176190376282}, "5": {"x": 0.4224892854690552, "y": 0.3907630443572998, "z": -0.24140320718288422, "vis": 0.9749642610549927}, "6": {"x": 0.4221985936164856, "y": 0.38990139961242676, "z": -0.24147041141986847, "vis": 0.9789484143257141}, "7": {"x": 0.4351119101047516, "y": 0.3798799514770508, "z": -0.23318137228488922, "vis": 0.9934280514717102}, "8": {"x": 0.4271056652069092, "y": 0.38457155227661133, "z": -0.16943815350532532, "vis": 0.9467109441757202}, "9": {"x": 0.4294482171535492, "y": 0.4081432819366455, "z": -0.23906412720680237, "vis": 0.9979117512702942}, "10": {"x": 0.4268089234828949, "y": 0.4089299738407135, "z": -0.22047965228557587, "vis": 0.9927133917808533}, "11": {"x": 0.46483826637268066, "y": 0.3904471695423126, "z": -0.21458317339420319, "vis": 0.9999790191650391}, "12": {"x": 0.4369836449623108, "y": 0.4189249873161316, "z": -0.07151011377573013, "vis": 0.9992384910583496}, "13": {"x": 0.4980396330356598, "y": 0.43631884455680847, "z": -0.23393724858760834, "vis": 0.995694637298584}, "14": {"x": 0.4633175730705261, "y": 0.4810817241668701, "z": -0.010094576515257359, "vis": 0.241166889667511}, "15": {"x": 0.5091209411621094, "y": 0.5178260803222656, "z": -0.26772749423980713, "vis": 0.984877347946167}, "16": {"x": 0.4798508882522583, "y": 0.5415394306182861, "z": -0.06193944439291954, "vis": 0.279819130897522}, "17": {"x": 0.5137015581130981, "y": 0.5378804802894592, "z": -0.2958814799785614, "vis": 0.967467188835144}, "18": {"x": 0.48390814661979675, "y": 0.5588821172714233, "z": -0.07215969264507294, "vis": 0.2933562099933624}, "19": {"x": 0.507958173751831, "y": 0.5405007600784302, "z": -0.30668729543685913, "vis": 0.9667086005210876}, "20": {"x": 0.48527759313583374, "y": 0.560696542263031, "z": -0.09852782636880875, "vis": 0.2996174097061157}, "21": {"x": 0.5062118768692017, "y": 0.5351651906967163, "z": -0.2722448706626892, "vis": 0.9434219598770142}, "22": {"x": 0.48387661576271057, "y": 0.5527010560035706, "z": -0.07387160509824753, "vis": 0.3069848120212555}, "23": {"x": 0.5096554756164551, "y": 0.5018535852432251, "z": -0.0427374392747879, "vis": 0.9997115731239319}, "24": {"x": 0.4829714298248291, "y": 0.5141278505325317, "z": 0.042978446930646896, "vis": 0.9992126226425171}, "25": {"x": 0.4989364445209503, "y": 0.6370440125465393, "z": -0.09105170518159866, "vis": 0.9385637640953064}, "26": {"x": 0.47063136100769043, "y": 0.6314787864685059, "z": -0.029047159478068352, "vis": 0.7716204524040222}, "27": {"x": 0.48724299669265747, "y": 0.7651983499526978, "z": -0.04300161078572273, "vis": 0.9361456036567688}, "28": {"x": 0.4769216775894165, "y": 0.7626771926879883, "z": 0.009595046751201153, "vis": 0.7633475065231323}, "29": {"x": 0.49075207114219666, "y": 0.7823421955108643, "z": -0.042469125241041183, "vis": 0.8791713118553162}, "30": {"x": 0.48174208402633667, "y": 0.7752605676651001, "z": 0.009971480816602707, "vis": 0.7360748052597046}, "31": {"x": 0.47914719581604004, "y": 0.8028167486190796, "z": -0.11854293197393417, "vis": 0.923008918762207}, "32": {"x": 0.4686064124107361, "y": 0.7996498942375183, "z": -0.05387730523943901, "vis": 0.8494899868965149}, "meta": {"r_elbow_deg": 172.33376960711274, "r_knee_deg": 171.25216008113242, "trunk_deg": 104.47794581221734, "bat_tilt_deg": 12.608899612814648, "x_factor_deg": 20.030016536277873, "shot_type": "Other"}}