{"0": {"x": 0.3663792610168457, "y": 0.14430302381515503, "z": -0.7387996315956116, "vis": 0.999630331993103}, "1": {"x": 0.3754481077194214, "y": 0.10040151327848434, "z": -0.7298568487167358, "vis": 0.9997448325157166}, "2": {"x": 0.3849979341030121, "y": 0.09537911415100098, "z": -0.7297434210777283, "vis": 0.9995453953742981}, "3": {"x": 0.39386850595474243, "y": 0.0918397605419159, "z": -0.7298542261123657, "vis": 0.999610960483551}, "4": {"x": 0.3499259054660797, "y": 0.10353026539087296, "z": -0.7273078560829163, "vis": 0.9998096823692322}, "5": {"x": 0.3432060480117798, "y": 0.10795319080352783, "z": -0.7274361252784729, "vis": 0.999713122844696}, "6": {"x": 0.3377896547317505, "y": 0.1125226691365242, "z": -0.7274185419082642, "vis": 0.9997920393943787}, "7": {"x": 0.40973374247550964, "y": 0.09388741105794907, "z": -0.599328339099884, "vis": 0.9993619322776794}, "8": {"x": 0.3322381377220154, "y": 0.14185830950737, "z": -0.5903146266937256, "vis": 0.9995562434196472}, "9": {"x": 0.4007801115512848, "y": 0.2372625470161438, "z": -0.6844145655632019, "vis": 0.99787437915802}, "10": {"x": 0.37338924407958984, "y": 0.25061044096946716, "z": -0.6816078424453735, "vis": 0.9983274340629578}, "11": {"x": 0.4655928313732147, "y": 0.24948854744434357, "z": -0.4239307940006256, "vis": 0.9965997338294983}, "12": {"x": 0.33949872851371765, "y": 0.3213637173175812, "z": -0.45768222212791443, "vis": 0.9987177848815918}, "13": {"x": 0.5339213013648987, "y": 0.30488744378089905, "z": -0.3499019742012024, "vis": 0.748228907585144}, "14": {"x": 0.3463117182254791, "y": 0.5023670792579651, "z": -0.547279953956604, "vis": 0.5460238456726074}, "15": {"x": 0.5561667680740356, "y": 0.24280458688735962, "z": -0.36207279562950134, "vis": 0.5061982274055481}, "16": {"x": 0.3717920482158661, "y": 0.33698326349258423, "z": -0.7279817461967468, "vis": 0.4849652647972107}, "17": {"x": 0.5665991306304932, "y": 0.21644173562526703, "z": -0.3622165322303772, "vis": 0.35852232575416565}, "18": {"x": 0.3912416398525238, "y": 0.3091922104358673, "z": -0.7655747532844543, "vis": 0.3662523329257965}, "19": {"x": 0.5654081702232361, "y": 0.21066513657569885, "z": -0.37824997305870056, "vis": 0.3635597825050354}, "20": {"x": 0.39374884963035583, "y": 0.2862950265407562, "z": -0.7399107217788696, "vis": 0.322944700717926}, "21": {"x": 0.5572863221168518, "y": 0.22636164724826813, "z": -0.36653101444244385, "vis": 0.34970787167549133}, "22": {"x": 0.397365003824234, "y": 0.299805611371994, "z": -0.7198499441146851, "vis": 0.2665143311023712}, "23": {"x": 0.4691895544528961, "y": 0.5025461316108704, "z": 0.003602187614887953, "vis": 0.9997110962867737}, "24": {"x": 0.3921678364276886, "y": 0.5399928092956543, "z": -0.003800219390541315, "vis": 0.999848484992981}, "25": {"x": 0.5377626419067383, "y": 0.623189389705658, "z": 0.024340784177184105, "vis": 0.4132174253463745}, "26": {"x": 0.3366217017173767, "y": 0.6647748351097107, "z": -0.06412763893604279, "vis": 0.5361612439155579}, "27": {"x": 0.5373062491416931, "y": 0.5591981410980225, "z": 0.3882041573524475, "vis": 0.0903865322470665}, "28": {"x": 0.3814665377140045, "y": 0.7215306758880615, "z": 0.2323087602853775, "vis": 0.15252956748008728}, "29": {"x": 0.5323284268379211, "y": 0.5523561239242554, "z": 0.42665785551071167, "vis": 0.141290083527565}, "30": {"x": 0.3944952189922333, "y": 0.7165960073471069, "z": 0.26335275173187256, "vis": 0.11801844835281372}, "31": {"x": 0.5557118654251099, "y": 0.5810863375663757, "z": 0.40503421425819397, "vis": 0.11888138204813004}, "32": {"x": 0.3907184302806854, "y": 0.8051807284355164, "z": 0.21917781233787537, "vis": 0.1720835417509079}, "meta": {"r_elbow_deg": 10.91417362603244, "r_knee_deg": 117.69045146690317, "trunk_deg": 102.62008883234115, "bat_tilt_deg": 202.20369117285327, "x_factor_deg": 2.094653153300399, "shot_type": "Cut/Pull"}}