{"0": {"x": 0.13880372047424316, "y": 0.8248873949050903, "z": -0.45215415954589844, "vis": 0.9966867566108704}, "1": {"x": 0.1280219554901123, "y": 0.8600819110870361, "z": -0.4462393820285797, "vis": 0.9926674962043762}, "2": {"x": 0.12078823149204254, "y": 0.8649707436561584, "z": -0.44631585478782654, "vis": 0.9904246926307678}, "3": {"x": 0.11355084180831909, "y": 0.8693749904632568, "z": -0.4465082883834839, "vis": 0.9906499981880188}, "4": {"x": 0.14676959812641144, "y": 0.8511971235275269, "z": -0.44219672679901123, "vis": 0.9947425127029419}, "5": {"x": 0.1517639458179474, "y": 0.8493097424507141, "z": -0.4421491324901581, "vis": 0.9940978288650513}, "6": {"x": 0.1576664000749588, "y": 0.8466681241989136, "z": -0.442337304353714, "vis": 0.994901180267334}, "7": {"x": 0.10063736140727997, "y": 0.8680644035339355, "z": -0.34960317611694336, "vis": 0.9860825538635254}, "8": {"x": 0.16115085780620575, "y": 0.8464804887771606, "z": -0.3273616433143616, "vis": 0.995059609413147}, "9": {"x": 0.12015018612146378, "y": 0.7956856489181519, "z": -0.40899187326431274, "vis": 0.9950311183929443}, "10": {"x": 0.14586061239242554, "y": 0.7837427854537964, "z": -0.40244993567466736, "vis": 0.9970542192459106}, "11": {"x": 0.059682220220565796, "y": 0.7216489315032959, "z": -0.20868921279907227, "vis": 0.9943906664848328}, "12": {"x": 0.17914524674415588, "y": 0.7536022067070007, "z": -0.30736473202705383, "vis": 0.999559223651886}, "13": {"x": 0.06849794089794159, "y": 0.48815345764160156, "z": -0.1389753371477127, "vis": 0.21782013773918152}, "14": {"x": 0.1927158236503601, "y": 0.5087336301803589, "z": -0.33182740211486816, "vis": 0.8261244297027588}, "15": {"x": 0.08980263769626617, "y": 0.38654062151908875, "z": -0.12774500250816345, "vis": 0.1925181895494461}, "16": {"x": 0.12208778411149979, "y": 0.34721460938453674, "z": -0.35773590207099915, "vis": 0.8458531498908997}, "17": {"x": 0.09188474714756012, "y": 0.3523280620574951, "z": -0.145074725151062, "vis": 0.18324287235736847}, "18": {"x": 0.11773322522640228, "y": 0.30172404646873474, "z": -0.38940757513046265, "vis": 0.7776532769203186}, "19": {"x": 0.09378820657730103, "y": 0.3709808886051178, "z": -0.14999893307685852, "vis": 0.1921473890542984}, "20": {"x": 0.09189917147159576, "y": 0.3477403223514557, "z": -0.38833561539649963, "vis": 0.7763888239860535}, "21": {"x": 0.09799562394618988, "y": 0.38422805070877075, "z": -0.13072694838047028, "vis": 0.21496471762657166}, "22": {"x": 0.09582957625389099, "y": 0.35263189673423767, "z": -0.3571719229221344, "vis": 0.7645252346992493}, "23": {"x": 0.13926027715206146, "y": 0.3653275966644287, "z": 0.02199077606201172, "vis": 0.9955804944038391}, "24": {"x": 0.19618923962116241, "y": 0.3879525065422058, "z": -0.022058112546801567, "vis": 0.9981163740158081}, "25": {"x": 0.13926805555820465, "y": 0.1764415204524994, "z": 0.18648800253868103, "vis": 0.29896339774131775}, "26": {"x": 0.18601766228675842, "y": 0.16370412707328796, "z": 0.15234126150608063, "vis": 0.5710586905479431}, "27": {"x": 0.15944412350654602, "y": 0.01298534870147705, "z": 0.39150750637054443, "vis": 0.2603878974914551}, "28": {"x": 0.2122184932231903, "y": -0.02324858494102955, "z": 0.3416179120540619, "vis": 0.4470966160297394}, "29": {"x": 0.16638123989105225, "y": -0.00978308916091919, "z": 0.4088048040866852, "vis": 0.31464874744415283}, "30": {"x": 0.21876029670238495, "y": -0.04410523176193237, "z": 0.3596820831298828, "vis": 0.3785861134529114}, "31": {"x": 0.1429290473461151, "y": -0.08860170841217041, "z": 0.35357141494750977, "vis": 0.22474153339862823}, "32": {"x": 0.21324683725833893, "y": -0.13822761178016663, "z": 0.28587257862091064, "vis": 0.35799670219421387}, "meta": {"r_elbow_deg": 206.7905776840232, "r_knee_deg": 169.42506609061195, "trunk_deg": 78.07684394556901, "bat_tilt_deg": 183.6061356914552, "x_factor_deg": 5.995474452017788, "shot_type": "Cut/Pull"}}