{"0": {"x": 0.4810005724430084, "y": 0.6524055004119873, "z": -0.12839484214782715, "vis": 0.9859755635261536}, "1": {"x": 0.48294979333877563, "y": 0.6529187560081482, "z": -0.13427294790744781, "vis": 0.9911327958106995}, "2": {"x": 0.4835963249206543, "y": 0.6547048687934875, "z": -0.13426727056503296, "vis": 0.9909617304801941}, "3": {"x": 0.4842444062232971, "y": 0.6564708948135376, "z": -0.1342850774526596, "vis": 0.9904279708862305}, "4": {"x": 0.48135337233543396, "y": 0.6474841237068176, "z": -0.13443611562252045, "vis": 0.9917755126953125}, "5": {"x": 0.48089438676834106, "y": 0.645561158657074, "z": -0.13446955382823944, "vis": 0.9914351105690002}, "6": {"x": 0.480426162481308, "y": 0.6436465382575989, "z": -0.13449472188949585, "vis": 0.9920944571495056}, "7": {"x": 0.48728251457214355, "y": 0.6581698656082153, "z": -0.1291210800409317, "vis": 0.987113356590271}, "8": {"x": 0.4816552996635437, "y": 0.6396963596343994, "z": -0.13000905513763428, "vis": 0.9905140399932861}, "9": {"x": 0.48293522000312805, "y": 0.6549689769744873, "z": -0.12286240607500076, "vis": 0.9848129153251648}, "10": {"x": 0.4810640513896942, "y": 0.6493602991104126, "z": -0.12322202324867249, "vis": 0.9855461120605469}, "11": {"x": 0.4953362047672272, "y": 0.6682999134063721, "z": -0.09323103725910187, "vis": 0.9968029260635376}, "12": {"x": 0.48513662815093994, "y": 0.6214430332183838, "z": -0.09599719941616058, "vis": 0.9969025254249573}, "13": {"x": 0.5006159543991089, "y": 0.6690034866333008, "z": -0.03654535487294197, "vis": 0.08165935426950455}, "14": {"x": 0.48756614327430725, "y": 0.6023486256599426, "z": -0.04438928887248039, "vis": 0.17339427769184113}, "15": {"x": 0.4957200288772583, "y": 0.6701908707618713, "z": 0.014193776063621044, "vis": 0.03201998770236969}, "16": {"x": 0.4872414469718933, "y": 0.6192665100097656, "z": -0.003277318552136421, "vis": 0.05411510914564133}, "17": {"x": 0.49670177698135376, "y": 0.6738259792327881, "z": 0.016555173322558403, "vis": 0.04888136312365532}, "18": {"x": 0.486428827047348, "y": 0.6192232370376587, "z": -0.0018978711450472474, "vis": 0.09517490118741989}, "19": {"x": 0.4955897331237793, "y": 0.667017936706543, "z": 0.013611458241939545, "vis": 0.04949576407670975}, "20": {"x": 0.48771730065345764, "y": 0.6231377124786377, "z": -0.007606904488056898, "vis": 0.09317955374717712}, "21": {"x": 0.494774729013443, "y": 0.6647608876228333, "z": 0.014507793821394444, "vis": 0.041900623589754105}, "22": {"x": 0.48832404613494873, "y": 0.6253114342689514, "z": -0.0043077897280454636, "vis": 0.08758629858493805}, "23": {"x": 0.5038650631904602, "y": 0.6168929934501648, "z": 0.003157090861350298, "vis": 0.9996718168258667}, "24": {"x": 0.5012550354003906, "y": 0.597773015499115, "z": -0.00311707379296422, "vis": 0.9998513460159302}, "25": {"x": 0.4925892651081085, "y": 0.6321675777435303, "z": 0.0769689753651619, "vis": 0.04523542895913124}, "26": {"x": 0.4907556176185608, "y": 0.5925709009170532, "z": 0.07385492324829102, "vis": 0.15710590779781342}, "27": {"x": 0.4941628873348236, "y": 0.6106297969818115, "z": 0.17016519606113434, "vis": 0.1193532720208168}, "28": {"x": 0.494615375995636, "y": 0.5666699409484863, "z": 0.16480550169944763, "vis": 0.4132680892944336}, "29": {"x": 0.4958435893058777, "y": 0.6057915091514587, "z": 0.18044021725654602, "vis": 0.15728282928466797}, "30": {"x": 0.49589043855667114, "y": 0.5623095631599426, "z": 0.1747046560049057, "vis": 0.3548679053783417}, "31": {"x": 0.4890844225883484, "y": 0.6107609868049622, "z": 0.18069037795066833, "vis": 0.05591737478971481}, "32": {"x": 0.49016448855400085, "y": 0.561242401599884, "z": 0.16995789110660553, "vis": 0.1367676705121994}, "meta": {"r_elbow_deg": 6.15166657318862, "r_knee_deg": 107.88105764417217, "trunk_deg": 141.74844202519725, "bat_tilt_deg": 15.057477919314321, "x_factor_deg": 6.0702019287792695, "shot_type": "Drive"}}