{"0": {"x": 0.4904264509677887, "y": 0.7694525122642517, "z": -0.26568713784217834, "vis": 0.9966917037963867}, "1": {"x": 0.492845743894577, "y": 0.7681919932365417, "z": -0.27037978172302246, "vis": 0.9958848357200623}, "2": {"x": 0.4929279685020447, "y": 0.7676455974578857, "z": -0.27036046981811523, "vis": 0.9939659237861633}, "3": {"x": 0.4945012331008911, "y": 0.7697787284851074, "z": -0.2703739106655121, "vis": 0.9958427548408508}, "4": {"x": 0.48888474702835083, "y": 0.765198290348053, "z": -0.2725023627281189, "vis": 0.9963552951812744}, "5": {"x": 0.48800772428512573, "y": 0.7648207545280457, "z": -0.2725619077682495, "vis": 0.9949741363525391}, "6": {"x": 0.48725390434265137, "y": 0.7649946212768555, "z": -0.2726197838783264, "vis": 0.9968705773353577}, "7": {"x": 0.4956584572792053, "y": 0.7630066275596619, "z": -0.24454234540462494, "vis": 0.9869933128356934}, "8": {"x": 0.48604753613471985, "y": 0.7569643259048462, "z": -0.2553095519542694, "vis": 0.9940599799156189}, "9": {"x": 0.4923172891139984, "y": 0.7639288306236267, "z": -0.25139251351356506, "vis": 0.9969472289085388}, "10": {"x": 0.488756000995636, "y": 0.7623882293701172, "z": -0.25455614924430847, "vis": 0.9977001547813416}, "11": {"x": 0.5051395297050476, "y": 0.7522598505020142, "z": -0.1856294572353363, "vis": 0.99802565574646}, "12": {"x": 0.4735230505466461, "y": 0.7264333963394165, "z": -0.20670492947101593, "vis": 0.9993159770965576}, "13": {"x": 0.5050663948059082, "y": 0.8293037414550781, "z": -0.1755572408437729, "vis": 0.9303910136222839}, "14": {"x": 0.4760565459728241, "y": 0.8208014369010925, "z": -0.22329333424568176, "vis": 0.8521217107772827}, "15": {"x": 0.5055007338523865, "y": 0.8680034875869751, "z": -0.21771325170993805, "vis": 0.9441266655921936}, "16": {"x": 0.4705137312412262, "y": 0.8770217895507812, "z": -0.281225323677063, "vis": 0.9417979121208191}, "17": {"x": 0.5071963667869568, "y": 0.9038358926773071, "z": -0.24360305070877075, "vis": 0.9176270365715027}, "18": {"x": 0.4691728949546814, "y": 0.8894118070602417, "z": -0.31093063950538635, "vis": 0.9217804074287415}, "19": {"x": 0.5025650858879089, "y": 0.8986051678657532, "z": -0.2528568208217621, "vis": 0.9166442155838013}, "20": {"x": 0.4736045300960541, "y": 0.8860163688659668, "z": -0.3207560181617737, "vis": 0.9191506505012512}, "21": {"x": 0.5000054240226746, "y": 0.893663763999939, "z": -0.22423292696475983, "vis": 0.8943710923194885}, "22": {"x": 0.474943608045578, "y": 0.8831399083137512, "z": -0.2880846858024597, "vis": 0.8991317749023438}, "23": {"x": 0.5105634331703186, "y": 0.6444571614265442, "z": 0.015340429730713367, "vis": 0.9998742341995239}, "24": {"x": 0.4893663823604584, "y": 0.6340290307998657, "z": -0.015570633113384247, "vis": 0.9998512268066406}, "25": {"x": 0.49272260069847107, "y": 0.6941748857498169, "z": 0.0847090408205986, "vis": 0.05253363773226738}, "26": {"x": 0.4707796275615692, "y": 0.6774299740791321, "z": 0.05373986437916756, "vis": 0.24324682354927063}, "27": {"x": 0.4915411174297333, "y": 0.6337218880653381, "z": 0.2479216605424881, "vis": 0.0877879410982132}, "28": {"x": 0.47846025228500366, "y": 0.6339399814605713, "z": 0.2502411901950836, "vis": 0.14969350397586823}, "29": {"x": 0.4845739006996155, "y": 0.6284275054931641, "z": 0.26369762420654297, "vis": 0.10317441076040268}, "30": {"x": 0.48116299510002136, "y": 0.6309182047843933, "z": 0.2699666917324066, "vis": 0.13832935690879822}, "31": {"x": 0.48803308606147766, "y": 0.6223483681678772, "z": 0.24704468250274658, "vis": 0.1980992555618286}, "32": {"x": 0.4785444736480713, "y": 0.6138327717781067, "z": 0.25900864601135254, "vis": 0.22054532170295715}, "meta": {"r_elbow_deg": 172.83150617329554, "r_knee_deg": 13.167821990224498, "trunk_deg": 116.63169104062585, "bat_tilt_deg": 2.6154930516168458, "x_factor_deg": 12.199811212862421, "shot_type": "Other"}}