{"0": {"x": 0.49444639682769775, "y": 0.37922072410583496, "z": -0.49388787150382996, "vis": 0.9999793767929077}, "1": {"x": 0.5129138827323914, "y": 0.3217664957046509, "z": -0.47157594561576843, "vis": 0.9999599456787109}, "2": {"x": 0.523906409740448, "y": 0.3242175579071045, "z": -0.4713515043258667, "vis": 0.999962329864502}, "3": {"x": 0.534508466720581, "y": 0.32664263248443604, "z": -0.4715140461921692, "vis": 0.9999617338180542}, "4": {"x": 0.48247402906417847, "y": 0.31569087505340576, "z": -0.4622037410736084, "vis": 0.9999622106552124}, "5": {"x": 0.47317132353782654, "y": 0.3139610290527344, "z": -0.4617302119731903, "vis": 0.9999604225158691}, "6": {"x": 0.4646815061569214, "y": 0.31346285343170166, "z": -0.46172192692756653, "vis": 0.9999520778656006}, "7": {"x": 0.560532808303833, "y": 0.35599803924560547, "z": -0.2914922833442688, "vis": 0.999961256980896}, "8": {"x": 0.45975741744041443, "y": 0.3447471857070923, "z": -0.2350412905216217, "vis": 0.9999592304229736}, "9": {"x": 0.5170040130615234, "y": 0.4382959306240082, "z": -0.4258371889591217, "vis": 0.9999850988388062}, "10": {"x": 0.4792144000530243, "y": 0.43509310483932495, "z": -0.40882211923599243, "vis": 0.9999829530715942}, "11": {"x": 0.6593323945999146, "y": 0.6447133421897888, "z": -0.18670573830604553, "vis": 0.999908447265625}, "12": {"x": 0.40237709879875183, "y": 0.6595140695571899, "z": -0.14063116908073425, "vis": 0.9998296499252319}, "13": {"x": 0.7556478977203369, "y": 0.9635010361671448, "z": -0.18342328071594238, "vis": 0.7190569639205933}, "14": {"x": 0.34077268838882446, "y": 1.007598876953125, "z": -0.11814293265342712, "vis": 0.3934812545776367}, "15": {"x": 0.7761776447296143, "y": 1.2854286432266235, "z": -0.3210716247558594, "vis": 0.1376309096813202}, "16": {"x": 0.29814934730529785, "y": 1.3389225006103516, "z": -0.3728782832622528, "vis": 0.0635039284825325}, "17": {"x": 0.7978924512863159, "y": 1.3675566911697388, "z": -0.3743875026702881, "vis": 0.11875716596841812}, "18": {"x": 0.26916924118995667, "y": 1.42857027053833, "z": -0.42985719442367554, "vis": 0.06660535931587219}, "19": {"x": 0.7679640054702759, "y": 1.3692898750305176, "z": -0.3994247019290924, "vis": 0.1905815452337265}, "20": {"x": 0.29372233152389526, "y": 1.4371552467346191, "z": -0.4870498776435852, "vis": 0.10177178680896759}, "21": {"x": 0.7545256018638611, "y": 1.339727520942688, "z": -0.3397638201713562, "vis": 0.18165521323680878}, "22": {"x": 0.3095666170120239, "y": 1.4021680355072021, "z": -0.4073878228664398, "vis": 0.10606028884649277}, "23": {"x": 0.6293709874153137, "y": 1.3726921081542969, "z": -0.04864686727523804, "vis": 0.0034594135358929634}, "24": {"x": 0.45650672912597656, "y": 1.3760401010513306, "z": 0.05168502777814865, "vis": 0.003288236213847995}, "25": {"x": 0.6209561824798584, "y": 1.9792670011520386, "z": -0.0776200145483017, "vis": 0.0013130608713254333}, "26": {"x": 0.45760083198547363, "y": 1.9966384172439575, "z": 0.1477082073688507, "vis": 0.00031477209995500743}, "27": {"x": 0.6229110360145569, "y": 2.5355958938598633, "z": 0.24878184497356415, "vis": 0.00024453617515973747}, "28": {"x": 0.46367156505584717, "y": 2.5455515384674072, "z": 0.4124596416950226, "vis": 2.3113805582397617e-05}, "29": {"x": 0.6278342008590698, "y": 2.6263628005981445, "z": 0.26378151774406433, "vis": 0.00016697758110240102}, "30": {"x": 0.463620126247406, "y": 2.629310131072998, "z": 0.42822736501693726, "vis": 4.5386568672256544e-05}, "31": {"x": 0.5994184613227844, "y": 2.6991984844207764, "z": -0.06891126185655594, "vis": 0.0002024588902713731}, "32": {"x": 0.4855283498764038, "y": 2.7208402156829834, "z": 0.06771635264158249, "vis": 6.212782318471e-05}, "meta": {"r_elbow_deg": 177.29424909434513, "r_knee_deg": 179.46737144419322, "trunk_deg": 85.5115033095299, "bat_tilt_deg": 13.660612306193684, "x_factor_deg": 1.6759877723122236, "shot_type": "Other"}}