{"0": {"x": 0.6738623976707458, "y": 0.32069307565689087, "z": -0.41822901368141174, "vis": 0.9999954700469971}, "1": {"x": 0.6718566417694092, "y": 0.2697303295135498, "z": -0.38621464371681213, "vis": 0.9999909400939941}, "2": {"x": 0.6750131845474243, "y": 0.26942169666290283, "z": -0.3860929310321808, "vis": 0.9999895095825195}, "3": {"x": 0.6785755157470703, "y": 0.27001047134399414, "z": -0.3860500752925873, "vis": 0.9999858140945435}, "4": {"x": 0.6577205657958984, "y": 0.27001523971557617, "z": -0.42482367157936096, "vis": 0.9999959468841553}, "5": {"x": 0.6488129496574402, "y": 0.2695329785346985, "z": -0.42481309175491333, "vis": 0.9999967813491821}, "6": {"x": 0.6363859176635742, "y": 0.2682710289955139, "z": -0.4249224364757538, "vis": 0.9999961853027344}, "7": {"x": 0.6637938022613525, "y": 0.2852754592895508, "z": -0.22368687391281128, "vis": 0.9999868869781494}, "8": {"x": 0.6008625626564026, "y": 0.2843003273010254, "z": -0.39224520325660706, "vis": 0.9999982118606567}, "9": {"x": 0.6785468459129333, "y": 0.369087815284729, "z": -0.3551243543624878, "vis": 0.9999918937683105}, "10": {"x": 0.6551405191421509, "y": 0.36788859963417053, "z": -0.4037695527076721, "vis": 0.9999980926513672}, "11": {"x": 0.6560127139091492, "y": 0.5334762334823608, "z": -0.026079127565026283, "vis": 0.9997594952583313}, "12": {"x": 0.5235403180122375, "y": 0.5901654958724976, "z": -0.42027056217193604, "vis": 0.9999680519104004}, "13": {"x": 0.6484739184379578, "y": 0.8582171201705933, "z": 0.24937352538108826, "vis": 0.33392655849456787}, "14": {"x": 0.44929587841033936, "y": 0.9794177412986755, "z": -0.4267003536224365, "vis": 0.9679046273231506}, "15": {"x": 0.6552869081497192, "y": 1.0562036037445068, "z": 0.3775215446949005, "vis": 0.38566410541534424}, "16": {"x": 0.48083579540252686, "y": 1.2061487436294556, "z": -0.45724910497665405, "vis": 0.812290370464325}, "17": {"x": 0.6701458096504211, "y": 1.1215828657150269, "z": 0.3914506435394287, "vis": 0.3374589681625366}, "18": {"x": 0.4764542281627655, "y": 1.2764478921890259, "z": -0.5026540756225586, "vis": 0.7392181754112244}, "19": {"x": 0.6602182984352112, "y": 1.1212944984436035, "z": 0.3651292026042938, "vis": 0.3822033703327179}, "20": {"x": 0.5001498460769653, "y": 1.2572448253631592, "z": -0.5316266417503357, "vis": 0.7712181210517883}, "21": {"x": 0.6495615243911743, "y": 1.1050442457199097, "z": 0.36629340052604675, "vis": 0.4026072919368744}, "22": {"x": 0.5012840032577515, "y": 1.2310080528259277, "z": -0.4692012667655945, "vis": 0.7688804268836975}, "23": {"x": 0.6199744939804077, "y": 1.127594232559204, "z": 0.10916019976139069, "vis": 0.3879622519016266}, "24": {"x": 0.5218128561973572, "y": 1.165757417678833, "z": -0.1080617606639862, "vis": 0.48376014828681946}, "25": {"x": 0.6236571073532104, "y": 1.5608652830123901, "z": 0.36443620920181274, "vis": 0.006025649141520262}, "26": {"x": 0.5373122692108154, "y": 1.630967378616333, "z": 0.04595479741692543, "vis": 0.04791939631104469}, "27": {"x": 0.6116554141044617, "y": 1.923393964767456, "z": 0.745413601398468, "vis": 0.0011299879988655448}, "28": {"x": 0.5094020962715149, "y": 1.9966890811920166, "z": 0.2685185372829437, "vis": 0.0035896471235901117}, "29": {"x": 0.599902331829071, "y": 1.99784517288208, "z": 0.7735756635665894, "vis": 0.0010292556835338473}, "30": {"x": 0.4802161455154419, "y": 2.0738704204559326, "z": 0.2827626168727875, "vis": 0.004630118142813444}, "31": {"x": 0.663028359413147, "y": 2.0389404296875, "z": 0.64732825756073, "vis": 0.018695631995797157}, "32": {"x": 0.6005188226699829, "y": 2.0992815494537354, "z": 0.0667051374912262, "vis": 0.00876651145517826}, "meta": {"r_elbow_deg": 161.28190024573448, "r_knee_deg": 173.72769346312302, "trunk_deg": 110.11241753151683, "bat_tilt_deg": 12.00519251301581, "x_factor_deg": 1.0472429823254785, "shot_type": "Other"}}