{"0": {"x": 0.5774643421173096, "y": 0.20556607842445374, "z": -0.09071368724107742, "vis": 0.999316930770874}, "1": {"x": 0.5802161693572998, "y": 0.19833824038505554, "z": -0.08418406546115875, "vis": 0.9988045692443848}, "2": {"x": 0.5817693471908569, "y": 0.19881916046142578, "z": -0.08422644436359406, "vis": 0.9988667964935303}, "3": {"x": 0.5832590460777283, "y": 0.19923406839370728, "z": -0.08427582681179047, "vis": 0.9988346695899963}, "4": {"x": 0.5765998363494873, "y": 0.198283389210701, "z": -0.07883013784885406, "vis": 0.9980277419090271}, "5": {"x": 0.5756320357322693, "y": 0.19854918122291565, "z": -0.07875506579875946, "vis": 0.9971687197685242}, "6": {"x": 0.5746863484382629, "y": 0.19893991947174072, "z": -0.07875103503465652, "vis": 0.997269332408905}, "7": {"x": 0.5870247483253479, "y": 0.20461398363113403, "z": -0.04365256428718567, "vis": 0.9989897608757019}, "8": {"x": 0.5761252045631409, "y": 0.20402278006076813, "z": -0.017346058040857315, "vis": 0.9959112405776978}, "9": {"x": 0.5804693698883057, "y": 0.21442969143390656, "z": -0.07538449764251709, "vis": 0.9990180730819702}, "10": {"x": 0.5767062902450562, "y": 0.2146138846874237, "z": -0.06771061569452286, "vis": 0.9974204301834106}, "11": {"x": 0.5992254614830017, "y": 0.25167161226272583, "z": -0.02546071447432041, "vis": 0.9995056390762329}, "12": {"x": 0.5684561729431152, "y": 0.24465323984622955, "z": 0.01722356304526329, "vis": 0.9978740215301514}, "13": {"x": 0.6027011871337891, "y": 0.30101460218429565, "z": -0.051022570580244064, "vis": 0.9486709833145142}, "14": {"x": 0.5586912631988525, "y": 0.29224348068237305, "z": 0.02670503966510296, "vis": 0.7397980093955994}, "15": {"x": 0.5846054553985596, "y": 0.29512542486190796, "z": -0.09573977440595627, "vis": 0.8368406891822815}, "16": {"x": 0.5697896480560303, "y": 0.2915748953819275, "z": -0.017592869699001312, "vis": 0.8211758136749268}, "17": {"x": 0.5803893208503723, "y": 0.29501646757125854, "z": -0.11207512021064758, "vis": 0.6964539289474487}, "18": {"x": 0.5669117569923401, "y": 0.2910224497318268, "z": -0.02793770842254162, "vis": 0.7544522285461426}, "19": {"x": 0.5817683339118958, "y": 0.2887752652168274, "z": -0.10898453742265701, "vis": 0.6918181777000427}, "20": {"x": 0.571208655834198, "y": 0.2858719825744629, "z": -0.03596527874469757, "vis": 0.7505788803100586}, "21": {"x": 0.5824207663536072, "y": 0.28907138109207153, "z": -0.09576325863599777, "vis": 0.639295220375061}, "22": {"x": 0.5713346004486084, "y": 0.28585320711135864, "z": -0.022290414199233055, "vis": 0.7335795760154724}, "23": {"x": 0.5847893357276917, "y": 0.35797879099845886, "z": -0.013086077757179737, "vis": 0.9926629066467285}, "24": {"x": 0.5644646883010864, "y": 0.3511156737804413, "z": 0.013275673612952232, "vis": 0.990227222442627}, "25": {"x": 0.5886213183403015, "y": 0.4223109781742096, "z": -0.11540992558002472, "vis": 0.6697108149528503}, "26": {"x": 0.5592355132102966, "y": 0.4223097264766693, "z": -0.08199885487556458, "vis": 0.6967564821243286}, "27": {"x": 0.5767127275466919, "y": 0.5151615142822266, "z": -0.061194270849227905, "vis": 0.4122219681739807}, "28": {"x": 0.5592663288116455, "y": 0.5171104073524475, "z": -0.03581574559211731, "vis": 0.5159510374069214}, "29": {"x": 0.5736616849899292, "y": 0.5263673067092896, "z": -0.058713510632514954, "vis": 0.46872153878211975}, "30": {"x": 0.5621020197868347, "y": 0.5333693027496338, "z": -0.03301604464650154, "vis": 0.6108160018920898}, "31": {"x": 0.5789656043052673, "y": 0.5520420670509338, "z": -0.11085214465856552, "vis": 0.29804009199142456}, "32": {"x": 0.5469940900802612, "y": 0.5422664880752563, "z": -0.08344032615423203, "vis": 0.4288800060749054}, "meta": {"r_elbow_deg": 74.95715176110363, "r_knee_deg": 175.78056661367282, "trunk_deg": 76.65598251472221, "bat_tilt_deg": 91.23876999479674, "x_factor_deg": 5.814095673949613, "shot_type": "Cut/Pull"}}