{"0": {"x": 0.40575140714645386, "y": 0.4503031373023987, "z": -0.23374547064304352, "vis": 0.9949297308921814}, "1": {"x": 0.4048122763633728, "y": 0.4376293122768402, "z": -0.2468278557062149, "vis": 0.9965554475784302}, "2": {"x": 0.4058253765106201, "y": 0.43689948320388794, "z": -0.2468339204788208, "vis": 0.9966562986373901}, "3": {"x": 0.40680819749832153, "y": 0.4361775517463684, "z": -0.2469027191400528, "vis": 0.9981443881988525}, "4": {"x": 0.4036833941936493, "y": 0.4360277056694031, "z": -0.22595494985580444, "vis": 0.993958592414856}, "5": {"x": 0.4039609134197235, "y": 0.43424975872039795, "z": -0.2260245531797409, "vis": 0.9931029081344604}, "6": {"x": 0.4042604863643646, "y": 0.4325195848941803, "z": -0.22609449923038483, "vis": 0.9943238496780396}, "7": {"x": 0.4156368374824524, "y": 0.4271196722984314, "z": -0.26495254039764404, "vis": 0.998018741607666}, "8": {"x": 0.41243425011634827, "y": 0.4237337112426758, "z": -0.17181435227394104, "vis": 0.9927009344100952}, "9": {"x": 0.41315796971321106, "y": 0.45447152853012085, "z": -0.237360417842865, "vis": 0.9989782571792603}, "10": {"x": 0.4119219183921814, "y": 0.453780859708786, "z": -0.21020454168319702, "vis": 0.9967791438102722}, "11": {"x": 0.4590834975242615, "y": 0.46044039726257324, "z": -0.2644834816455841, "vis": 0.9999775886535645}, "12": {"x": 0.43485376238822937, "y": 0.4470650553703308, "z": -0.07406622171401978, "vis": 0.999285876750946}, "13": {"x": 0.5070856809616089, "y": 0.4924314618110657, "z": -0.28473734855651855, "vis": 0.9906176924705505}, "14": {"x": 0.4532027840614319, "y": 0.5134478211402893, "z": 0.05463080108165741, "vis": 0.07333550602197647}, "15": {"x": 0.5341176390647888, "y": 0.5635727047920227, "z": -0.30055198073387146, "vis": 0.9793186187744141}, "16": {"x": 0.453258216381073, "y": 0.5673067569732666, "z": 0.11365839838981628, "vis": 0.22394181787967682}, "17": {"x": 0.5442737936973572, "y": 0.5777533650398254, "z": -0.32623425126075745, "vis": 0.9600731134414673}, "18": {"x": 0.4527145028114319, "y": 0.5807355642318726, "z": 0.1285015046596527, "vis": 0.26432132720947266}, "19": {"x": 0.5388394594192505, "y": 0.5842124819755554, "z": -0.32995906472206116, "vis": 0.9590923190116882}, "20": {"x": 0.4519505500793457, "y": 0.5852273106575012, "z": 0.10183358192443848, "vis": 0.28548145294189453}, "21": {"x": 0.5343489646911621, "y": 0.5800175070762634, "z": -0.3019002377986908, "vis": 0.9360807538032532}, "22": {"x": 0.4537403881549835, "y": 0.5808941125869751, "z": 0.10504242777824402, "vis": 0.33089113235473633}, "23": {"x": 0.5131566524505615, "y": 0.5624439716339111, "z": -0.058229848742485046, "vis": 0.9995334148406982}, "24": {"x": 0.4889226257801056, "y": 0.5561298727989197, "z": 0.05841334909200668, "vis": 0.9983235001564026}, "25": {"x": 0.4997236132621765, "y": 0.6945661306381226, "z": -0.07292217761278152, "vis": 0.8704605102539062}, "26": {"x": 0.4823237657546997, "y": 0.6925986409187317, "z": 0.0419912114739418, "vis": 0.40585857629776}, "27": {"x": 0.4961663484573364, "y": 0.8320783972740173, "z": -0.003449165029451251, "vis": 0.9069094061851501}, "28": {"x": 0.4863450229167938, "y": 0.8140405416488647, "z": 0.12633350491523743, "vis": 0.36568647623062134}, "29": {"x": 0.5031617879867554, "y": 0.8512011766433716, "z": 0.00020048636361025274, "vis": 0.830461323261261}, "30": {"x": 0.4936177432537079, "y": 0.8330333828926086, "z": 0.1325932741165161, "vis": 0.4432705044746399}, "31": {"x": 0.46806904673576355, "y": 0.8666531443595886, "z": -0.06050800159573555, "vis": 0.8805814385414124}, "32": {"x": 0.4632224440574646, "y": 0.85154128074646, "z": 0.08898726105690002, "vis": 0.5380504727363586}}