{"0": {"x": 0.5023209452629089, "y": 0.4483906328678131, "z": -0.03334937244653702, "vis": 0.9984631538391113}, "1": {"x": 0.4996926784515381, "y": 0.4403722584247589, "z": -0.02486409991979599, "vis": 0.9978516101837158}, "2": {"x": 0.4996212422847748, "y": 0.440326452255249, "z": -0.024839745834469795, "vis": 0.9975618124008179}, "3": {"x": 0.49957719445228577, "y": 0.4402341842651367, "z": -0.02484108693897724, "vis": 0.9975060820579529}, "4": {"x": 0.4987100064754486, "y": 0.43963679671287537, "z": -0.04331465810537338, "vis": 0.998314380645752}, "5": {"x": 0.4979088008403778, "y": 0.4392709732055664, "z": -0.043332040309906006, "vis": 0.9984651803970337}, "6": {"x": 0.4971450865268707, "y": 0.43901681900024414, "z": -0.04341493546962738, "vis": 0.9983885288238525}, "7": {"x": 0.4969722032546997, "y": 0.4430554509162903, "z": 0.025974802672863007, "vis": 0.9966669678688049}, "8": {"x": 0.49292874336242676, "y": 0.4436962604522705, "z": -0.05621936544775963, "vis": 0.999295711517334}, "9": {"x": 0.5030407905578613, "y": 0.45675551891326904, "z": -0.01242767833173275, "vis": 0.998619794845581}, "10": {"x": 0.5013192892074585, "y": 0.4565536379814148, "z": -0.03644213080406189, "vis": 0.9991804957389832}, "11": {"x": 0.5049286484718323, "y": 0.4971562623977661, "z": 0.07278282940387726, "vis": 0.9966009259223938}, "12": {"x": 0.48545676469802856, "y": 0.4884010851383209, "z": -0.10493125766515732, "vis": 0.9996688365936279}, "13": {"x": 0.526519775390625, "y": 0.5207297205924988, "z": 0.03061201609671116, "vis": 0.2882204055786133}, "14": {"x": 0.5103222131729126, "y": 0.48490309715270996, "z": -0.11794650554656982, "vis": 0.9972266554832458}, "15": {"x": 0.5275089740753174, "y": 0.4812528192996979, "z": -0.07485216110944748, "vis": 0.2489675134420395}, "16": {"x": 0.5302685499191284, "y": 0.45212259888648987, "z": -0.010752573609352112, "vis": 0.9837073683738708}, "17": {"x": 0.5279826521873474, "y": 0.46896791458129883, "z": -0.09338648617267609, "vis": 0.19733381271362305}, "18": {"x": 0.5357202291488647, "y": 0.4397111237049103, "z": -0.01080166082829237, "vis": 0.9491260647773743}, "19": {"x": 0.5237629413604736, "y": 0.46738201379776, "z": -0.0886622965335846, "vis": 0.20812061429023743}, "20": {"x": 0.533431351184845, "y": 0.4381331205368042, "z": -0.014996776357293129, "vis": 0.9439637064933777}, "21": {"x": 0.5220630168914795, "y": 0.4724912941455841, "z": -0.07829646021127701, "vis": 0.22877463698387146}, "22": {"x": 0.531872570514679, "y": 0.4427637755870819, "z": -0.008661434054374695, "vis": 0.9199397563934326}, "23": {"x": 0.5183078646659851, "y": 0.6569795608520508, "z": 0.04853680729866028, "vis": 0.9996720552444458}, "24": {"x": 0.4979509115219116, "y": 0.6644383668899536, "z": -0.04861081391572952, "vis": 0.9995290040969849}, "25": {"x": 0.5453460216522217, "y": 0.7569909691810608, "z": -0.019006680697202682, "vis": 0.9558324217796326}, "26": {"x": 0.5115134119987488, "y": 0.7764758467674255, "z": -0.0308685302734375, "vis": 0.9602789282798767}, "27": {"x": 0.5259940028190613, "y": 0.8539724946022034, "z": 0.05410308390855789, "vis": 0.9135373830795288}, "28": {"x": 0.5079583525657654, "y": 0.8695452809333801, "z": 0.07384184747934341, "vis": 0.9595369696617126}, "29": {"x": 0.5186992883682251, "y": 0.8644585609436035, "z": 0.05983293056488037, "vis": 0.8851162791252136}, "30": {"x": 0.5056043863296509, "y": 0.8795444965362549, "z": 0.081856869161129, "vis": 0.7976202368736267}, "31": {"x": 0.5377212762832642, "y": 0.8973230123519897, "z": 0.017162606120109558, "vis": 0.9393293857574463}, "32": {"x": 0.5158124566078186, "y": 0.9104092717170715, "z": 0.0283274557441473, "vis": 0.9535475969314575}, "meta": {"r_elbow_deg": 230.67261735883653, "r_knee_deg": 170.91022770906636, "trunk_deg": 57.77672248703378, "bat_tilt_deg": 182.2355790195909, "x_factor_deg": 4.014100331739197, "shot_type": "Cut/Pull"}}