{"0": {"x": 0.47635290026664734, "y": 0.7808679342269897, "z": -0.28004375100135803, "vis": 0.9971490502357483}, "1": {"x": 0.47963911294937134, "y": 0.7792403101921082, "z": -0.28997835516929626, "vis": 0.9964248538017273}, "2": {"x": 0.4817686975002289, "y": 0.7805302739143372, "z": -0.28991901874542236, "vis": 0.9959719777107239}, "3": {"x": 0.48395684361457825, "y": 0.7817717790603638, "z": -0.28990399837493896, "vis": 0.9964852333068848}, "4": {"x": 0.47407397627830505, "y": 0.7745077013969421, "z": -0.29327064752578735, "vis": 0.9971356391906738}, "5": {"x": 0.4723222851753235, "y": 0.7725351452827454, "z": -0.29328209161758423, "vis": 0.9966807961463928}, "6": {"x": 0.4705350697040558, "y": 0.7705373167991638, "z": -0.2932588756084442, "vis": 0.9972219467163086}, "7": {"x": 0.48880741000175476, "y": 0.7719845771789551, "z": -0.2735976576805115, "vis": 0.9882414937019348}, "8": {"x": 0.4706273078918457, "y": 0.7547186017036438, "z": -0.2891557216644287, "vis": 0.9945231676101685}, "9": {"x": 0.4811563789844513, "y": 0.7786110043525696, "z": -0.26746445894241333, "vis": 0.9950273633003235}, "10": {"x": 0.4749191999435425, "y": 0.7737178802490234, "z": -0.2719419300556183, "vis": 0.9963237047195435}, "11": {"x": 0.514689028263092, "y": 0.7704573273658752, "z": -0.189994677901268, "vis": 0.9939678907394409}, "12": {"x": 0.4613499641418457, "y": 0.7230479121208191, "z": -0.2247365415096283, "vis": 0.9927002787590027}, "13": {"x": 0.5088984370231628, "y": 0.8422025442123413, "z": -0.15570470690727234, "vis": 0.7540000677108765}, "14": {"x": 0.44236069917678833, "y": 0.7809755802154541, "z": -0.19244633615016937, "vis": 0.7935813665390015}, "15": {"x": 0.49915602803230286, "y": 0.888596773147583, "z": -0.19185009598731995, "vis": 0.7407830357551575}, "16": {"x": 0.4362918734550476, "y": 0.8421825170516968, "z": -0.19431455433368683, "vis": 0.8798306584358215}, "17": {"x": 0.5031505823135376, "y": 0.9046886563301086, "z": -0.21785834431648254, "vis": 0.6628620624542236}, "18": {"x": 0.4313007593154907, "y": 0.8504448533058167, "z": -0.21805895864963531, "vis": 0.8701767921447754}, "19": {"x": 0.49640095233917236, "y": 0.8897914886474609, "z": -0.23338735103607178, "vis": 0.664935827255249}, "20": {"x": 0.43973541259765625, "y": 0.8499500751495361, "z": -0.23441287875175476, "vis": 0.8696604371070862}, "21": {"x": 0.4936835765838623, "y": 0.8854882717132568, "z": -0.2007918655872345, "vis": 0.6525730490684509}, "22": {"x": 0.44311606884002686, "y": 0.8496700525283813, "z": -0.20194154977798462, "vis": 0.840905487537384}, "23": {"x": 0.5108363628387451, "y": 0.6657871603965759, "z": 0.016857726499438286, "vis": 0.997351884841919}, "24": {"x": 0.48750367760658264, "y": 0.6414983868598938, "z": -0.01692604459822178, "vis": 0.995972216129303}, "25": {"x": 0.4932430386543274, "y": 0.7620816230773926, "z": 0.062277957797050476, "vis": 0.07808135449886322}, "26": {"x": 0.4632098078727722, "y": 0.7520163655281067, "z": 0.04990581050515175, "vis": 0.17186111211776733}, "27": {"x": 0.4691919982433319, "y": 0.8129068613052368, "z": 0.21966035664081573, "vis": 0.19438046216964722}, "28": {"x": 0.44647061824798584, "y": 0.8263098001480103, "z": 0.1904597133398056, "vis": 0.3946177661418915}, "29": {"x": 0.4640849828720093, "y": 0.8139731287956238, "z": 0.23264336585998535, "vis": 0.1704225093126297}, "30": {"x": 0.4445940852165222, "y": 0.8316404819488525, "z": 0.2019835114479065, "vis": 0.29157066345214844}, "31": {"x": 0.4741435647010803, "y": 0.8624669313430786, "z": 0.17575037479400635, "vis": 0.34609535336494446}, "32": {"x": 0.4424865245819092, "y": 0.8642462491989136, "z": 0.14376239478588104, "vis": 0.5413480401039124}}