{"0": {"x": 0.6186189651489258, "y": 0.37736091017723083, "z": -0.4510008990764618, "vis": 0.999975323677063}, "1": {"x": 0.6357269883155823, "y": 0.3307052254676819, "z": -0.42443397641181946, "vis": 0.9999474287033081}, "2": {"x": 0.6458078622817993, "y": 0.3341640830039978, "z": -0.4242454469203949, "vis": 0.9999285936355591}, "3": {"x": 0.6558946967124939, "y": 0.33816248178482056, "z": -0.4241468012332916, "vis": 0.9999217987060547}, "4": {"x": 0.6060329079627991, "y": 0.3204822540283203, "z": -0.4334891736507416, "vis": 0.999967098236084}, "5": {"x": 0.5945031046867371, "y": 0.31749850511550903, "z": -0.4331682622432709, "vis": 0.999962568283081}, "6": {"x": 0.5835337042808533, "y": 0.31570661067962646, "z": -0.4332485496997833, "vis": 0.999967098236084}, "7": {"x": 0.6647635102272034, "y": 0.36285901069641113, "z": -0.24501419067382812, "vis": 0.9998910427093506}, "8": {"x": 0.5620980262756348, "y": 0.3347199559211731, "z": -0.2759782075881958, "vis": 0.9999852180480957}, "9": {"x": 0.6289297342300415, "y": 0.43975239992141724, "z": -0.3832860291004181, "vis": 0.9999752044677734}, "10": {"x": 0.5942546725273132, "y": 0.42788130044937134, "z": -0.39158177375793457, "vis": 0.9999908208847046}, "11": {"x": 0.7158747315406799, "y": 0.6487877368927002, "z": -0.10539604723453522, "vis": 0.9996392726898193}, "12": {"x": 0.4594406187534332, "y": 0.6475481986999512, "z": -0.18691031634807587, "vis": 0.9998877048492432}, "13": {"x": 0.8072124123573303, "y": 0.9717440605163574, "z": -0.18872401118278503, "vis": 0.521212637424469}, "14": {"x": 0.3831629157066345, "y": 0.9801695942878723, "z": -0.17754946649074554, "vis": 0.7972148656845093}, "15": {"x": 0.8282226324081421, "y": 0.960857629776001, "z": -0.5051466822624207, "vis": 0.6437894701957703}, "16": {"x": 0.36151322722435, "y": 1.2575033903121948, "z": -0.42265602946281433, "vis": 0.7100483775138855}, "17": {"x": 0.848074734210968, "y": 0.9561352133750916, "z": -0.5753498673439026, "vis": 0.6092495322227478}, "18": {"x": 0.3422843813896179, "y": 1.3282719850540161, "z": -0.46749284863471985, "vis": 0.7107117176055908}, "19": {"x": 0.8162492513656616, "y": 0.828192949295044, "z": -0.5638954043388367, "vis": 0.6844529509544373}, "20": {"x": 0.3617038130760193, "y": 1.2939525842666626, "z": -0.5150824189186096, "vis": 0.799895167350769}, "21": {"x": 0.7951443195343018, "y": 0.8288746476173401, "z": -0.516005277633667, "vis": 0.7109218835830688}, "22": {"x": 0.37575340270996094, "y": 1.2708969116210938, "z": -0.4483358860015869, "vis": 0.802640974521637}, "23": {"x": 0.6507126092910767, "y": 1.2872214317321777, "z": -0.021858246996998787, "vis": 0.001853167894296348}, "24": {"x": 0.48856672644615173, "y": 1.2775394916534424, "z": 0.025119628757238388, "vis": 0.0020067691802978516}, "25": {"x": 0.6331044435501099, "y": 1.8114094734191895, "z": -0.026837121695280075, "vis": 0.00021429581101983786}, "26": {"x": 0.4846963882446289, "y": 1.8216524124145508, "z": 0.11379172652959824, "vis": 4.3178275518584996e-05}, "27": {"x": 0.6201486587524414, "y": 2.2794342041015625, "z": 0.29577168822288513, "vis": 9.568962013872806e-06}, "28": {"x": 0.4730718731880188, "y": 2.2761294841766357, "z": 0.40257421135902405, "vis": 7.355073989856464e-07}, "29": {"x": 0.6205767393112183, "y": 2.3576765060424805, "z": 0.3121068477630615, "vis": 9.773270903679077e-06}, "30": {"x": 0.46706777811050415, "y": 2.348598003387451, "z": 0.4240278899669647, "vis": 1.7911178247231874e-06}, "31": {"x": 0.5994459390640259, "y": 2.4269700050354004, "z": 0.0490659661591053, "vis": 2.0421370209078304e-05}, "32": {"x": 0.4931736886501312, "y": 2.437124729156494, "z": 0.11546061933040619, "vis": 9.06059631233802e-06}}