{"0": {"x": 0.49082237482070923, "y": 0.9524549245834351, "z": -0.07128305733203888, "vis": 0.99970942735672}, "1": {"x": 0.4935610592365265, "y": 0.9538931846618652, "z": -0.0948360413312912, "vis": 0.999788224697113}, "2": {"x": 0.4949111342430115, "y": 0.9533397555351257, "z": -0.09478532522916794, "vis": 0.9997203946113586}, "3": {"x": 0.4966183304786682, "y": 0.9538227319717407, "z": -0.09477505832910538, "vis": 0.9997860789299011}, "4": {"x": 0.48826852440834045, "y": 0.952305793762207, "z": -0.09612065553665161, "vis": 0.9998321533203125}, "5": {"x": 0.486613392829895, "y": 0.9513112306594849, "z": -0.09613187611103058, "vis": 0.9997953772544861}, "6": {"x": 0.4848083257675171, "y": 0.9502966403961182, "z": -0.09612756967544556, "vis": 0.9998303651809692}, "7": {"x": 0.4959307014942169, "y": 0.9392781257629395, "z": -0.15103651583194733, "vis": 0.9997802376747131}, "8": {"x": 0.4817100465297699, "y": 0.9391917586326599, "z": -0.15768587589263916, "vis": 0.9997243285179138}, "9": {"x": 0.493249773979187, "y": 0.9434828758239746, "z": -0.0845944955945015, "vis": 0.9998528957366943}, "10": {"x": 0.48731040954589844, "y": 0.9202351570129395, "z": -0.08644960075616837, "vis": 0.9998836517333984}, "11": {"x": 0.5213989615440369, "y": 0.886344313621521, "z": -0.13159331679344177, "vis": 0.9967165589332581}, "12": {"x": 0.46142083406448364, "y": 0.8631765842437744, "z": -0.14760322868824005, "vis": 0.9963452219963074}, "13": {"x": 0.5017420649528503, "y": 0.961961030960083, "z": -0.13464179635047913, "vis": 0.8433305621147156}, "14": {"x": 0.46439361572265625, "y": 0.9356611371040344, "z": -0.19353392720222473, "vis": 0.6203632950782776}, "15": {"x": 0.49959540367126465, "y": 1.0419905185699463, "z": -0.17648278176784515, "vis": 0.9232520461082458}, "16": {"x": 0.471719354391098, "y": 0.9967367053031921, "z": -0.29506832361221313, "vis": 0.8355869650840759}, "17": {"x": 0.5028427243232727, "y": 1.059668779373169, "z": -0.20702876150608063, "vis": 0.9018910527229309}, "18": {"x": 0.46121856570243835, "y": 1.0333364009857178, "z": -0.33072376251220703, "vis": 0.7817484736442566}, "19": {"x": 0.4944707155227661, "y": 1.0578843355178833, "z": -0.2146243155002594, "vis": 0.9069303870201111}, "20": {"x": 0.46784016489982605, "y": 1.0407042503356934, "z": -0.3389118015766144, "vis": 0.7924172282218933}, "21": {"x": 0.4906948506832123, "y": 1.0525293350219727, "z": -0.1830454170703888, "vis": 0.871508002281189}, "22": {"x": 0.4716135859489441, "y": 1.0405895709991455, "z": -0.30302372574806213, "vis": 0.7356963157653809}, "23": {"x": 0.5329586863517761, "y": 0.6923419833183289, "z": -0.0007789302035234869, "vis": 0.9995265007019043}, "24": {"x": 0.489989310503006, "y": 0.6800433993339539, "z": 0.0007144608534872532, "vis": 0.9993407130241394}, "25": {"x": 0.5591595768928528, "y": 0.7647136449813843, "z": 0.10229330509901047, "vis": 0.8122074007987976}, "26": {"x": 0.4681130051612854, "y": 0.7509869933128357, "z": 0.1225358247756958, "vis": 0.7185758352279663}, "27": {"x": 0.6029224991798401, "y": 0.8060141205787659, "z": 0.23163433372974396, "vis": 0.8443886637687683}, "28": {"x": 0.45704028010368347, "y": 0.8047491312026978, "z": 0.2450340837240219, "vis": 0.8663269281387329}, "29": {"x": 0.6095902323722839, "y": 0.8048914074897766, "z": 0.24174830317497253, "vis": 0.8202977180480957}, "30": {"x": 0.4559949040412903, "y": 0.7998871207237244, "z": 0.25530657172203064, "vis": 0.848137378692627}, "31": {"x": 0.6144248247146606, "y": 0.8381392359733582, "z": 0.18238523602485657, "vis": 0.7947674989700317}, "32": {"x": 0.4559023976325989, "y": 0.8538002371788025, "z": 0.20467503368854523, "vis": 0.8385509848594666}}