{"0": {"x": 0.467436283826828, "y": 0.4082678556442261, "z": -0.4879106283187866, "vis": 0.9999418258666992}, "1": {"x": 0.48437440395355225, "y": 0.34651899337768555, "z": -0.4840947389602661, "vis": 0.9998772144317627}, "2": {"x": 0.49584445357322693, "y": 0.3442949056625366, "z": -0.4839067757129669, "vis": 0.9998824596405029}, "3": {"x": 0.5063962340354919, "y": 0.3438887596130371, "z": -0.4839872121810913, "vis": 0.9998747110366821}, "4": {"x": 0.4555930495262146, "y": 0.3579752445220947, "z": -0.46144357323646545, "vis": 0.9998775720596313}, "5": {"x": 0.44778648018836975, "y": 0.3625539541244507, "z": -0.4610407054424286, "vis": 0.9998747110366821}, "6": {"x": 0.44052940607070923, "y": 0.3679938316345215, "z": -0.46121513843536377, "vis": 0.9998611211776733}, "7": {"x": 0.5332502722740173, "y": 0.37096893787384033, "z": -0.36197566986083984, "vis": 0.9998928308486938}, "8": {"x": 0.4387119710445404, "y": 0.3998924493789673, "z": -0.24469445645809174, "vis": 0.999895453453064}, "9": {"x": 0.49458199739456177, "y": 0.4544641673564911, "z": -0.43778684735298157, "vis": 0.9999518394470215}, "10": {"x": 0.4542684257030487, "y": 0.46956634521484375, "z": -0.4033706784248352, "vis": 0.9999468326568604}, "11": {"x": 0.6526272892951965, "y": 0.6778945326805115, "z": -0.23735764622688293, "vis": 0.9997857213020325}, "12": {"x": 0.38777291774749756, "y": 0.7218775749206543, "z": -0.1828359216451645, "vis": 0.9997925162315369}, "13": {"x": 0.7583677768707275, "y": 0.9884552955627441, "z": -0.1726873368024826, "vis": 0.6489061117172241}, "14": {"x": 0.3105504810810089, "y": 1.025209665298462, "z": -0.12407081574201584, "vis": 0.4649477005004883}, "15": {"x": 0.808632493019104, "y": 1.350722074508667, "z": -0.2572757303714752, "vis": 0.1903865784406662}, "16": {"x": 0.2694582939147949, "y": 1.4351662397384644, "z": -0.3280491530895233, "vis": 0.1348985731601715}, "17": {"x": 0.8428548574447632, "y": 1.4288039207458496, "z": -0.2939744293689728, "vis": 0.19945749640464783}, "18": {"x": 0.2467322051525116, "y": 1.535701870918274, "z": -0.37972819805145264, "vis": 0.14652401208877563}, "19": {"x": 0.8150967359542847, "y": 1.4349353313446045, "z": -0.3351458013057709, "vis": 0.3150423467159271}, "20": {"x": 0.2758670151233673, "y": 1.5347689390182495, "z": -0.43435734510421753, "vis": 0.22873586416244507}, "21": {"x": 0.7961433529853821, "y": 1.4067282676696777, "z": -0.28102853894233704, "vis": 0.30713918805122375}, "22": {"x": 0.2892848253250122, "y": 1.499293565750122, "z": -0.3618593215942383, "vis": 0.22499984502792358}, "23": {"x": 0.612583339214325, "y": 1.4616798162460327, "z": -0.048861466348171234, "vis": 0.0009595041628926992}, "24": {"x": 0.43049684166908264, "y": 1.463455319404602, "z": 0.05230453610420227, "vis": 0.001000968273729086}, "25": {"x": 0.6128633618354797, "y": 2.079770088195801, "z": -0.07896478474140167, "vis": 0.0003320428659208119}, "26": {"x": 0.4441761076450348, "y": 2.0936498641967773, "z": 0.11343053728342056, "vis": 0.00010969702270813286}, "27": {"x": 0.6224389672279358, "y": 2.642910957336426, "z": 0.26655253767967224, "vis": 3.7882098695263267e-05}, "28": {"x": 0.45846807956695557, "y": 2.6497459411621094, "z": 0.35132351517677307, "vis": 5.437359959614696e-06}, "29": {"x": 0.6308950781822205, "y": 2.7334885597229004, "z": 0.28372353315353394, "vis": 2.8420390663086437e-05}, "30": {"x": 0.4592094123363495, "y": 2.735846996307373, "z": 0.36622029542922974, "vis": 1.2359324500721414e-05}, "31": {"x": 0.5923423767089844, "y": 2.8072848320007324, "z": -0.04083208739757538, "vis": 6.301749090198427e-05}, "32": {"x": 0.4803354740142822, "y": 2.8248543739318848, "z": 0.0187989454716444, "vis": 2.5569779609213583e-05}, "meta": {"r_elbow_deg": 171.44096855826967, "r_knee_deg": 179.77128220219, "trunk_deg": 92.51424509292694, "bat_tilt_deg": 21.849107174379327, "x_factor_deg": 6.964614593382154, "shot_type": "Other"}}