{"0": {"x": 0.38487517833709717, "y": 0.800707221031189, "z": -0.14337778091430664, "vis": 0.9999281167984009}, "1": {"x": 0.37897005677223206, "y": 0.8136106133460999, "z": -0.13051030039787292, "vis": 0.9998745918273926}, "2": {"x": 0.37566694617271423, "y": 0.8094565272331238, "z": -0.13062189519405365, "vis": 0.9998577833175659}, "3": {"x": 0.311839759349823, "y": 0.8124597668647766, "z": -0.13070951402187347, "vis": 0.999887228012085}, "4": {"x": 0.3354575037956238, "y": 0.842348575592041, "z": -0.13196788728237152, "vis": 0.9998682737350464}, "5": {"x": 0.340337872505188, "y": 0.8493093252182007, "z": -0.13194206357002258, "vis": 0.9998307228088379}, "6": {"x": 0.3451670706272125, "y": 0.8562433123588562, "z": -0.1320195496082306, "vis": 0.9998440742492676}, "7": {"x": 0.30775487422943115, "y": 0.7976340651512146, "z": -0.02742658741772175, "vis": 0.9998030066490173}, "8": {"x": 0.35295864939689636, "y": 0.8564056158065796, "z": -0.035653118044137955, "vis": 0.9997536540031433}, "9": {"x": 0.33438190817832947, "y": 0.7760080695152283, "z": -0.10172072798013687, "vis": 0.9998102784156799}, "10": {"x": 0.3522806167602539, "y": 0.7990562319755554, "z": -0.10377110540866852, "vis": 0.9997736811637878}, "11": {"x": 0.3096640408039093, "y": 0.6589455604553223, "z": 0.02813878282904625, "vis": 0.9999209642410278}, "12": {"x": 0.4017728269100189, "y": 0.7861418128013611, "z": -0.009961201809346676, "vis": 0.9997768998146057}, "13": {"x": 0.340648353099823, "y": 0.48165658116340637, "z": 0.06382450461387634, "vis": 0.8257403373718262}, "14": {"x": 0.4638189375400543, "y": 0.6750141382217407, "z": -0.07879068702459335, "vis": 0.8602526783943176}, "15": {"x": 0.36032834649086, "y": 0.38592958450317383, "z": 0.01096376869827509, "vis": 0.8930740356445312}, "16": {"x": 0.45249485969543457, "y": 0.6450063586235046, "z": -0.2150452435016632, "vis": 0.8475295901298523}, "17": {"x": 0.3628825843334198, "y": 0.34184107184410095, "z": -0.006334650330245495, "vis": 0.867862343788147}, "18": {"x": 0.45545780658721924, "y": 0.6250766515731812, "z": -0.24283923208713531, "vis": 0.8105892539024353}, "19": {"x": 0.36589887738227844, "y": 0.37020671367645264, "z": -0.03025870770215988, "vis": 0.8697317838668823}, "20": {"x": 0.44325360655784607, "y": 0.6455806493759155, "z": -0.2509423792362213, "vis": 0.8163644075393677}, "21": {"x": 0.36842989921569824, "y": 0.386518269777298, "z": 0.0005472119082696736, "vis": 0.8725925087928772}, "22": {"x": 0.4400809705257416, "y": 0.6445478200912476, "z": -0.22118087112903595, "vis": 0.8181070685386658}, "23": {"x": 0.4279409646987915, "y": 0.3425906300544739, "z": 0.012422035448253155, "vis": 0.9990575909614563}, "24": {"x": 0.4784623086452484, "y": 0.4208170771598816, "z": -0.012337902560830116, "vis": 0.9992203712463379}, "25": {"x": 0.45203593373298645, "y": 0.23711413145065308, "z": -0.07927438616752625, "vis": 0.8030494451522827}, "26": {"x": 0.518132209777832, "y": 0.3288843035697937, "z": -0.14322587847709656, "vis": 0.9192177057266235}, "27": {"x": 0.5494597554206848, "y": 0.14673712849617004, "z": -0.0052503119222819805, "vis": 0.7420134544372559}, "28": {"x": 0.6015322804450989, "y": 0.21503788232803345, "z": -0.10518988221883774, "vis": 0.9054504036903381}, "29": {"x": 0.5632435083389282, "y": 0.14400185644626617, "z": -0.0009557404555380344, "vis": 0.7028721570968628}, "30": {"x": 0.6044338345527649, "y": 0.19904908537864685, "z": -0.10004858672618866, "vis": 0.8193580508232117}, "31": {"x": 0.5835909843444824, "y": 0.060511257499456406, "z": -0.05911838635802269, "vis": 0.7451065182685852}, "32": {"x": 0.6638686656951904, "y": 0.16284020245075226, "z": -0.15612095594406128, "vis": 0.86444091796875}}