{"0": {"x": 0.4468044638633728, "y": 0.4143356680870056, "z": -0.49339303374290466, "vis": 0.9999880790710449}, "1": {"x": 0.4647907018661499, "y": 0.3477005958557129, "z": -0.477578729391098, "vis": 0.9999679327011108}, "2": {"x": 0.4771098494529724, "y": 0.34285497665405273, "z": -0.4772758185863495, "vis": 0.9999632835388184}, "3": {"x": 0.48812219500541687, "y": 0.34029972553253174, "z": -0.47738367319107056, "vis": 0.9999687671661377}, "4": {"x": 0.4329162836074829, "y": 0.36618074774742126, "z": -0.4560393691062927, "vis": 0.9999631643295288}, "5": {"x": 0.42504870891571045, "y": 0.37140366435050964, "z": -0.45569908618927, "vis": 0.999951958656311}, "6": {"x": 0.4179536700248718, "y": 0.37679973244667053, "z": -0.4556863307952881, "vis": 0.9999570846557617}, "7": {"x": 0.5177185535430908, "y": 0.3606140613555908, "z": -0.31465405225753784, "vis": 0.9999756813049316}, "8": {"x": 0.4228658676147461, "y": 0.40422776341438293, "z": -0.20057536661624908, "vis": 0.9999469518661499}, "9": {"x": 0.4768957495689392, "y": 0.4607510566711426, "z": -0.4338284730911255, "vis": 0.999991774559021}, "10": {"x": 0.43645551800727844, "y": 0.4812028110027313, "z": -0.40083086490631104, "vis": 0.999984860420227}, "11": {"x": 0.6343187093734741, "y": 0.6622990369796753, "z": -0.19457058608531952, "vis": 0.9998202919960022}, "12": {"x": 0.380048930644989, "y": 0.6971416473388672, "z": -0.14224791526794434, "vis": 0.9997075200080872}, "13": {"x": 0.7514259815216064, "y": 0.9918312430381775, "z": -0.2073344737291336, "vis": 0.8744085431098938}, "14": {"x": 0.29704275727272034, "y": 0.9949725270271301, "z": -0.42854246497154236, "vis": 0.9605193138122559}, "15": {"x": 0.7909114956855774, "y": 1.3329790830612183, "z": -0.30867213010787964, "vis": 0.6062979698181152}, "16": {"x": 0.3629146218299866, "y": 0.6639238595962524, "z": -0.876481294631958, "vis": 0.9709244966506958}, "17": {"x": 0.8160178661346436, "y": 1.423028826713562, "z": -0.3496829867362976, "vis": 0.49828192591667175}, "18": {"x": 0.359085351228714, "y": 0.5451396703720093, "z": -0.9705118536949158, "vis": 0.9201515913009644}, "19": {"x": 0.7791333198547363, "y": 1.4179682731628418, "z": -0.3679759204387665, "vis": 0.6146557927131653}, "20": {"x": 0.37003961205482483, "y": 0.5273199677467346, "z": -0.9260920286178589, "vis": 0.927157461643219}, "21": {"x": 0.761821985244751, "y": 1.3922966718673706, "z": -0.3228745758533478, "vis": 0.6525234580039978}, "22": {"x": 0.3815731704235077, "y": 0.5645593404769897, "z": -0.8751243948936462, "vis": 0.9217966794967651}, "23": {"x": 0.6108196377754211, "y": 1.418487310409546, "z": -0.03251446783542633, "vis": 0.004869746044278145}, "24": {"x": 0.4368530809879303, "y": 1.422008752822876, "z": 0.03586237505078316, "vis": 0.0051304055377841}, "25": {"x": 0.6145314574241638, "y": 1.9809491634368896, "z": -0.023824920877814293, "vis": 0.00023660389706492424}, "26": {"x": 0.4511411190032959, "y": 1.9913113117218018, "z": 0.1785057634115219, "vis": 0.0001937858760356903}, "27": {"x": 0.6193507313728333, "y": 2.4723801612854004, "z": 0.3229093849658966, "vis": 2.074788062600419e-05}, "28": {"x": 0.45402780175209045, "y": 2.4816880226135254, "z": 0.5065551400184631, "vis": 2.548070142438519e-06}, "29": {"x": 0.6291176080703735, "y": 2.5489749908447266, "z": 0.3378370702266693, "vis": 2.2654930944554508e-05}, "30": {"x": 0.4517122209072113, "y": 2.5564451217651367, "z": 0.5314410924911499, "vis": 4.232086212141439e-06}, "31": {"x": 0.5886671543121338, "y": 2.6337976455688477, "z": 0.009678669273853302, "vis": 9.632686669647228e-06}, "32": {"x": 0.4746493101119995, "y": 2.6638762950897217, "z": 0.18693633377552032, "vis": 8.760921446082648e-06}}