{"0": {"x": 0.6721324920654297, "y": 0.3564133644104004, "z": -0.4748850464820862, "vis": 0.9999918937683105}, "1": {"x": 0.6840352416038513, "y": 0.3062978982925415, "z": -0.4372994005680084, "vis": 0.9999797344207764}, "2": {"x": 0.6916614770889282, "y": 0.30919337272644043, "z": -0.43707114458084106, "vis": 0.9999769926071167}, "3": {"x": 0.6990520358085632, "y": 0.3127889633178711, "z": -0.43684646487236023, "vis": 0.9999704360961914}, "4": {"x": 0.6569141149520874, "y": 0.29797089099884033, "z": -0.45893222093582153, "vis": 0.9999864101409912}, "5": {"x": 0.645473837852478, "y": 0.2952932119369507, "z": -0.4585973918437958, "vis": 0.9999862909317017}, "6": {"x": 0.6329618692398071, "y": 0.293363094329834, "z": -0.45874157547950745, "vis": 0.999984622001648}, "7": {"x": 0.699680745601654, "y": 0.3351454734802246, "z": -0.2189989984035492, "vis": 0.9999531507492065}, "8": {"x": 0.6068335175514221, "y": 0.31207454204559326, "z": -0.31106001138687134, "vis": 0.9999915361404419}, "9": {"x": 0.6809059381484985, "y": 0.4156658351421356, "z": -0.3950236141681671, "vis": 0.9999837875366211}, "10": {"x": 0.6488646268844604, "y": 0.40424996614456177, "z": -0.42059168219566345, "vis": 0.9999942779541016}, "11": {"x": 0.7390156388282776, "y": 0.640194296836853, "z": -0.0694507509469986, "vis": 0.9998546838760376}, "12": {"x": 0.49908286333084106, "y": 0.6218794584274292, "z": -0.2634047865867615, "vis": 0.9999464750289917}, "13": {"x": 0.7733603715896606, "y": 0.9257878661155701, "z": -0.09976660460233688, "vis": 0.45450326800346375}, "14": {"x": 0.4249725341796875, "y": 0.9828383922576904, "z": -0.3177430331707001, "vis": 0.8222826719284058}, "15": {"x": 0.8401402235031128, "y": 1.014031171798706, "z": -0.4519951343536377, "vis": 0.6379607319831848}, "16": {"x": 0.41198402643203735, "y": 1.3132777214050293, "z": -0.5474355816841125, "vis": 0.577953577041626}, "17": {"x": 0.8764444589614868, "y": 1.0018365383148193, "z": -0.5265192985534668, "vis": 0.6611638069152832}, "18": {"x": 0.39749401807785034, "y": 1.410187005996704, "z": -0.6015329957008362, "vis": 0.5867605209350586}, "19": {"x": 0.8631135821342468, "y": 1.0238752365112305, "z": -0.5531765222549438, "vis": 0.7384774088859558}, "20": {"x": 0.4210585951805115, "y": 1.3935346603393555, "z": -0.6585400700569153, "vis": 0.6750619411468506}, "21": {"x": 0.842497706413269, "y": 1.0182814598083496, "z": -0.4799099266529083, "vis": 0.7170606851577759}, "22": {"x": 0.43111008405685425, "y": 1.3581581115722656, "z": -0.5756844878196716, "vis": 0.6662583351135254}, "23": {"x": 0.6781455874443054, "y": 1.341090440750122, "z": 0.02116761915385723, "vis": 0.004660869017243385}, "24": {"x": 0.5122888088226318, "y": 1.3304613828659058, "z": -0.018034685403108597, "vis": 0.004406344145536423}, "25": {"x": 0.6588814854621887, "y": 1.9093010425567627, "z": 0.0018212341237813234, "vis": 0.00045439149835146964}, "26": {"x": 0.5086478590965271, "y": 1.9356484413146973, "z": 0.03540915250778198, "vis": 0.0002781256043817848}, "27": {"x": 0.638481080532074, "y": 2.4425580501556396, "z": 0.3267990052700043, "vis": 4.645087392418645e-05}, "28": {"x": 0.4846561551094055, "y": 2.457512617111206, "z": 0.2894667387008667, "vis": 1.0655803635017946e-05}, "29": {"x": 0.6312078237533569, "y": 2.5319924354553223, "z": 0.34021908044815063, "vis": 2.830616540450137e-05}, "30": {"x": 0.4670543670654297, "y": 2.5399601459503174, "z": 0.3044292628765106, "vis": 1.677740874583833e-05}, "31": {"x": 0.6461988091468811, "y": 2.591029167175293, "z": 0.057981938123703, "vis": 0.0002206326462328434}, "32": {"x": 0.5317698121070862, "y": 2.6163456439971924, "z": -0.04248449206352234, "vis": 6.331028271233663e-05}}