{"0": {"x": 0.48047277331352234, "y": 0.39993995428085327, "z": -0.536362886428833, "vis": 0.9999750852584839}, "1": {"x": 0.496792733669281, "y": 0.34211266040802, "z": -0.522674024105072, "vis": 0.9999439716339111}, "2": {"x": 0.5089189410209656, "y": 0.34198641777038574, "z": -0.5225896239280701, "vis": 0.9999508857727051}, "3": {"x": 0.5203924775123596, "y": 0.3428306579589844, "z": -0.522718071937561, "vis": 0.9999384880065918}, "4": {"x": 0.46846556663513184, "y": 0.34748154878616333, "z": -0.5020399689674377, "vis": 0.9999446868896484}, "5": {"x": 0.46090376377105713, "y": 0.350666344165802, "z": -0.5017766952514648, "vis": 0.9999476671218872}, "6": {"x": 0.45455655455589294, "y": 0.35472923517227173, "z": -0.5018419027328491, "vis": 0.9999279975891113}, "7": {"x": 0.5441651940345764, "y": 0.3699377179145813, "z": -0.3683719038963318, "vis": 0.9999516010284424}, "8": {"x": 0.45565518736839294, "y": 0.38404157757759094, "z": -0.25622618198394775, "vis": 0.9999426603317261}, "9": {"x": 0.5030701160430908, "y": 0.45242154598236084, "z": -0.4762774705886841, "vis": 0.9999881982803345}, "10": {"x": 0.46806684136390686, "y": 0.46072453260421753, "z": -0.443543940782547, "vis": 0.9999836683273315}, "11": {"x": 0.6477336883544922, "y": 0.6517161726951599, "z": -0.24237041175365448, "vis": 0.9998769760131836}, "12": {"x": 0.40435144305229187, "y": 0.6962345242500305, "z": -0.14698295295238495, "vis": 0.9998095631599426}, "13": {"x": 0.7606894373893738, "y": 0.9325147867202759, "z": -0.21211117506027222, "vis": 0.8504346013069153}, "14": {"x": 0.3372654616832733, "y": 0.9709963798522949, "z": -0.13475914299488068, "vis": 0.7522404193878174}, "15": {"x": 0.7865700125694275, "y": 1.214107871055603, "z": -0.3384827673435211, "vis": 0.3553982973098755}, "16": {"x": 0.31297802925109863, "y": 1.2918137311935425, "z": -0.42855778336524963, "vis": 0.20198145508766174}, "17": {"x": 0.8123692274093628, "y": 1.2827973365783691, "z": -0.38411691784858704, "vis": 0.24769093096256256}, "18": {"x": 0.29605650901794434, "y": 1.3830382823944092, "z": -0.4839937090873718, "vis": 0.14123886823654175}, "19": {"x": 0.78574538230896, "y": 1.2869495153427124, "z": -0.4095957577228546, "vis": 0.36620908975601196}, "20": {"x": 0.3235788941383362, "y": 1.3834550380706787, "z": -0.5302968621253967, "vis": 0.21156230568885803}, "21": {"x": 0.7700549364089966, "y": 1.2604129314422607, "z": -0.3538398742675781, "vis": 0.35326188802719116}, "22": {"x": 0.33327534794807434, "y": 1.3479337692260742, "z": -0.4570175111293793, "vis": 0.22197078168392181}, "23": {"x": 0.6197534203529358, "y": 1.3359912633895874, "z": -0.07135359197854996, "vis": 0.00789670180529356}, "24": {"x": 0.46041157841682434, "y": 1.3352429866790771, "z": 0.07380672544240952, "vis": 0.007628408260643482}, "25": {"x": 0.6094644665718079, "y": 1.8715251684188843, "z": -0.046378038823604584, "vis": 0.004075547680258751}, "26": {"x": 0.4591682255268097, "y": 1.8850834369659424, "z": 0.26773592829704285, "vis": 0.0007319374708458781}, "27": {"x": 0.6145446300506592, "y": 2.359377861022949, "z": 0.3147539496421814, "vis": 0.0005813334719277918}, "28": {"x": 0.46859338879585266, "y": 2.362112283706665, "z": 0.6227947473526001, "vis": 5.7073782954830676e-05}, "29": {"x": 0.6219714283943176, "y": 2.4455347061157227, "z": 0.33442163467407227, "vis": 0.000308406277326867}, "30": {"x": 0.4705725908279419, "y": 2.441380023956299, "z": 0.6501711010932922, "vis": 0.00017523069982416928}, "31": {"x": 0.584260106086731, "y": 2.514599084854126, "z": 0.013226923532783985, "vis": 0.0002702183264773339}, "32": {"x": 0.4855426847934723, "y": 2.528221368789673, "z": 0.32609468698501587, "vis": 0.0001440847263438627}, "meta": {"r_elbow_deg": 170.60839709274984, "r_knee_deg": 178.738531395904, "trunk_deg": 92.30878151553522, "bat_tilt_deg": 19.20286966544431, "x_factor_deg": 8.083050045595698, "shot_type": "Other"}}