{"0": {"x": 0.45566245913505554, "y": 0.3077731132507324, "z": -0.18838416039943695, "vis": 0.978636622428894}, "1": {"x": 0.45562848448753357, "y": 0.2951858639717102, "z": -0.19097794592380524, "vis": 0.9646839499473572}, "2": {"x": 0.45653146505355835, "y": 0.2928251028060913, "z": -0.19100816547870636, "vis": 0.9652379751205444}, "3": {"x": 0.4573717713356018, "y": 0.2906654477119446, "z": -0.1910434514284134, "vis": 0.972321093082428}, "4": {"x": 0.4536297619342804, "y": 0.2986183762550354, "z": -0.18132902681827545, "vis": 0.9510557055473328}, "5": {"x": 0.4530588686466217, "y": 0.2985638976097107, "z": -0.18135559558868408, "vis": 0.9401231408119202}, "6": {"x": 0.45242390036582947, "y": 0.29870766401290894, "z": -0.18140506744384766, "vis": 0.9541288018226624}, "7": {"x": 0.46097931265830994, "y": 0.282927930355072, "z": -0.16095329821109772, "vis": 0.943818211555481}, "8": {"x": 0.4550451636314392, "y": 0.2937878668308258, "z": -0.11596276611089706, "vis": 0.9033461809158325}, "9": {"x": 0.4589623212814331, "y": 0.3066810667514801, "z": -0.1736122965812683, "vis": 0.9775820374488831}, "10": {"x": 0.45656219124794006, "y": 0.31176692247390747, "z": -0.1606687307357788, "vis": 0.9679526686668396}, "11": {"x": 0.4758074879646301, "y": 0.2795577645301819, "z": -0.14290954172611237, "vis": 0.9994109869003296}, "12": {"x": 0.4554380178451538, "y": 0.3312281668186188, "z": -0.044111285358667374, "vis": 0.9986603260040283}, "13": {"x": 0.47903111577033997, "y": 0.3126276135444641, "z": -0.21678322553634644, "vis": 0.9586434960365295}, "14": {"x": 0.4527011513710022, "y": 0.38277292251586914, "z": -0.027811074629426003, "vis": 0.7794165015220642}, "15": {"x": 0.46154266595840454, "y": 0.3462817668914795, "z": -0.3091789484024048, "vis": 0.929759681224823}, "16": {"x": 0.4562886953353882, "y": 0.406365305185318, "z": -0.10061082243919373, "vis": 0.8225578665733337}, "17": {"x": 0.45949503779411316, "y": 0.35687941312789917, "z": -0.3396996855735779, "vis": 0.8982253074645996}, "18": {"x": 0.4578033983707428, "y": 0.4162904918193817, "z": -0.11538039892911911, "vis": 0.7640571594238281}, "19": {"x": 0.4563208520412445, "y": 0.3642977178096771, "z": -0.3398541510105133, "vis": 0.8922548294067383}, "20": {"x": 0.4583967626094818, "y": 0.4096946716308594, "z": -0.1300249546766281, "vis": 0.7698089480400085}, "21": {"x": 0.45668813586235046, "y": 0.35427573323249817, "z": -0.3114890158176422, "vis": 0.8329710364341736}, "22": {"x": 0.45849448442459106, "y": 0.4060751497745514, "z": -0.10820914804935455, "vis": 0.7446238994598389}, "23": {"x": 0.5047879219055176, "y": 0.4025248885154724, "z": -0.03176135569810867, "vis": 0.9990745782852173}, "24": {"x": 0.4834957718849182, "y": 0.410860538482666, "z": 0.03185077756643295, "vis": 0.9991495609283447}, "25": {"x": 0.4900151193141937, "y": 0.5002156496047974, "z": -0.05018601566553116, "vis": 0.9231683015823364}, "26": {"x": 0.4782913029193878, "y": 0.49478933215141296, "z": -0.022001726552844048, "vis": 0.906240701675415}, "27": {"x": 0.4879167079925537, "y": 0.5877078175544739, "z": 0.039176393300294876, "vis": 0.9251962304115295}, "28": {"x": 0.48703938722610474, "y": 0.5895475745201111, "z": 0.05085577443242073, "vis": 0.9344812035560608}, "29": {"x": 0.4878280460834503, "y": 0.6041133403778076, "z": 0.04507659375667572, "vis": 0.862287700176239}, "30": {"x": 0.4904482662677765, "y": 0.6083053350448608, "z": 0.05598972365260124, "vis": 0.8488613367080688}, "31": {"x": 0.48324039578437805, "y": 0.6210916042327881, "z": -0.013693456538021564, "vis": 0.9259532690048218}, "32": {"x": 0.4778200685977936, "y": 0.6322571039199829, "z": -0.004300766158849001, "vis": 0.9491503834724426}}