{"0": {"x": 0.4854435622692108, "y": 0.33556121587753296, "z": -0.0649595782160759, "vis": 0.99595707654953}, "1": {"x": 0.483411967754364, "y": 0.32526063919067383, "z": -0.06769603490829468, "vis": 0.9885618686676025}, "2": {"x": 0.4830964207649231, "y": 0.3246467113494873, "z": -0.06769288331270218, "vis": 0.9879648685455322}, "3": {"x": 0.48279279470443726, "y": 0.3241860568523407, "z": -0.06772583723068237, "vis": 0.9873476028442383}, "4": {"x": 0.483895480632782, "y": 0.3252637982368469, "z": -0.07424314320087433, "vis": 0.9932178854942322}, "5": {"x": 0.4838942289352417, "y": 0.32482853531837463, "z": -0.07425637543201447, "vis": 0.9938051700592041}, "6": {"x": 0.48388659954071045, "y": 0.32468873262405396, "z": -0.07429634034633636, "vis": 0.9933322072029114}, "7": {"x": 0.481103777885437, "y": 0.32666680216789246, "z": -0.059755947440862656, "vis": 0.9845231771469116}, "8": {"x": 0.48226645588874817, "y": 0.328291654586792, "z": -0.08994394540786743, "vis": 0.9926952123641968}, "9": {"x": 0.4860192835330963, "y": 0.3420248031616211, "z": -0.058497194200754166, "vis": 0.9897240400314331}, "10": {"x": 0.4861810803413391, "y": 0.3420252799987793, "z": -0.0673200711607933, "vis": 0.9909929633140564}, "11": {"x": 0.4839412271976471, "y": 0.3730323314666748, "z": -0.02866647019982338, "vis": 0.9946483969688416}, "12": {"x": 0.4796409010887146, "y": 0.3657543659210205, "z": -0.1239757314324379, "vis": 0.9986573457717896}, "13": {"x": 0.5237361192703247, "y": 0.3610096275806427, "z": -0.04891335219144821, "vis": 0.8410068154335022}, "14": {"x": 0.5027002692222595, "y": 0.34451794624328613, "z": -0.21768616139888763, "vis": 0.9586942195892334}, "15": {"x": 0.564281165599823, "y": 0.32343029975891113, "z": -0.09797799587249756, "vis": 0.797269880771637}, "16": {"x": 0.5348979234695435, "y": 0.3336479067802429, "z": -0.2825709283351898, "vis": 0.9279276728630066}, "17": {"x": 0.5691894292831421, "y": 0.31636083126068115, "z": -0.10577638447284698, "vis": 0.7123567461967468}, "18": {"x": 0.5430307388305664, "y": 0.33279138803482056, "z": -0.30484244227409363, "vis": 0.8760021328926086}, "19": {"x": 0.5716667175292969, "y": 0.3112790286540985, "z": -0.11680329591035843, "vis": 0.7355172038078308}, "20": {"x": 0.5433534383773804, "y": 0.33018359541893005, "z": -0.29647207260131836, "vis": 0.8715729117393494}, "21": {"x": 0.564666748046875, "y": 0.31706979870796204, "z": -0.10539466142654419, "vis": 0.7550168037414551}, "22": {"x": 0.5407873392105103, "y": 0.33177247643470764, "z": -0.28160542249679565, "vis": 0.8172376155853271}, "23": {"x": 0.49112436175346375, "y": 0.5224612951278687, "z": 0.027105530723929405, "vis": 0.9988885521888733}, "24": {"x": 0.4971894323825836, "y": 0.5158654451370239, "z": -0.02722957171499729, "vis": 0.99854975938797}, "25": {"x": 0.49742114543914795, "y": 0.615486204624176, "z": 0.04822457581758499, "vis": 0.8729982376098633}, "26": {"x": 0.5045899152755737, "y": 0.6128893494606018, "z": -0.009512440301477909, "vis": 0.9186634421348572}, "27": {"x": 0.5041286945343018, "y": 0.7037472724914551, "z": 0.07861292362213135, "vis": 0.8817369341850281}, "28": {"x": 0.5092798471450806, "y": 0.7059775590896606, "z": 0.018212711438536644, "vis": 0.9435521364212036}, "29": {"x": 0.5037450194358826, "y": 0.7131511569023132, "z": 0.07970873266458511, "vis": 0.9102879166603088}, "30": {"x": 0.5084438323974609, "y": 0.7154869437217712, "z": 0.019294077530503273, "vis": 0.9125550985336304}, "31": {"x": 0.507010817527771, "y": 0.7299835681915283, "z": 0.037622157484292984, "vis": 0.812110185623169}, "32": {"x": 0.5105236768722534, "y": 0.7330244183540344, "z": -0.0281221941113472, "vis": 0.881744921207428}}