{"0": {"x": 0.5008004903793335, "y": 0.6374664306640625, "z": -0.6043286919593811, "vis": 0.9998728036880493}, "1": {"x": 0.49479278922080994, "y": 0.6637383699417114, "z": -0.6353092789649963, "vis": 0.9999010562896729}, "2": {"x": 0.48876112699508667, "y": 0.6677299737930298, "z": -0.6352052688598633, "vis": 0.9998838901519775}, "3": {"x": 0.47701290249824524, "y": 0.6652628183364868, "z": -0.6353764533996582, "vis": 0.9998940229415894}, "4": {"x": 0.5072561502456665, "y": 0.6615629196166992, "z": -0.6185324192047119, "vis": 0.9998002648353577}, "5": {"x": 0.5105586051940918, "y": 0.6639547348022461, "z": -0.6184060573577881, "vis": 0.9996945858001709}, "6": {"x": 0.5138662457466125, "y": 0.6704480051994324, "z": -0.6184477210044861, "vis": 0.9996947050094604}, "7": {"x": 0.4583508372306824, "y": 0.7246903777122498, "z": -0.630520761013031, "vis": 0.9999393224716187}, "8": {"x": 0.515943169593811, "y": 0.6975952386856079, "z": -0.5505948066711426, "vis": 0.9997325539588928}, "9": {"x": 0.4828875660896301, "y": 0.642140805721283, "z": -0.5841485261917114, "vis": 0.9999576807022095}, "10": {"x": 0.5005845427513123, "y": 0.636885404586792, "z": -0.5611643195152283, "vis": 0.9998830556869507}, "11": {"x": 0.3919789791107178, "y": 0.7901391983032227, "z": -0.5196892023086548, "vis": 0.9999778270721436}, "12": {"x": 0.5424069166183472, "y": 0.734795331954956, "z": -0.3932780623435974, "vis": 0.9998506307601929}, "13": {"x": 0.3588441014289856, "y": 0.5047475695610046, "z": -0.4844207763671875, "vis": 0.9837265610694885}, "14": {"x": 0.5710135698318481, "y": 0.45929035544395447, "z": -0.32941150665283203, "vis": 0.809675931930542}, "15": {"x": 0.3881378173828125, "y": 0.22564558684825897, "z": -0.4839450418949127, "vis": 0.9703163504600525}, "16": {"x": 0.6100010871887207, "y": 0.2245272994041443, "z": -0.36052584648132324, "vis": 0.8773384094238281}, "17": {"x": 0.38563764095306396, "y": 0.16204427182674408, "z": -0.5235851407051086, "vis": 0.9301434755325317}, "18": {"x": 0.6221165657043457, "y": 0.15319083631038666, "z": -0.372500479221344, "vis": 0.8105272054672241}, "19": {"x": 0.3999824821949005, "y": 0.1622537076473236, "z": -0.5215134620666504, "vis": 0.9409440159797668}, "20": {"x": 0.6088054776191711, "y": 0.1560143530368805, "z": -0.409727543592453, "vis": 0.8348206281661987}, "21": {"x": 0.4027348458766937, "y": 0.18381193280220032, "z": -0.48192298412323, "vis": 0.9336236715316772}, "22": {"x": 0.596052348613739, "y": 0.18335695564746857, "z": -0.37533608078956604, "vis": 0.8452861309051514}, "23": {"x": 0.38338571786880493, "y": 0.48662930727005005, "z": -0.050835732370615005, "vis": 0.9997888207435608}, "24": {"x": 0.4701029658317566, "y": 0.49136924743652344, "z": 0.051250290125608444, "vis": 0.9992886781692505}, "25": {"x": 0.3184087872505188, "y": 0.26042819023132324, "z": -0.1653202921152115, "vis": 0.7010334134101868}, "26": {"x": 0.5272700786590576, "y": 0.25720614194869995, "z": 0.10802619904279709, "vis": 0.2813269793987274}, "27": {"x": 0.33949437737464905, "y": -0.001449495553970337, "z": 0.13110624253749847, "vis": 0.30813559889793396}, "28": {"x": 0.5024529695510864, "y": 0.02012030780315399, "z": 0.3728066086769104, "vis": 0.13187208771705627}, "29": {"x": 0.349609375, "y": -0.027071774005889893, "z": 0.1576370894908905, "vis": 0.3212828040122986}, "30": {"x": 0.48348796367645264, "y": -0.014451711438596249, "z": 0.398052453994751, "vis": 0.17668023705482483}, "31": {"x": 0.3175452947616577, "y": -0.13257527351379395, "z": 0.07986866682767868, "vis": 0.2426031082868576}, "32": {"x": 0.54429692029953, "y": -0.08966034650802612, "z": 0.34324994683265686, "vis": 0.125896155834198}}