{"0": {"x": 0.5471314191818237, "y": 0.37255859375, "z": -0.43026092648506165, "vis": 0.9999933242797852}, "1": {"x": 0.568039059638977, "y": 0.3269069194793701, "z": -0.4052809476852417, "vis": 0.9999855756759644}, "2": {"x": 0.5792052149772644, "y": 0.3312016725540161, "z": -0.4050726592540741, "vis": 0.9999836683273315}, "3": {"x": 0.5899642109870911, "y": 0.33606600761413574, "z": -0.40509793162345886, "vis": 0.9999842643737793}, "4": {"x": 0.534712553024292, "y": 0.31800079345703125, "z": -0.4008297026157379, "vis": 0.9999891519546509}, "5": {"x": 0.524883508682251, "y": 0.3163790702819824, "z": -0.40039366483688354, "vis": 0.9999877214431763}, "6": {"x": 0.5156557559967041, "y": 0.31603002548217773, "z": -0.40044811367988586, "vis": 0.9999880790710449}, "7": {"x": 0.6087095141410828, "y": 0.3661797046661377, "z": -0.23191365599632263, "vis": 0.999976396560669}, "8": {"x": 0.5047904253005981, "y": 0.33916187286376953, "z": -0.19974462687969208, "vis": 0.9999889135360718}, "9": {"x": 0.5650122761726379, "y": 0.4383900463581085, "z": -0.36666202545166016, "vis": 0.9999915361404419}, "10": {"x": 0.5267109274864197, "y": 0.42782914638519287, "z": -0.35684412717819214, "vis": 0.9999939203262329}, "11": {"x": 0.6842284798622131, "y": 0.672615110874176, "z": -0.1480623036623001, "vis": 0.9998489618301392}, "12": {"x": 0.4300699234008789, "y": 0.6405540108680725, "z": -0.14534041285514832, "vis": 0.9999247789382935}, "13": {"x": 0.7390503287315369, "y": 0.9878339767456055, "z": -0.1500689834356308, "vis": 0.4995824098587036}, "14": {"x": 0.3666042685508728, "y": 0.9651334881782532, "z": -0.1644103080034256, "vis": 0.49992823600769043}, "15": {"x": 0.7609841823577881, "y": 1.2894071340560913, "z": -0.2975739538669586, "vis": 0.09894587844610214}, "16": {"x": 0.33942586183547974, "y": 1.3430726528167725, "z": -0.43704959750175476, "vis": 0.10978483408689499}, "17": {"x": 0.7838770747184753, "y": 1.3695683479309082, "z": -0.34967729449272156, "vis": 0.10726296901702881}, "18": {"x": 0.31220704317092896, "y": 1.4391906261444092, "z": -0.49798154830932617, "vis": 0.12249881029129028}, "19": {"x": 0.7609009742736816, "y": 1.3667514324188232, "z": -0.3789542019367218, "vis": 0.1672111302614212}, "20": {"x": 0.3385047912597656, "y": 1.439841389656067, "z": -0.5474995970726013, "vis": 0.17863908410072327}, "21": {"x": 0.7466722726821899, "y": 1.336972713470459, "z": -0.3194253444671631, "vis": 0.16956771910190582}, "22": {"x": 0.3542315661907196, "y": 1.4033844470977783, "z": -0.4680931866168976, "vis": 0.19070808589458466}, "23": {"x": 0.6343414783477783, "y": 1.3656419515609741, "z": -0.033883802592754364, "vis": 0.004626113455742598}, "24": {"x": 0.4644535779953003, "y": 1.353171706199646, "z": 0.0368880033493042, "vis": 0.005686373449862003}, "25": {"x": 0.6152215003967285, "y": 1.9310935735702515, "z": -0.040204498916864395, "vis": 0.0006224725511856377}, "26": {"x": 0.45903003215789795, "y": 1.935845136642456, "z": 0.17195914685726166, "vis": 0.00016092759324237704}, "27": {"x": 0.6030422449111938, "y": 2.4483046531677246, "z": 0.2754971981048584, "vis": 9.572276030667126e-05}, "28": {"x": 0.44903209805488586, "y": 2.442225456237793, "z": 0.48255375027656555, "vis": 1.0205158105236478e-05}, "29": {"x": 0.605027973651886, "y": 2.532288074493408, "z": 0.2892104387283325, "vis": 5.8345875004306436e-05}, "30": {"x": 0.44585689902305603, "y": 2.519901752471924, "z": 0.5039096474647522, "vis": 1.8361146430834197e-05}, "31": {"x": 0.5769939422607422, "y": 2.605747699737549, "z": -0.023371443152427673, "vis": 9.99947587843053e-05}, "32": {"x": 0.465435266494751, "y": 2.610919237136841, "z": 0.16474860906600952, "vis": 3.921567622455768e-05}}