{"0": {"x": 0.28758424520492554, "y": 0.8471882343292236, "z": -0.3361484408378601, "vis": 0.9999048709869385}, "1": {"x": 0.2793794274330139, "y": 0.8683092594146729, "z": -0.32284465432167053, "vis": 0.9999047517776489}, "2": {"x": 0.2760702073574066, "y": 0.8636902570724487, "z": -0.32288604974746704, "vis": 0.9998780488967896}, "3": {"x": 0.2727568745613098, "y": 0.8589458465576172, "z": -0.32295405864715576, "vis": 0.999884843826294}, "4": {"x": 0.28985297679901123, "y": 0.8823303580284119, "z": -0.33423736691474915, "vis": 0.9999186992645264}, "5": {"x": 0.29453977942466736, "y": 0.8881238698959351, "z": -0.33437418937683105, "vis": 0.9998985528945923}, "6": {"x": 0.2991868853569031, "y": 0.893854022026062, "z": -0.33449622988700867, "vis": 0.9999072551727295}, "7": {"x": 0.27860715985298157, "y": 0.8475360870361328, "z": -0.2256452739238739, "vis": 0.9997708201408386}, "8": {"x": 0.3152875304222107, "y": 0.8940802812576294, "z": -0.27957677841186523, "vis": 0.9998472929000854}, "9": {"x": 0.2908411920070648, "y": 0.8145490288734436, "z": -0.2981155812740326, "vis": 0.9999406337738037}, "10": {"x": 0.30523717403411865, "y": 0.8327913284301758, "z": -0.31353628635406494, "vis": 0.9999648332595825}, "11": {"x": 0.275585412979126, "y": 0.6927645802497864, "z": -0.18982401490211487, "vis": 0.9998902082443237}, "12": {"x": 0.3927222490310669, "y": 0.7951741218566895, "z": -0.23425400257110596, "vis": 0.999930739402771}, "13": {"x": 0.29611721634864807, "y": 0.46103569865226746, "z": -0.19690252840518951, "vis": 0.844493567943573}, "14": {"x": 0.43033191561698914, "y": 0.5847698450088501, "z": -0.23057259619235992, "vis": 0.9333692789077759}, "15": {"x": 0.3524998128414154, "y": 0.35845687985420227, "z": -0.2738623023033142, "vis": 0.8248815536499023}, "16": {"x": 0.432969868183136, "y": 0.4632815718650818, "z": -0.2668474614620209, "vis": 0.9376589059829712}, "17": {"x": 0.3629593849182129, "y": 0.3095020651817322, "z": -0.3018098473548889, "vis": 0.7724930047988892}, "18": {"x": 0.44090479612350464, "y": 0.42266106605529785, "z": -0.28088265657424927, "vis": 0.9048678278923035}, "19": {"x": 0.37603265047073364, "y": 0.33608630299568176, "z": -0.3064930737018585, "vis": 0.7802265882492065}, "20": {"x": 0.43179306387901306, "y": 0.43045082688331604, "z": -0.30832695960998535, "vis": 0.9130532145500183}, "21": {"x": 0.3766895532608032, "y": 0.356342613697052, "z": -0.2761392891407013, "vis": 0.7733741998672485}, "22": {"x": 0.42593252658843994, "y": 0.43950197100639343, "z": -0.27534499764442444, "vis": 0.9091787934303284}, "23": {"x": 0.3459227383136749, "y": 0.39583349227905273, "z": 0.006898064166307449, "vis": 0.9999150037765503}, "24": {"x": 0.4121038019657135, "y": 0.42883455753326416, "z": -0.007085341960191727, "vis": 0.9998987913131714}, "25": {"x": 0.291608065366745, "y": 0.41748303174972534, "z": -0.1780727207660675, "vis": 0.7609201073646545}, "26": {"x": 0.40110400319099426, "y": 0.44089311361312866, "z": -0.23190370202064514, "vis": 0.5993176102638245}, "27": {"x": 0.3696686625480652, "y": 0.30364343523979187, "z": -0.03465823829174042, "vis": 0.43973779678344727}, "28": {"x": 0.4028783142566681, "y": 0.33308830857276917, "z": 0.02814863994717598, "vis": 0.20779792964458466}, "29": {"x": 0.38358274102211, "y": 0.3034611940383911, "z": -0.01927323266863823, "vis": 0.3931599259376526}, "30": {"x": 0.39868655800819397, "y": 0.324667751789093, "z": 0.05714202672243118, "vis": 0.282333105802536}, "31": {"x": 0.3763066232204437, "y": 0.21101684868335724, "z": -0.041230350732803345, "vis": 0.5250664353370667}, "32": {"x": 0.42313671112060547, "y": 0.26355308294296265, "z": 0.055741097778081894, "vis": 0.3091225326061249}, "meta": {"r_elbow_deg": 188.89065629728557, "r_knee_deg": 41.428108488206185, "trunk_deg": 50.773858946644786, "bat_tilt_deg": 192.69046085646508, "x_factor_deg": 19.251850322565332, "shot_type": "Cut/Pull"}}