{"0": {"x": 0.15751521289348602, "y": 0.8053255081176758, "z": -0.4393588900566101, "vis": 0.9973310232162476}, "1": {"x": 0.14451448619365692, "y": 0.8460057377815247, "z": -0.4341535270214081, "vis": 0.991952121257782}, "2": {"x": 0.13601496815681458, "y": 0.8460465669631958, "z": -0.4341076612472534, "vis": 0.9886205792427063}, "3": {"x": 0.1281641721725464, "y": 0.8489798307418823, "z": -0.43408432602882385, "vis": 0.9860066175460815}, "4": {"x": 0.16412284970283508, "y": 0.850788414478302, "z": -0.43306148052215576, "vis": 0.9959706664085388}, "5": {"x": 0.16924935579299927, "y": 0.852344810962677, "z": -0.43303966522216797, "vis": 0.9958542585372925}, "6": {"x": 0.17530955374240875, "y": 0.8530001044273376, "z": -0.43324366211891174, "vis": 0.9966515898704529}, "7": {"x": 0.1120365634560585, "y": 0.8479472398757935, "z": -0.3366723954677582, "vis": 0.9734382629394531}, "8": {"x": 0.17362169921398163, "y": 0.8455414772033691, "z": -0.3302570879459381, "vis": 0.9967814683914185}, "9": {"x": 0.14409276843070984, "y": 0.7683223485946655, "z": -0.3949500322341919, "vis": 0.9912887811660767}, "10": {"x": 0.16848993301391602, "y": 0.7754495143890381, "z": -0.39286917448043823, "vis": 0.9972136616706848}, "11": {"x": 0.07711463421583176, "y": 0.6905280351638794, "z": -0.18306398391723633, "vis": 0.9726116061210632}, "12": {"x": 0.2016623318195343, "y": 0.7228760123252869, "z": -0.3097471296787262, "vis": 0.9994825124740601}, "13": {"x": 0.09912367165088654, "y": 0.4587862491607666, "z": -0.036888670176267624, "vis": 0.16475585103034973}, "14": {"x": 0.22106295824050903, "y": 0.4472789764404297, "z": -0.33207961916923523, "vis": 0.9488357901573181}, "15": {"x": 0.07805006951093674, "y": 0.3183876872062683, "z": -0.0019165275152772665, "vis": 0.2613450884819031}, "16": {"x": 0.1336202472448349, "y": 0.29871800541877747, "z": -0.3638087809085846, "vis": 0.8704433441162109}, "17": {"x": 0.06914978474378586, "y": 0.2787973880767822, "z": -0.005745347589254379, "vis": 0.2637881338596344}, "18": {"x": 0.1126546561717987, "y": 0.24405834078788757, "z": -0.38666826486587524, "vis": 0.8191555142402649}, "19": {"x": 0.062328070402145386, "y": 0.2840677797794342, "z": -0.02753756381571293, "vis": 0.27062562108039856}, "20": {"x": 0.09614330530166626, "y": 0.28303107619285583, "z": -0.39639750123023987, "vis": 0.8216916918754578}, "21": {"x": 0.07487407326698303, "y": 0.2990945875644684, "z": -0.012032435275614262, "vis": 0.32793813943862915}, "22": {"x": 0.10820379108190536, "y": 0.31016889214515686, "z": -0.3663948178291321, "vis": 0.8349921107292175}, "23": {"x": 0.13529276847839355, "y": 0.309943288564682, "z": 0.023348970338702202, "vis": 0.9661785960197449}, "24": {"x": 0.20218120515346527, "y": 0.3192980885505676, "z": -0.02308943308889866, "vis": 0.9946840405464172}, "25": {"x": 0.14234896004199982, "y": 0.08721412718296051, "z": 0.1814952939748764, "vis": 0.7631790637969971}, "26": {"x": 0.19924181699752808, "y": 0.052601587027311325, "z": 0.1107383742928505, "vis": 0.9493039846420288}, "27": {"x": 0.14857150614261627, "y": -0.0976758673787117, "z": 0.40543332695961, "vis": 0.6259974837303162}, "28": {"x": 0.2072656899690628, "y": -0.17674362659454346, "z": 0.2881130576133728, "vis": 0.8292638659477234}, "29": {"x": 0.15621064603328705, "y": -0.1185799241065979, "z": 0.42262589931488037, "vis": 0.5282926559448242}, "30": {"x": 0.20892433822155, "y": -0.19638130068778992, "z": 0.3043820559978485, "vis": 0.649641215801239}, "31": {"x": 0.12931248545646667, "y": -0.2156771421432495, "z": 0.35661014914512634, "vis": 0.4960227608680725}, "32": {"x": 0.2069644331932068, "y": -0.3094015121459961, "z": 0.19914847612380981, "vis": 0.6259216070175171}}