{"0": {"x": 0.4832964241504669, "y": 0.2825014591217041, "z": -0.16581152379512787, "vis": 0.9893837571144104}, "1": {"x": 0.4863206744194031, "y": 0.2749507427215576, "z": -0.16546227037906647, "vis": 0.9866891503334045}, "2": {"x": 0.48774513602256775, "y": 0.27457696199417114, "z": -0.16544879972934723, "vis": 0.9891831874847412}, "3": {"x": 0.4891909062862396, "y": 0.274223268032074, "z": -0.16549447178840637, "vis": 0.9867178201675415}, "4": {"x": 0.4826681315898895, "y": 0.273392915725708, "z": -0.16168279945850372, "vis": 0.9763107895851135}, "5": {"x": 0.4815286099910736, "y": 0.2720918655395508, "z": -0.16174834966659546, "vis": 0.9757032990455627}, "6": {"x": 0.48037922382354736, "y": 0.2709769606590271, "z": -0.16177937388420105, "vis": 0.9711054563522339}, "7": {"x": 0.4906214773654938, "y": 0.27096742391586304, "z": -0.12163769453763962, "vis": 0.9885107278823853}, "8": {"x": 0.4785749018192291, "y": 0.2680227756500244, "z": -0.10592621564865112, "vis": 0.9620287418365479}, "9": {"x": 0.48531898856163025, "y": 0.2853754758834839, "z": -0.1454475373029709, "vis": 0.9811915755271912}, "10": {"x": 0.48038360476493835, "y": 0.2849135100841522, "z": -0.1413884162902832, "vis": 0.9804901480674744}, "11": {"x": 0.4982815384864807, "y": 0.28559738397598267, "z": -0.11693686991930008, "vis": 0.9994762539863586}, "12": {"x": 0.46584489941596985, "y": 0.2813449501991272, "z": -0.04852958768606186, "vis": 0.9987949132919312}, "13": {"x": 0.4877792298793793, "y": 0.29987961053848267, "z": -0.1741240918636322, "vis": 0.9326411485671997}, "14": {"x": 0.43380528688430786, "y": 0.27139604091644287, "z": -0.12682393193244934, "vis": 0.961373507976532}, "15": {"x": 0.4642527997493744, "y": 0.2974280118942261, "z": -0.2245212346315384, "vis": 0.931681215763092}, "16": {"x": 0.43499964475631714, "y": 0.27561336755752563, "z": -0.2503999173641205, "vis": 0.9700217247009277}, "17": {"x": 0.4607571065425873, "y": 0.29615405201911926, "z": -0.2500022351741791, "vis": 0.9039672613143921}, "18": {"x": 0.43686795234680176, "y": 0.2783028483390808, "z": -0.2711355686187744, "vis": 0.9395152926445007}, "19": {"x": 0.4600195586681366, "y": 0.2921849489212036, "z": -0.2456173151731491, "vis": 0.9045428037643433}, "20": {"x": 0.4381677806377411, "y": 0.27660900354385376, "z": -0.2723582088947296, "vis": 0.941690981388092}, "21": {"x": 0.4607762098312378, "y": 0.29336243867874146, "z": -0.2240350842475891, "vis": 0.8802091479301453}, "22": {"x": 0.4376108944416046, "y": 0.27688902616500854, "z": -0.2542567849159241, "vis": 0.9332451224327087}, "23": {"x": 0.4924667179584503, "y": 0.4088684022426605, "z": -0.028808362782001495, "vis": 0.9997873902320862}, "24": {"x": 0.47519707679748535, "y": 0.4075828790664673, "z": 0.028811678290367126, "vis": 0.9994244575500488}, "25": {"x": 0.48874425888061523, "y": 0.476095587015152, "z": -0.01452883705496788, "vis": 0.9307002425193787}, "26": {"x": 0.47243258357048035, "y": 0.48275890946388245, "z": 0.1357235610485077, "vis": 0.5240478515625}, "27": {"x": 0.49155667424201965, "y": 0.5504704713821411, "z": 0.08267924934625626, "vis": 0.8662862181663513}, "28": {"x": 0.4819728136062622, "y": 0.5146211981773376, "z": 0.29565656185150146, "vis": 0.5987072587013245}, "29": {"x": 0.4950414001941681, "y": 0.5626829266548157, "z": 0.09213938564062119, "vis": 0.838261604309082}, "30": {"x": 0.4894017279148102, "y": 0.5321232676506042, "z": 0.31217145919799805, "vis": 0.6845909953117371}, "31": {"x": 0.4868486821651459, "y": 0.578772246837616, "z": 0.04367256909608841, "vis": 0.8603735566139221}, "32": {"x": 0.48013144731521606, "y": 0.5505977869033813, "z": 0.2836841940879822, "vis": 0.6313555240631104}}