{"0": {"x": 0.14684727787971497, "y": 0.8838682174682617, "z": -0.27543503046035767, "vis": 0.9996646642684937}, "1": {"x": 0.13411763310432434, "y": 0.9091689586639404, "z": -0.26388153433799744, "vis": 0.9996286630630493}, "2": {"x": 0.12630613148212433, "y": 0.9085198640823364, "z": -0.26400497555732727, "vis": 0.9995644688606262}, "3": {"x": 0.11817307770252228, "y": 0.9070215225219727, "z": -0.26420626044273376, "vis": 0.999612033367157}, "4": {"x": 0.1541738510131836, "y": 0.9080468416213989, "z": -0.2667050361633301, "vis": 0.999516487121582}, "5": {"x": 0.15985260903835297, "y": 0.9066639542579651, "z": -0.26662471890449524, "vis": 0.99924635887146}, "6": {"x": 0.16478025913238525, "y": 0.9056676626205444, "z": -0.2666441798210144, "vis": 0.9992557168006897}, "7": {"x": 0.10834573954343796, "y": 0.890673816204071, "z": -0.16318221390247345, "vis": 0.9994440674781799}, "8": {"x": 0.16906528174877167, "y": 0.8962239027023315, "z": -0.17476777732372284, "vis": 0.9986566305160522}, "9": {"x": 0.13159480690956116, "y": 0.8475983142852783, "z": -0.2325325757265091, "vis": 0.9994460940361023}, "10": {"x": 0.15754283964633942, "y": 0.8524370193481445, "z": -0.23589111864566803, "vis": 0.9992966651916504}, "11": {"x": 0.09635435789823532, "y": 0.7331519722938538, "z": -0.1217188835144043, "vis": 0.9995380640029907}, "12": {"x": 0.21779769659042358, "y": 0.8224351406097412, "z": -0.11205799132585526, "vis": 0.9987601041793823}, "13": {"x": 0.11165902018547058, "y": 0.5396836996078491, "z": -0.10424923151731491, "vis": 0.5963140726089478}, "14": {"x": 0.2489316612482071, "y": 0.8013330698013306, "z": -0.1966632753610611, "vis": 0.746265172958374}, "15": {"x": 0.1221112459897995, "y": 0.41609811782836914, "z": -0.1527741551399231, "vis": 0.5036435723304749}, "16": {"x": 0.18294113874435425, "y": 0.9557143449783325, "z": -0.30526793003082275, "vis": 0.8656498789787292}, "17": {"x": 0.11864586174488068, "y": 0.37324172258377075, "z": -0.16909901797771454, "vis": 0.46726101636886597}, "18": {"x": 0.17587417364120483, "y": 0.9660869836807251, "z": -0.3360816538333893, "vis": 0.802520215511322}, "19": {"x": 0.1224125474691391, "y": 0.39290302991867065, "z": -0.1862039417028427, "vis": 0.4874918758869171}, "20": {"x": 0.1627386212348938, "y": 0.9532711505889893, "z": -0.3242926299571991, "vis": 0.8020185828208923}, "21": {"x": 0.12730947136878967, "y": 0.4083784818649292, "z": -0.16186559200286865, "vis": 0.5369627475738525}, "22": {"x": 0.1616729199886322, "y": 0.9414457082748413, "z": -0.3054206669330597, "vis": 0.7873366475105286}, "23": {"x": 0.19125066697597504, "y": 0.37557023763656616, "z": -0.008792703039944172, "vis": 0.9976121187210083}, "24": {"x": 0.24762621521949768, "y": 0.41549134254455566, "z": 0.008591840043663979, "vis": 0.9975109100341797}, "25": {"x": 0.1575535237789154, "y": 0.24529792368412018, "z": 0.13570472598075867, "vis": 0.4807027280330658}, "26": {"x": 0.21621017158031464, "y": 0.2756372094154358, "z": 0.1470157355070114, "vis": 0.5407959222793579}, "27": {"x": 0.1979638934135437, "y": 0.1098291277885437, "z": 0.29896280169487, "vis": 0.4435420036315918}, "28": {"x": 0.21047848463058472, "y": 0.0844639241695404, "z": 0.3025970757007599, "vis": 0.4776097536087036}, "29": {"x": 0.20218700170516968, "y": 0.09932416677474976, "z": 0.3137146830558777, "vis": 0.45630306005477905}, "30": {"x": 0.20551645755767822, "y": 0.058825552463531494, "z": 0.3190469443798065, "vis": 0.5283165574073792}, "31": {"x": 0.21234650909900665, "y": 0.007942914962768555, "z": 0.26972052454948425, "vis": 0.38181671500205994}, "32": {"x": 0.2321934998035431, "y": -0.010443836450576782, "z": 0.2859748303890228, "vis": 0.4536227583885193}, "meta": {"r_elbow_deg": 32.72688636504678, "r_knee_deg": 169.0568647441399, "trunk_deg": 58.53371353295482, "bat_tilt_deg": 175.169658454168, "x_factor_deg": 4.399575661108429, "shot_type": "Cut/Pull"}}