{"0": {"x": 0.20041882991790771, "y": 0.8791648745536804, "z": -0.5455955266952515, "vis": 0.9999750852584839}, "1": {"x": 0.18244951963424683, "y": 0.8985341191291809, "z": -0.5467345714569092, "vis": 0.9999232292175293}, "2": {"x": 0.17347392439842224, "y": 0.8914906978607178, "z": -0.5465999245643616, "vis": 0.9999065399169922}, "3": {"x": 0.1640612781047821, "y": 0.8840847611427307, "z": -0.546622633934021, "vis": 0.999886155128479}, "4": {"x": 0.19929184019565582, "y": 0.9123238921165466, "z": -0.5367924571037292, "vis": 0.9999399185180664}, "5": {"x": 0.20328429341316223, "y": 0.9149538278579712, "z": -0.5368443727493286, "vis": 0.9999347925186157}, "6": {"x": 0.20793192088603973, "y": 0.9179787635803223, "z": -0.5368346571922302, "vis": 0.9999344348907471}, "7": {"x": 0.14494532346725464, "y": 0.8517134189605713, "z": -0.478738397359848, "vis": 0.9997580647468567}, "8": {"x": 0.20971952378749847, "y": 0.9009448289871216, "z": -0.4357498288154602, "vis": 0.9999256134033203}, "9": {"x": 0.18897466361522675, "y": 0.8131418824195862, "z": -0.5144658088684082, "vis": 0.9999135732650757}, "10": {"x": 0.21300756931304932, "y": 0.8433002233505249, "z": -0.5009849667549133, "vis": 0.99994957447052}, "11": {"x": 0.12249205261468887, "y": 0.6722520589828491, "z": -0.3686826229095459, "vis": 0.9994619488716125}, "12": {"x": 0.2654666602611542, "y": 0.7826104760169983, "z": -0.35109400749206543, "vis": 0.999915599822998}, "13": {"x": 0.13185957074165344, "y": 0.47194039821624756, "z": -0.28713223338127136, "vis": 0.909653902053833}, "14": {"x": 0.31924402713775635, "y": 0.5535497069358826, "z": -0.29196813702583313, "vis": 0.9652504920959473}, "15": {"x": 0.1413620561361313, "y": 0.3537483513355255, "z": -0.32883352041244507, "vis": 0.8252260088920593}, "16": {"x": 0.3252687156200409, "y": 0.31968846917152405, "z": -0.33325859904289246, "vis": 0.9597451090812683}, "17": {"x": 0.1345321536064148, "y": 0.3015882074832916, "z": -0.35705843567848206, "vis": 0.7845953106880188}, "18": {"x": 0.34124961495399475, "y": 0.25082701444625854, "z": -0.36458203196525574, "vis": 0.9261958599090576}, "19": {"x": 0.14346155524253845, "y": 0.32174205780029297, "z": -0.38875851035118103, "vis": 0.8100532293319702}, "20": {"x": 0.317909836769104, "y": 0.24168181419372559, "z": -0.38239967823028564, "vis": 0.9323170185089111}, "21": {"x": 0.15248197317123413, "y": 0.34148600697517395, "z": -0.3427589535713196, "vis": 0.8307050466537476}, "22": {"x": 0.30440178513526917, "y": 0.2587912678718567, "z": -0.3409934937953949, "vis": 0.9442805647850037}, "23": {"x": 0.19332201778888702, "y": 0.40799909830093384, "z": -0.00946671050041914, "vis": 0.9989416003227234}, "24": {"x": 0.2713581919670105, "y": 0.47155895829200745, "z": 0.009488314390182495, "vis": 0.9990593791007996}, "25": {"x": 0.15467922389507294, "y": 0.291853129863739, "z": -0.14367632567882538, "vis": 0.772720992565155}, "26": {"x": 0.3553087115287781, "y": 0.41063687205314636, "z": -0.0550105981528759, "vis": 0.6933367848396301}, "27": {"x": 0.25869637727737427, "y": 0.23414196074008942, "z": 0.11439326405525208, "vis": 0.5734097957611084}, "28": {"x": 0.34350162744522095, "y": 0.270588219165802, "z": 0.1765231490135193, "vis": 0.5934439897537231}, "29": {"x": 0.2784702777862549, "y": 0.22855781018733978, "z": 0.13853436708450317, "vis": 0.6256034970283508}, "30": {"x": 0.32800590991973877, "y": 0.2344697266817093, "z": 0.1971181333065033, "vis": 0.6197828054428101}, "31": {"x": 0.27976447343826294, "y": 0.1462334841489792, "z": 0.12204039841890335, "vis": 0.46463748812675476}, "32": {"x": 0.398855060338974, "y": 0.20221717655658722, "z": 0.17660412192344666, "vis": 0.47514742612838745}}