{"0": {"x": 0.4790990650653839, "y": 0.782787024974823, "z": 0.10330336540937424, "vis": 0.7470660209655762}, "1": {"x": 0.48030969500541687, "y": 0.7871715426445007, "z": 0.09964988380670547, "vis": 0.7892130017280579}, "2": {"x": 0.4812348783016205, "y": 0.7885106801986694, "z": 0.09963446110486984, "vis": 0.7786027789115906}, "3": {"x": 0.482164204120636, "y": 0.7898080945014954, "z": 0.09961991012096405, "vis": 0.7580066323280334}, "4": {"x": 0.47837018966674805, "y": 0.784250795841217, "z": 0.09619404375553131, "vis": 0.7954100966453552}, "5": {"x": 0.4777710437774658, "y": 0.783466637134552, "z": 0.09619320183992386, "vis": 0.7658085823059082}, "6": {"x": 0.47715073823928833, "y": 0.7826414108276367, "z": 0.09614841639995575, "vis": 0.7431557774543762}, "7": {"x": 0.4850573241710663, "y": 0.7921819090843201, "z": 0.08102044463157654, "vis": 0.7449873089790344}, "8": {"x": 0.4780966341495514, "y": 0.7818578481674194, "z": 0.06629342585802078, "vis": 0.7133850455284119}, "9": {"x": 0.48115313053131104, "y": 0.7836020588874817, "z": 0.097794309258461, "vis": 0.7846949100494385}, "10": {"x": 0.4790312349796295, "y": 0.7806988954544067, "z": 0.09354859590530396, "vis": 0.7728911638259888}, "11": {"x": 0.49683716893196106, "y": 0.7927709221839905, "z": 0.05339884012937546, "vis": 0.9996347427368164}, "12": {"x": 0.4756791591644287, "y": 0.7695274949073792, "z": 0.03913379833102226, "vis": 0.9997624754905701}, "13": {"x": 0.5031753182411194, "y": 0.7778112888336182, "z": 0.02710547111928463, "vis": 0.3273824155330658}, "14": {"x": 0.47291842103004456, "y": 0.7519583702087402, "z": 0.0022628414444625378, "vis": 0.10362975299358368}, "15": {"x": 0.4950594902038574, "y": 0.7685738801956177, "z": -0.014790356159210205, "vis": 0.15724608302116394}, "16": {"x": 0.48337432742118835, "y": 0.7547823190689087, "z": -0.04276520013809204, "vis": 0.0780646800994873}, "17": {"x": 0.4938068985939026, "y": 0.7697900533676147, "z": -0.025492876768112183, "vis": 0.17302675545215607}, "18": {"x": 0.48538509011268616, "y": 0.7565885186195374, "z": -0.051768116652965546, "vis": 0.07552016526460648}, "19": {"x": 0.49189504981040955, "y": 0.7686926126480103, "z": -0.021031074225902557, "vis": 0.18616987764835358}, "20": {"x": 0.48786479234695435, "y": 0.7591073513031006, "z": -0.04813486337661743, "vis": 0.07176550477743149}, "21": {"x": 0.491569846868515, "y": 0.7679392695426941, "z": -0.01454257033765316, "vis": 0.16331449151039124}, "22": {"x": 0.4877350628376007, "y": 0.7595487236976624, "z": -0.042675673961639404, "vis": 0.08250020444393158}, "23": {"x": 0.503865122795105, "y": 0.7367498874664307, "z": 0.006331652402877808, "vis": 0.999998927116394}, "24": {"x": 0.4876234531402588, "y": 0.724716305732727, "z": -0.006615255028009415, "vis": 0.9999985694885254}, "25": {"x": 0.49365195631980896, "y": 0.7326956987380981, "z": 0.1180238351225853, "vis": 0.0359877310693264}, "26": {"x": 0.47870105504989624, "y": 0.7178899049758911, "z": 0.09916943311691284, "vis": 0.03424977883696556}, "27": {"x": 0.48734357953071594, "y": 0.6951077580451965, "z": 0.11515140533447266, "vis": 0.4222520589828491}, "28": {"x": 0.4814293682575226, "y": 0.6867204308509827, "z": 0.10770159214735031, "vis": 0.2404790073633194}, "29": {"x": 0.4866589903831482, "y": 0.6888066530227661, "z": 0.11504460871219635, "vis": 0.7801396250724792}, "30": {"x": 0.48327380418777466, "y": 0.6817681193351746, "z": 0.10869928449392319, "vis": 0.6547132730484009}, "31": {"x": 0.48437899351119995, "y": 0.6878758668899536, "z": 0.1162024587392807, "vis": 0.3773471713066101}, "32": {"x": 0.48283106088638306, "y": 0.6822500228881836, "z": 0.10895692557096481, "vis": 0.19548772275447845}, "meta": {"r_elbow_deg": 65.95586809406724, "r_knee_deg": 122.41665230708719, "trunk_deg": 116.05779797437496, "bat_tilt_deg": 45.77346693444525, "x_factor_deg": 10.528505154296184, "shot_type": "Other"}}