{"0": {"x": 0.5334717631340027, "y": 0.8193734884262085, "z": -0.0006360047846101224, "vis": 0.8360753059387207}, "1": {"x": 0.5337944030761719, "y": 0.8276695609092712, "z": -0.01302941795438528, "vis": 0.8576139807701111}, "2": {"x": 0.534471869468689, "y": 0.8283659815788269, "z": -0.01305643655359745, "vis": 0.8796466588973999}, "3": {"x": 0.5351270437240601, "y": 0.8289914131164551, "z": -0.013071784749627113, "vis": 0.8468614220619202}, "4": {"x": 0.5315295457839966, "y": 0.8257312178611755, "z": -0.011786922812461853, "vis": 0.8805418014526367}, "5": {"x": 0.5307899713516235, "y": 0.8251609802246094, "z": -0.011803720146417618, "vis": 0.8976116180419922}, "6": {"x": 0.5300306081771851, "y": 0.8246040344238281, "z": -0.01188578363507986, "vis": 0.8627116680145264}, "7": {"x": 0.5363454818725586, "y": 0.8274537920951843, "z": -0.04816530644893646, "vis": 0.8640105724334717}, "8": {"x": 0.5289844274520874, "y": 0.8208491206169128, "z": -0.04227873310446739, "vis": 0.9391868114471436}, "9": {"x": 0.5349732637405396, "y": 0.8143460154533386, "z": -0.009313857182860374, "vis": 0.8340133428573608}, "10": {"x": 0.5328505039215088, "y": 0.812555193901062, "z": -0.00778118846938014, "vis": 0.8722584247589111}, "11": {"x": 0.5417212843894958, "y": 0.811470627784729, "z": -0.046292271465063095, "vis": 0.9994916915893555}, "12": {"x": 0.5203590989112854, "y": 0.7852281332015991, "z": -0.040323756635189056, "vis": 0.999339759349823}, "13": {"x": 0.5459397435188293, "y": 0.8243211507797241, "z": -0.01937888190150261, "vis": 0.26557862758636475}, "14": {"x": 0.518564760684967, "y": 0.7463447451591492, "z": 0.01307741366326809, "vis": 0.37006571888923645}, "15": {"x": 0.5478817820549011, "y": 0.8648018836975098, "z": 0.006145790219306946, "vis": 0.8426290154457092}, "16": {"x": 0.5132503509521484, "y": 0.7482971549034119, "z": 0.08301448076963425, "vis": 0.1978994607925415}, "17": {"x": 0.5493456125259399, "y": 0.873646080493927, "z": 0.005220871884375811, "vis": 0.8820295333862305}, "18": {"x": 0.5103026032447815, "y": 0.7465384602546692, "z": 0.09113579988479614, "vis": 0.2412957400083542}, "19": {"x": 0.5474748611450195, "y": 0.877491295337677, "z": 0.003355755005031824, "vis": 0.8832147121429443}, "20": {"x": 0.5107131600379944, "y": 0.7523016333580017, "z": 0.08834157139062881, "vis": 0.23079480230808258}, "21": {"x": 0.5465970039367676, "y": 0.8746601343154907, "z": 0.006448748987168074, "vis": 0.8079044222831726}, "22": {"x": 0.5126789212226868, "y": 0.7529979944229126, "z": 0.08432023227214813, "vis": 0.22709758579730988}, "23": {"x": 0.5539893507957458, "y": 0.6894193291664124, "z": -0.0012419174890965223, "vis": 0.999995231628418}, "24": {"x": 0.5394248962402344, "y": 0.6787598729133606, "z": 0.0009075154666788876, "vis": 0.9999911785125732}, "25": {"x": 0.5602165460586548, "y": 0.642707347869873, "z": 0.1322018802165985, "vis": 0.7191519737243652}, "26": {"x": 0.5361183285713196, "y": 0.6591143608093262, "z": 0.1258486956357956, "vis": 0.5203014612197876}, "27": {"x": 0.5491952896118164, "y": 0.634789228439331, "z": 0.18790438771247864, "vis": 0.7117399573326111}, "28": {"x": 0.5398333668708801, "y": 0.6379530429840088, "z": 0.17948003113269806, "vis": 0.5143823027610779}, "29": {"x": 0.5463250875473022, "y": 0.6355273723602295, "z": 0.19620458781719208, "vis": 0.8347464799880981}, "30": {"x": 0.5412328839302063, "y": 0.636985182762146, "z": 0.18773943185806274, "vis": 0.6975210309028625}, "31": {"x": 0.5437209010124207, "y": 0.6263109445571899, "z": 0.213499516248703, "vis": 0.6175771355628967}, "32": {"x": 0.541840136051178, "y": 0.6238621473312378, "z": 0.20774325728416443, "vis": 0.36794400215148926}, "meta": {"r_elbow_deg": 72.46979359654078, "r_knee_deg": 160.48873884650897, "trunk_deg": 128.95639017095246, "bat_tilt_deg": 9.314866327818777, "x_factor_deg": 13.7837965250447, "shot_type": "Drive"}}