{"0": {"x": 0.4854276478290558, "y": 0.3850272595882416, "z": -0.6563141942024231, "vis": 0.9999864101409912}, "1": {"x": 0.5055379867553711, "y": 0.3232705593109131, "z": -0.632656991481781, "vis": 0.9999759197235107}, "2": {"x": 0.5192075967788696, "y": 0.3252159357070923, "z": -0.6326440572738647, "vis": 0.9999738931655884}, "3": {"x": 0.5309322476387024, "y": 0.3267638683319092, "z": -0.6327610015869141, "vis": 0.9999721050262451}, "4": {"x": 0.46973755955696106, "y": 0.3223456144332886, "z": -0.6188690662384033, "vis": 0.9999760389328003}, "5": {"x": 0.4604731798171997, "y": 0.3237508535385132, "z": -0.6184535622596741, "vis": 0.9999724626541138}, "6": {"x": 0.45261624455451965, "y": 0.3264648914337158, "z": -0.6185542941093445, "vis": 0.9999687671661377}, "7": {"x": 0.5562410354614258, "y": 0.3537391424179077, "z": -0.4060823917388916, "vis": 0.9999740123748779}, "8": {"x": 0.45372989773750305, "y": 0.3583106994628906, "z": -0.3266555666923523, "vis": 0.9999691247940063}, "9": {"x": 0.5126100182533264, "y": 0.4440198540687561, "z": -0.5686538815498352, "vis": 0.9999936819076538}, "10": {"x": 0.46866992115974426, "y": 0.44523510336875916, "z": -0.5454667210578918, "vis": 0.9999915361404419}, "11": {"x": 0.6592267155647278, "y": 0.6463246941566467, "z": -0.2473527193069458, "vis": 0.9998492002487183}, "12": {"x": 0.40446847677230835, "y": 0.6860399842262268, "z": -0.16877932846546173, "vis": 0.9998308420181274}, "13": {"x": 0.7521316409111023, "y": 0.9720686078071594, "z": -0.21174976229667664, "vis": 0.7076659202575684}, "14": {"x": 0.361744225025177, "y": 0.9895288944244385, "z": -0.15972858667373657, "vis": 0.6743265986442566}, "15": {"x": 0.7720321416854858, "y": 1.25090491771698, "z": -0.4251265525817871, "vis": 0.19331838190555573}, "16": {"x": 0.3760034441947937, "y": 1.2915080785751343, "z": -0.5586695671081543, "vis": 0.1562919169664383}, "17": {"x": 0.7945848107337952, "y": 1.3307157754898071, "z": -0.49874114990234375, "vis": 0.16319698095321655}, "18": {"x": 0.365614116191864, "y": 1.388649582862854, "z": -0.6395760774612427, "vis": 0.13882987201213837}, "19": {"x": 0.7720692157745361, "y": 1.3221718072891235, "z": -0.5378679633140564, "vis": 0.25062429904937744}, "20": {"x": 0.3879918158054352, "y": 1.3698747158050537, "z": -0.7002624273300171, "vis": 0.20597457885742188}, "21": {"x": 0.7573362588882446, "y": 1.288739562034607, "z": -0.45012223720550537, "vis": 0.23046933114528656}, "22": {"x": 0.3955826461315155, "y": 1.330290675163269, "z": -0.5949707627296448, "vis": 0.20012180507183075}, "23": {"x": 0.6343939304351807, "y": 1.381665825843811, "z": -0.08475123345851898, "vis": 0.0077241635881364346}, "24": {"x": 0.46804919838905334, "y": 1.3808115720748901, "z": 0.08760625123977661, "vis": 0.007650154642760754}, "25": {"x": 0.621326208114624, "y": 1.9515101909637451, "z": -0.10207714140415192, "vis": 0.005213622469455004}, "26": {"x": 0.46273088455200195, "y": 1.9737449884414673, "z": 0.30719876289367676, "vis": 0.0009558622259646654}, "27": {"x": 0.6158338785171509, "y": 2.4779887199401855, "z": 0.26608556509017944, "vis": 0.0013636929215863347}, "28": {"x": 0.46218666434288025, "y": 2.495577335357666, "z": 0.7165364623069763, "vis": 0.00011006143176928163}, "29": {"x": 0.6204559206962585, "y": 2.562722682952881, "z": 0.2816900610923767, "vis": 0.000717210816219449}, "30": {"x": 0.46401938796043396, "y": 2.5775504112243652, "z": 0.7461548447608948, "vis": 0.0004021440981887281}, "31": {"x": 0.5854496955871582, "y": 2.644428253173828, "z": -0.10457039624452591, "vis": 0.0006502352771349251}, "32": {"x": 0.47188669443130493, "y": 2.6638903617858887, "z": 0.3584131896495819, "vis": 0.00040809836355037987}, "meta": {"r_elbow_deg": 169.28327895405877, "r_knee_deg": 179.5458534071924, "trunk_deg": 90.70440455809377, "bat_tilt_deg": 14.582550653604956, "x_factor_deg": 6.795570610010367, "shot_type": "Other"}}